Filename,Process ID,n_reads,n_aligned,skipped_reads_low_rel,length,cov_min,cov_max,cov_avg,cov_med
BGSNL359-23_r_1.3_s_50_BGSNL359-23,BGSNL359-23,1793688,145,13,1533,0.0,16.0,6.414872798434442,6.0
BGSNL335-23_r_1.5_s_50_BGSNL335-23,BGSNL335-23,27621457,6025,75,1533,126.0,670.0,289.56360078277885,274.0
BGSNL356-23_r_1.5_s_100_BGSNL356-23,BGSNL356-23,1693354,114,312,1533,0.0,42.0,7.512720156555773,4.0
BGSNL297-23_r_1.5_s_100_BGSNL297-23,BGSNL297-23,9037041,2900,9,1533,81.0,318.0,200.5949119373777,206.0
BGSNL295-23_r_1.3_s_50_BGSNL295-23,BGSNL295-23,15412197,45627,286,1533,2382.0,4099.0,3189.8630136986303,3158.0
BGSNL300-23_r_1_s_50_BGSNL300-23,BGSNL300-23,5167523,2224,172,1533,81.0,200.0,130.0,125.0
BGSNL367-23_r_1_s_100_BGSNL367-23,BGSNL367-23,322637,15,19,1533,0.0,4.0,0.863013698630137,0.0
BGSNL311-23_r_1.3_s_100_BGSNL311-23,BGSNL311-23,7017611,517,4,1533,6.0,59.0,29.340508806262232,28.0
BGSNL288-23_r_1.3_s_100_BGSNL288-23,BGSNL288-23,4430762,425,47,1533,4.0,41.0,23.31115459882583,24.0
BGSNL293-23_r_1_s_50_BGSNL293-23,BGSNL293-23,5293599,1624,92,1533,51.0,150.0,84.46183953033268,82.0
BGSNL325-23_r_1.5_s_100_BGSNL325-23,BGSNL325-23,14934775,2366,315,1533,57.0,206.0,137.37377690802347,136.0
BGSNL357-23_r_1.5_s_100_BGSNL357-23,BGSNL357-23,684734,69,27,1533,0.0,14.0,4.156555772994129,4.0
BGSNL293-23_r_1.3_s_50_BGSNL293-23,BGSNL293-23,5293599,1586,92,1533,51.0,148.0,82.99608610567515,81.0
BGSNL357-23_r_1_s_50_BGSNL357-23,BGSNL357-23,684734,125,27,1533,0.0,20.0,6.232876712328767,5.0
BGSNL353-23_r_1_s_50_BGSNL353-23,BGSNL353-23,270619,78,14,1533,0.0,17.0,4.612524461839531,4.0
BGSNL296-23_r_1.3_s_100_BGSNL296-23,BGSNL296-23,12286687,3026,687,1533,69.0,338.0,205.26027397260273,202.0
BGSNL377-23_r_1.3_s_100_BGSNL377-23,BGSNL377-23,16172639,699,1,1542,0.0,127.0,38.58171206225681,30.0
BGSNL344-23_r_1.5_s_100_BGSNL344-23,BGSNL344-23,14530339,2786,564,1533,91.0,258.0,178.58904109589042,174.0
BGSNL329-23_r_1.3_s_100_BGSNL329-23,BGSNL329-23,8242195,1879,9,1533,52.0,204.0,133.35616438356163,131.0
BGSNL317-23_r_1_s_50_BGSNL317-23,BGSNL317-23,8470784,3580,2,1533,132.0,272.0,200.97651663405088,195.0
BGSNL369-23_r_1.3_s_50_BGSNL369-23,BGSNL369-23,151758,12,4,1533,0.0,4.0,0.6516634050880626,0.0
BGSNL368-23_r_1_s_50_BGSNL368-23,BGSNL368-23,7074866,555,3,1533,9.0,54.0,25.61252446183953,24.0
BGSNL334-23_r_1_s_100_BGSNL334-23,BGSNL334-23,6277265,369,2,1533,4.0,56.0,22.095890410958905,21.0
BGSNL332-23_r_1.3_s_100_BGSNL332-23,BGSNL332-23,1070546,282,36,1533,6.0,45.0,19.135029354207436,17.0
BGSNL375-23_r_1.3_s_50_BGSNL375-23,BGSNL375-23,17426757,1409,32,1542,2.0,183.0,60.507782101167315,53.0
BGSNL321-23_r_1_s_100_BGSNL321-23,BGSNL321-23,10128129,1221,109,1533,14.0,109.0,68.1917808219178,68.0
BGSNL359-23_r_1.3_s_100_BGSNL359-23,BGSNL359-23,1793688,74,13,1533,0.0,14.0,4.270058708414873,4.0
BGSNL346-23_r_1_s_100_BGSNL346-23,BGSNL346-23,7700344,742,111,1533,12.0,92.0,42.90802348336595,41.0
BGSNL333-23_r_1_s_100_BGSNL333-23,BGSNL333-23,1714522,360,14,1533,4.0,53.0,23.23679060665362,21.0
BGSNL338-23_r_1.3_s_100_BGSNL338-23,BGSNL338-23,12366182,415,11,1533,2.0,38.0,23.195694716242663,24.0
BGSNL351-23_r_1_s_50_BGSNL351-23,BGSNL351-23,278027,41,12,1533,0.0,8.0,1.6868884540117417,2.0
BGSNL327-23_r_1.5_s_50_BGSNL327-23,BGSNL327-23,6925249,595,76,1533,6.0,52.0,25.814090019569473,26.0
BGSNL330-23_r_1.5_s_100_BGSNL330-23,BGSNL330-23,18059273,3445,7,1533,62.0,401.0,183.2348336594912,178.0
BGSNL320-23_r_1_s_100_BGSNL320-23,BGSNL320-23,8681034,561,14,1533,4.0,61.0,30.23679060665362,28.0
BGSNL336-23_r_1_s_100_BGSNL336-23,BGSNL336-23,6036864,1031,293,1533,29.0,112.0,69.28571428571429,68.0
BGSNL347-23_r_1.3_s_50_BGSNL347-23,BGSNL347-23,8294240,4637,224,1533,245.0,409.0,318.4755381604697,315.0
BGSNL321-23_r_1.5_s_50_BGSNL321-23,BGSNL321-23,10128129,1968,109,1533,20.0,149.0,89.7436399217221,92.0
BGSNL348-23_r_1.3_s_50_BGSNL348-23,BGSNL348-23,8170242,3770,38,1533,152.0,321.0,219.26418786692759,215.0
BGSNL303-23_r_1_s_50_BGSNL303-23,BGSNL303-23,3767298,494,0,1533,2.0,62.0,18.94911937377691,17.0
BGSNL374-23_r_1.5_s_50_BGSNL374-23,BGSNL374-23,13686577,11392,557,1536,1.0,1215.0,737.65234375,704.0
BGSNL380-23_r_1.5_s_50_BGSNL380-23,BGSNL380-23,20095016,6505,1023,1542,0.0,600.0,483.81322957198444,478.0
BGSNL361-23_r_1_s_50_BGSNL361-23,BGSNL361-23,5185074,207,2,1533,0.0,28.0,7.64774951076321,6.0
BGSNL333-23_r_1.5_s_100_BGSNL333-23,BGSNL333-23,1714522,338,14,1533,4.0,51.0,21.39921722113503,19.0
BGSNL347-23_r_1.3_s_100_BGSNL347-23,BGSNL347-23,8294240,4006,224,1533,199.0,399.0,299.9354207436399,296.0
BGSNL322-23_r_1.3_s_50_BGSNL322-23,BGSNL322-23,22566626,964,1,1533,21.0,94.0,47.44227005870842,45.0
BGSNL316-23_r_1.5_s_50_BGSNL316-23,BGSNL316-23,13218991,2193,4,1533,58.0,184.0,104.69080234833659,101.0
BGSNL291-23_r_1_s_100_BGSNL291-23,BGSNL291-23,5001286,114,52,1533,0.0,13.0,6.686888454011742,7.0
BGSNL324-23_r_1.5_s_100_BGSNL324-23,BGSNL324-23,4834287,183,1,1533,0.0,22.0,10.833659491193737,10.0
BGSNL297-23_r_1_s_50_BGSNL297-23,BGSNL297-23,9037041,3739,9,1533,103.0,366.0,228.47358121330723,229.0
BGSNL302-23_r_1.3_s_50_BGSNL302-23,BGSNL302-23,7056972,294,45,1533,1.0,36.0,13.547945205479452,14.0
BGSNL320-23_r_1_s_50_BGSNL320-23,BGSNL320-23,8681034,932,14,1533,12.0,79.0,41.71819960861057,40.0
BGSNL290-23_r_1_s_100_BGSNL290-23,BGSNL290-23,6818168,187,205,1533,4.0,22.0,12.013698630136986,12.0
BGSNL324-23_r_1.3_s_100_BGSNL324-23,BGSNL324-23,4834287,189,1,1533,0.0,22.0,11.185909980430528,11.0
BGSNL371-23_r_1.5_s_50_BGSNL371-23,BGSNL371-23,23813774,18034,78,1536,1.0,1443.0,1053.181640625,1027.5
BGSNL323-23_r_1.3_s_100_BGSNL323-23,BGSNL323-23,14543693,2135,0,1533,52.0,208.0,121.55381604696673,120.0
BGSNL342-23_r_1.3_s_50_BGSNL342-23,BGSNL342-23,9073761,2805,0,1533,142.0,256.0,193.76125244618396,195.0
BGSNL356-23_r_1_s_100_BGSNL356-23,BGSNL356-23,1693354,427,312,1533,0.0,82.0,31.25440313111546,31.0
BGSNL299-23_r_1_s_100_BGSNL299-23,BGSNL299-23,3314032,537,98,1533,6.0,80.0,29.841487279843445,26.0
BGSNL302-23_r_1.5_s_50_BGSNL302-23,BGSNL302-23,7056972,276,45,1533,0.0,36.0,12.747553816046967,13.0
BGSNL309-23_r_1.5_s_100_BGSNL309-23,BGSNL309-23,22042112,6853,239,1533,174.0,611.0,385.43639921722115,372.0
BGSNL298-23_r_1_s_50_BGSNL298-23,BGSNL298-23,9908475,1086,105,1533,13.0,87.0,42.49315068493151,40.0
BGSNL298-23_r_1.3_s_50_BGSNL298-23,BGSNL298-23,9908475,1036,105,1533,13.0,83.0,40.79256360078278,39.0
BGSNL305-23_r_1.5_s_50_BGSNL305-23,BGSNL305-23,9244193,4313,76,1533,128.0,313.0,203.46966731898237,203.0
BGSNL344-23_r_1.5_s_50_BGSNL344-23,BGSNL344-23,14530339,3549,564,1533,137.0,313.0,201.16829745596868,195.0
BGSNL340-23_r_1.3_s_100_BGSNL340-23,BGSNL340-23,8551681,2620,27,1533,101.0,261.0,186.87671232876713,190.0
BGSNL341-23_r_1_s_100_BGSNL341-23,BGSNL341-23,7983730,2114,429,1533,68.0,246.0,141.26614481409,136.0
BGSNL290-23_r_1.3_s_50_BGSNL290-23,BGSNL290-23,6818168,331,205,1533,5.0,34.0,16.228962818003914,16.0
BGSNL367-23_r_1.3_s_100_BGSNL367-23,BGSNL367-23,322637,15,19,1533,0.0,4.0,0.863013698630137,0.0
BGSNL303-23_r_1.5_s_100_BGSNL303-23,BGSNL303-23,3767298,199,0,1533,0.0,28.0,9.996086105675147,9.0
BGSNL326-23_r_1.5_s_50_BGSNL326-23,BGSNL326-23,3923686,296,48,1533,0.0,28.0,12.510763209393346,13.0
BGSNL334-23_r_1.5_s_100_BGSNL334-23,BGSNL334-23,6277265,360,2,1533,4.0,56.0,21.489236790606654,20.0
BGSNL374-23_r_1.3_s_100_BGSNL374-23,BGSNL374-23,13686577,9899,557,1536,1.0,1077.0,705.9921875,699.0
BGSNL286-23_r_1_s_100_BGSNL286-23,BGSNL286-23,3552732,1009,32,1533,15.0,106.0,57.714285714285715,55.0
BGSNL356-23_r_1.3_s_50_BGSNL356-23,BGSNL356-23,1693354,285,312,1533,0.0,69.0,16.49706457925636,9.0
BGSNL306-23_r_1_s_50_BGSNL306-23,BGSNL306-23,15244772,4765,178,1533,141.0,307.0,215.587084148728,216.0
BGSNL357-23_r_1.5_s_50_BGSNL357-23,BGSNL357-23,684734,111,27,1533,0.0,20.0,5.397260273972603,4.0
BGSNL314-23_r_1_s_50_BGSNL314-23,BGSNL314-23,8351513,4904,287,1533,147.0,417.0,269.706457925636,266.0
BGSNL377-23_r_1.5_s_50_BGSNL377-23,BGSNL377-23,16172639,1267,1,1542,0.0,165.0,55.16147859922179,43.0
BGSNL378-23_r_1_s_100_BGSNL378-23,BGSNL378-23,20404737,7784,8,1542,0.0,749.0,620.1031128404669,626.0
BGSNL327-23_r_1.3_s_100_BGSNL327-23,BGSNL327-23,6925249,348,76,1533,4.0,39.0,18.401174168297455,18.0
BGSNL343-23_r_1.5_s_50_BGSNL343-23,BGSNL343-23,12882114,904,206,1533,13.0,69.0,41.53033268101761,40.0
BGSNL309-23_r_1.5_s_50_BGSNL309-23,BGSNL309-23,22042112,11289,239,1533,338.0,833.0,517.5518590998043,498.0
BGSNL339-23_r_1.3_s_50_BGSNL339-23,BGSNL339-23,989001,83,14,1533,0.0,18.0,3.340508806262231,3.0
BGSNL364-23_r_1.3_s_100_BGSNL364-23,BGSNL364-23,3820063,345,4,1533,0.0,57.0,20.099804305283758,18.0
BGSNL295-23_r_1_s_50_BGSNL295-23,BGSNL295-23,15412197,45891,286,1533,2388.0,4102.0,3201.003913894325,3166.0
BGSNL297-23_r_1.3_s_50_BGSNL297-23,BGSNL297-23,9037041,3626,9,1533,102.0,361.0,223.62818003913895,225.0
BGSNL319-23_r_1.3_s_100_BGSNL319-23,BGSNL319-23,6978020,538,7,1533,6.0,69.0,29.164383561643834,27.0
BGSNL305-23_r_1_s_100_BGSNL305-23,BGSNL305-23,9244193,2851,76,1533,63.0,237.0,161.4559686888454,160.0
BGSNL349-23_r_1_s_50_BGSNL349-23,BGSNL349-23,8808353,3087,2,1533,104.0,317.0,199.0665362035225,196.0
BGSNL368-23_r_1.3_s_100_BGSNL368-23,BGSNL368-23,7074866,329,3,1533,2.0,48.0,18.704500978473583,18.0
BGSNL332-23_r_1_s_50_BGSNL332-23,BGSNL332-23,1070546,374,36,1533,9.0,47.0,22.64187866927593,22.0
BGSNL303-23_r_1_s_100_BGSNL303-23,BGSNL303-23,3767298,209,0,1533,0.0,32.0,10.634050880626223,10.0
BGSNL342-23_r_1_s_100_BGSNL342-23,BGSNL342-23,9073761,2401,0,1533,84.0,236.0,182.59099804305285,182.0
BGSNL375-23_r_1.5_s_100_BGSNL375-23,BGSNL375-23,17426757,728,32,1542,0.0,124.0,39.3307392996109,32.0
BGSNL295-23_r_1.5_s_50_BGSNL295-23,BGSNL295-23,15412197,45173,286,1533,2375.0,4083.0,3166.9021526418787,3144.0
BGSNL313-23_r_1_s_100_BGSNL313-23,BGSNL313-23,3514116,539,3,1533,6.0,64.0,28.377690802348337,26.0
BGSNL292-23_r_1.5_s_50_BGSNL292-23,BGSNL292-23,8577599,3381,0,1533,101.0,244.0,179.51076320939336,179.0
BGSNL300-23_r_1.5_s_50_BGSNL300-23,BGSNL300-23,5167523,2129,172,1533,79.0,195.0,126.65362035225048,120.0
BGSNL341-23_r_1_s_50_BGSNL341-23,BGSNL341-23,7983730,2798,429,1533,76.0,291.0,162.12133072407045,158.0
BGSNL351-23_r_1.3_s_50_BGSNL351-23,BGSNL351-23,278027,39,12,1533,0.0,8.0,1.62426614481409,2.0
BGE00294-NC_r_1_s_50_BGE00294-NC,BGE00294-NC,508904,134,14,1539,0.0,18.0,8.265107212475634,9.0
BGSNL324-23_r_1_s_50_BGSNL324-23,BGSNL324-23,4834287,325,1,1533,4.0,35.0,15.28375733855186,15.0
BGSNL320-23_r_1.5_s_100_BGSNL320-23,BGSNL320-23,8681034,549,14,1533,4.0,61.0,29.545988258317024,28.0
BGSNL294-23_r_1.5_s_50_BGSNL294-23,BGSNL294-23,1215259,637,61,1533,8.0,55.0,30.921722113502934,30.0
BGSNL370-23_r_1_s_50_BGSNL370-23,BGSNL370-23,5618997,1686,0,1533,18.0,131.0,72.28962818003914,71.0
BGSNL289-23_r_1.5_s_100_BGSNL289-23,BGSNL289-23,5471888,210,0,1533,2.0,30.0,12.632093933463796,12.0
BGSNL336-23_r_1.5_s_50_BGSNL336-23,BGSNL336-23,6036864,1254,293,1533,46.0,127.0,75.43444227005871,71.0
BGE00294-NC_r_1.5_s_100_BGE00294-NC,BGE00294-NC,508904,75,14,1539,0.0,15.0,5.153996101364522,5.0
BGE00294-NC_r_1_s_100_BGE00294-NC,BGE00294-NC,508904,104,14,1539,0.0,18.0,7.321637426900585,8.0
BGSNL301-23_r_1.3_s_100_BGSNL301-23,BGSNL301-23,9456580,294,0,1533,2.0,36.0,16.23679060665362,16.0
BGSNL298-23_r_1.3_s_100_BGSNL298-23,BGSNL298-23,9908475,494,105,1533,6.0,48.0,24.532289628180038,24.0
BGSNL330-23_r_1.3_s_100_BGSNL330-23,BGSNL330-23,18059273,3562,7,1533,62.0,403.0,189.89236790606654,187.0
BGSNL369-23_r_1_s_100_BGSNL369-23,BGSNL369-23,151758,8,4,1533,0.0,4.0,0.538160469667319,0.0
BGSNL371-23_r_1.5_s_100_BGSNL371-23,BGSNL371-23,23813774,14104,78,1536,0.0,1256.0,932.552734375,926.0
BGSNL348-23_r_1_s_50_BGSNL348-23,BGSNL348-23,8170242,3862,38,1533,153.0,323.0,222.59099804305285,219.0
BGSNL313-23_r_1.3_s_50_BGSNL313-23,BGSNL313-23,3514116,932,3,1533,14.0,80.0,40.25831702544031,40.0
BGSNL338-23_r_1.5_s_50_BGSNL338-23,BGSNL338-23,12366182,654,11,1533,8.0,54.0,30.07632093933464,30.0
BGSNL309-23_r_1.3_s_100_BGSNL309-23,BGSNL309-23,22042112,6891,239,1533,174.0,615.0,387.7260273972603,375.0
BGSNL299-23_r_1_s_50_BGSNL299-23,BGSNL299-23,3314032,903,98,1533,8.0,108.0,40.48727984344423,38.0
BGSNL372-23_r_1_s_100_BGSNL372-23,BGSNL372-23,8220016,2667,13,1536,0.0,260.0,188.818359375,186.0
BGSNL316-23_r_1.3_s_100_BGSNL316-23,BGSNL316-23,13218991,1407,4,1533,38.0,136.0,81.94716242661448,78.0
BGSNL357-23_r_1.3_s_100_BGSNL357-23,BGSNL357-23,684734,72,27,1533,0.0,14.0,4.446183953033268,4.0
BGSNL296-23_r_1.5_s_100_BGSNL296-23,BGSNL296-23,12286687,2996,687,1533,69.0,332.0,203.28962818003913,199.0
BGSNL296-23_r_1.3_s_50_BGSNL296-23,BGSNL296-23,12286687,3803,687,1533,99.0,380.0,227.74755381604697,218.0
BGSNL315-23_r_1_s_50_BGSNL315-23,BGSNL315-23,7195368,3107,125,1533,77.0,247.0,158.17416829745596,155.0
BGSNL362-23_r_1_s_100_BGSNL362-23,BGSNL362-23,7115975,2141,56,1533,48.0,210.0,124.47945205479452,120.0
BGSNL341-23_r_1.5_s_50_BGSNL341-23,BGSNL341-23,7983730,2607,429,1533,76.0,286.0,154.72602739726028,148.0
BGSNL330-23_r_1_s_50_BGSNL330-23,BGSNL330-23,18059273,7188,7,1533,87.0,559.0,301.63600782778866,295.0
BGSNL358-23_r_1_s_50_BGSNL358-23,BGSNL358-23,2701101,345,64,1533,3.0,29.0,13.136986301369863,12.0
BGSNL311-23_r_1_s_50_BGSNL311-23,BGSNL311-23,7017611,877,4,1533,14.0,69.0,40.534246575342465,40.0
BGSNL358-23_r_1_s_100_BGSNL358-23,BGSNL358-23,2701101,134,64,1533,0.0,16.0,6.761252446183953,6.0
BGSNL358-23_r_1.3_s_100_BGSNL358-23,BGSNL358-23,2701101,134,64,1533,0.0,16.0,6.761252446183953,6.0
BGSNL366-23_r_1_s_50_BGSNL366-23,BGSNL366-23,1209777,403,15,1533,0.0,42.0,18.211350293542075,16.0
BGSNL307-23_r_1_s_100_BGSNL307-23,BGSNL307-23,5818620,220,4,1533,2.0,24.0,12.32876712328767,12.0
BGSNL353-23_r_1.5_s_100_BGSNL353-23,BGSNL353-23,270619,52,14,1533,0.0,13.0,3.334637964774951,2.0
BGSNL378-23_r_1.5_s_50_BGSNL378-23,BGSNL378-23,20404737,8500,8,1542,0.0,756.0,636.1984435797665,638.0
BGSNL352-23_r_1.3_s_100_BGSNL352-23,BGSNL352-23,228277,45,16,1533,0.0,15.0,2.755381604696673,2.0
BGSNL336-23_r_1.3_s_50_BGSNL336-23,BGSNL336-23,6036864,1296,293,1533,46.0,127.0,76.98825831702544,75.0
BGSNL287-23_r_1.5_s_100_BGSNL287-23,BGSNL287-23,5295223,1234,153,1533,35.0,136.0,75.706457925636,72.0
BGSNL370-23_r_1.5_s_50_BGSNL370-23,BGSNL370-23,5618997,1589,0,1533,12.0,128.0,68.54207436399217,67.0
BGE00294-NC_r_1.5_s_50_BGE00294-NC,BGE00294-NC,508904,96,14,1539,0.0,17.0,5.777777777777778,5.0
BGSNL290-23_r_1.5_s_50_BGSNL290-23,BGSNL290-23,6818168,313,205,1533,5.0,34.0,15.669275929549903,15.0
BGSNL312-23_r_1.3_s_50_BGSNL312-23,BGSNL312-23,909929,164,14,1533,0.0,16.0,6.405088062622309,6.0
BGSNL362-23_r_1_s_50_BGSNL362-23,BGSNL362-23,7115975,3114,56,1533,93.0,241.0,154.2954990215264,150.0
BGSNL369-23_r_1.5_s_50_BGSNL369-23,BGSNL369-23,151758,12,4,1533,0.0,4.0,0.6516634050880626,0.0
BGSNL367-23_r_1.3_s_50_BGSNL367-23,BGSNL367-23,322637,34,19,1533,0.0,6.0,1.4168297455968688,2.0
BGSNL342-23_r_1_s_50_BGSNL342-23,BGSNL342-23,9073761,2896,0,1533,142.0,265.0,196.95694716242662,198.0
BGSNL307-23_r_1_s_50_BGSNL307-23,BGSNL307-23,5818620,480,4,1533,2.0,32.0,19.913894324853228,20.0
BGSNL326-23_r_1_s_50_BGSNL326-23,BGSNL326-23,3923686,340,48,1533,0.0,30.0,14.031311154598827,14.0
BGSNL332-23_r_1.5_s_100_BGSNL332-23,BGSNL332-23,1070546,268,36,1533,5.0,43.0,18.2426614481409,16.0
BGSNL337-23_r_1.5_s_100_BGSNL337-23,BGSNL337-23,8619826,134,203,1533,0.0,31.0,8.11545988258317,7.0
BGSNL334-23_r_1.5_s_50_BGSNL334-23,BGSNL334-23,6277265,556,2,1533,6.0,66.0,27.326810176125246,26.0
BGSNL368-23_r_1.5_s_100_BGSNL368-23,BGSNL368-23,7074866,329,3,1533,2.0,48.0,18.704500978473583,18.0
BGSNL326-23_r_1_s_100_BGSNL326-23,BGSNL326-23,3923686,164,48,1533,0.0,26.0,8.726027397260275,8.0
BGSNL345-23_r_1_s_50_BGSNL345-23,BGSNL345-23,13505788,2366,343,1533,73.0,210.0,122.87279843444227,120.0
BGSNL338-23_r_1.5_s_100_BGSNL338-23,BGSNL338-23,12366182,404,11,1533,2.0,38.0,22.52641878669276,23.0
BGSNL286-23_r_1.3_s_50_BGSNL286-23,BGSNL286-23,3552732,1594,32,1533,29.0,148.0,74.84735812133073,71.0
BGSNL326-23_r_1.5_s_100_BGSNL326-23,BGSNL326-23,3923686,160,48,1533,0.0,26.0,8.397260273972602,8.0
BGSNL348-23_r_1_s_100_BGSNL348-23,BGSNL348-23,8170242,3029,38,1533,97.0,301.0,196.81213307240705,197.0
BGSNL289-23_r_1.3_s_100_BGSNL289-23,BGSNL289-23,5471888,210,0,1533,2.0,30.0,12.632093933463796,12.0
BGSNL377-23_r_1.3_s_50_BGSNL377-23,BGSNL377-23,16172639,1343,1,1542,0.0,167.0,57.87743190661479,45.0
BGSNL310-23_r_1_s_50_BGSNL310-23,BGSNL310-23,4782904,1323,2,1533,28.0,142.0,75.68297455968688,73.0
BGSNL308-23_r_1.3_s_100_BGSNL308-23,BGSNL308-23,7016387,630,45,1533,8.0,59.0,35.05675146771037,34.0
BGSNL302-23_r_1_s_50_BGSNL302-23,BGSNL302-23,7056972,343,45,1533,1.0,36.0,15.2133072407045,15.0
BGSNL325-23_r_1_s_50_BGSNL325-23,BGSNL325-23,14934775,3491,315,1533,84.0,255.0,172.55577299412917,168.0
BGSNL335-23_r_1_s_50_BGSNL335-23,BGSNL335-23,27621457,6384,75,1533,136.0,680.0,302.6477495107632,290.0
BGSNL340-23_r_1_s_50_BGSNL340-23,BGSNL340-23,8551681,3171,27,1533,124.0,280.0,203.26027397260273,207.0
BGSNL368-23_r_1_s_100_BGSNL368-23,BGSNL368-23,7074866,331,3,1533,2.0,48.0,18.900195694716242,18.0
BGSNL304-23_r_1.3_s_50_BGSNL304-23,BGSNL304-23,6448670,3560,32,1533,108.0,263.0,166.70058708414874,159.0
BGSNL310-23_r_1.5_s_50_BGSNL310-23,BGSNL310-23,4782904,1260,2,1533,26.0,138.0,73.31311154598826,71.0
BGSNL304-23_r_1.5_s_50_BGSNL304-23,BGSNL304-23,6448670,3499,32,1533,106.0,263.0,164.2426614481409,157.0
BGSNL289-23_r_1.5_s_50_BGSNL289-23,BGSNL289-23,5471888,325,0,1533,4.0,34.0,16.080234833659492,15.0
BGSNL303-23_r_1.3_s_50_BGSNL303-23,BGSNL303-23,3767298,473,0,1533,2.0,62.0,18.01174168297456,16.0
BGSNL318-23_r_1.5_s_50_BGSNL318-23,BGSNL318-23,10857451,2184,155,1533,55.0,176.0,106.81017612524462,104.0
BGSNL312-23_r_1_s_100_BGSNL312-23,BGSNL312-23,909929,72,14,1533,0.0,12.0,3.908023483365949,4.0
BGSNL340-23_r_1.3_s_50_BGSNL340-23,BGSNL340-23,8551681,3080,27,1533,124.0,277.0,200.26614481409,204.0
BGSNL337-23_r_1_s_100_BGSNL337-23,BGSNL337-23,8619826,144,203,1533,0.0,31.0,8.726027397260275,8.0
BGSNL327-23_r_1_s_100_BGSNL327-23,BGSNL327-23,6925249,355,76,1533,4.0,39.0,18.937377690802347,18.0
BGSNL365-23_r_1.5_s_100_BGSNL365-23,BGSNL365-23,4487972,235,13,1533,2.0,31.0,12.434442270058709,12.0
BGSNL294-23_r_1.3_s_50_BGSNL294-23,BGSNL294-23,1215259,665,61,1533,8.0,63.0,32.262230919765166,32.0
BGSNL370-23_r_1_s_100_BGSNL370-23,BGSNL370-23,5618997,878,0,1533,10.0,90.0,47.714285714285715,48.0
BGSNL299-23_r_1.5_s_100_BGSNL299-23,BGSNL299-23,3314032,517,98,1533,6.0,80.0,28.36986301369863,25.0
BGSNL297-23_r_1.5_s_50_BGSNL297-23,BGSNL297-23,9037041,3527,9,1533,99.0,357.0,219.1545988258317,220.0
BGSNL288-23_r_1.3_s_50_BGSNL288-23,BGSNL288-23,4430762,689,47,1533,9.0,62.0,30.888454011741683,30.0
BGSNL380-23_r_1.3_s_100_BGSNL380-23,BGSNL380-23,20095016,5921,1023,1542,0.0,586.0,471.44357976653697,477.0
BGSNL331-23_r_1.3_s_100_BGSNL331-23,BGSNL331-23,1082169,106,8,1533,0.0,16.0,6.238747553816047,6.0
BGSNL315-23_r_1.5_s_50_BGSNL315-23,BGSNL315-23,7195368,2959,125,1533,76.0,239.0,152.37964774951075,150.0
BGSNL320-23_r_1.3_s_50_BGSNL320-23,BGSNL320-23,8681034,881,14,1533,11.0,77.0,40.0,38.0
BGSNL341-23_r_1.3_s_100_BGSNL341-23,BGSNL341-23,7983730,2110,429,1533,68.0,246.0,141.00391389432485,136.0
BGSNL307-23_r_1.3_s_100_BGSNL307-23,BGSNL307-23,5818620,220,4,1533,2.0,24.0,12.32876712328767,12.0
BGSNL330-23_r_1_s_100_BGSNL330-23,BGSNL330-23,18059273,3568,7,1533,62.0,404.0,190.34833659491193,188.0
BGSNL321-23_r_1_s_50_BGSNL321-23,BGSNL321-23,10128129,2161,109,1533,26.0,153.0,96.86497064579257,99.0
BGSNL305-23_r_1.3_s_50_BGSNL305-23,BGSNL305-23,9244193,4400,76,1533,129.0,321.0,206.89236790606654,205.0
BGSNL362-23_r_1.3_s_50_BGSNL362-23,BGSNL362-23,7115975,3077,56,1533,93.0,239.0,152.94520547945206,147.0
BGSNL363-23_r_1.5_s_100_BGSNL363-23,BGSNL363-23,2772667,154,55,1533,0.0,26.0,7.814090019569472,8.0
BGSNL351-23_r_1.3_s_100_BGSNL351-23,BGSNL351-23,278027,17,12,1533,0.0,4.0,0.9784735812133072,1.0
BGSNL316-23_r_1_s_100_BGSNL316-23,BGSNL316-23,13218991,1409,4,1533,38.0,136.0,82.06066536203522,79.0
BGSNL304-23_r_1_s_50_BGSNL304-23,BGSNL304-23,6448670,3587,32,1533,112.0,265.0,167.67123287671234,161.0
BGSNL335-23_r_1.3_s_50_BGSNL335-23,BGSNL335-23,27621457,6167,75,1533,126.0,677.0,295.3659491193738,279.0
BGSNL365-23_r_1_s_100_BGSNL365-23,BGSNL365-23,4487972,253,13,1533,2.0,36.0,13.84344422700587,14.0
BGSNL353-23_r_1.3_s_100_BGSNL353-23,BGSNL353-23,270619,53,14,1533,0.0,14.0,3.4305283757338554,2.0
BGSNL290-23_r_1.5_s_100_BGSNL290-23,BGSNL290-23,6818168,183,205,1533,3.0,22.0,11.696673189823874,12.0
BGSNL290-23_r_1.3_s_100_BGSNL290-23,BGSNL290-23,6818168,183,205,1533,3.0,22.0,11.696673189823874,12.0
BGSNL288-23_r_1_s_50_BGSNL288-23,BGSNL288-23,4430762,714,47,1533,9.0,62.0,31.97651663405088,32.0
BGSNL307-23_r_1.3_s_50_BGSNL307-23,BGSNL307-23,5818620,452,4,1533,2.0,30.0,19.025440313111545,19.0
BGSNL328-23_r_1.3_s_50_BGSNL328-23,BGSNL328-23,7944754,3918,194,1533,107.0,316.0,193.75342465753425,191.0
BGSNL380-23_r_1.3_s_50_BGSNL380-23,BGSNL380-23,20095016,6720,1023,1542,0.0,601.0,494.6575875486381,495.0
BGSNL286-23_r_1.3_s_100_BGSNL286-23,BGSNL286-23,3552732,1005,32,1533,15.0,106.0,57.385518590998046,55.0
BGSNL319-23_r_1_s_100_BGSNL319-23,BGSNL319-23,6978020,538,7,1533,6.0,69.0,29.164383561643834,27.0
BGSNL363-23_r_1.3_s_100_BGSNL363-23,BGSNL363-23,2772667,158,55,1533,0.0,28.0,8.009784735812133,8.0
BGSNL320-23_r_1.5_s_50_BGSNL320-23,BGSNL320-23,8681034,838,14,1533,9.0,77.0,38.37964774951077,37.0
BGSNL306-23_r_1.3_s_50_BGSNL306-23,BGSNL306-23,15244772,4676,178,1533,139.0,307.0,212.56947162426616,212.0
BGSNL350-23_r_1.5_s_100_BGSNL350-23,BGSNL350-23,438293,137,42,1533,0.0,44.0,7.1330724070450096,6.0
BGSNL372-23_r_1_s_50_BGSNL372-23,BGSNL372-23,8220016,3244,13,1536,0.0,276.0,206.640625,203.0
BGSNL294-23_r_1.5_s_100_BGSNL294-23,BGSNL294-23,1215259,434,61,1533,6.0,43.0,24.874755381604697,25.0
BGSNL305-23_r_1.5_s_100_BGSNL305-23,BGSNL305-23,9244193,2829,76,1533,63.0,234.0,159.99804305283757,158.0
BGSNL300-23_r_1_s_100_BGSNL300-23,BGSNL300-23,5167523,1724,172,1533,39.0,190.0,114.83561643835617,112.0
BGSNL379-23_r_1_s_50_BGSNL379-23,BGSNL379-23,19217678,7805,31,1542,5.0,707.0,556.0933852140078,553.0
BGSNL311-23_r_1.5_s_50_BGSNL311-23,BGSNL311-23,7017611,802,4,1533,12.0,69.0,38.11350293542074,36.0
BGSNL366-23_r_1.5_s_50_BGSNL366-23,BGSNL366-23,1209777,370,15,1533,0.0,36.0,16.998043052837573,16.0
BGSNL370-23_r_1.5_s_100_BGSNL370-23,BGSNL370-23,5618997,865,0,1533,10.0,89.0,46.776908023483365,47.0
BGSNL363-23_r_1.3_s_50_BGSNL363-23,BGSNL363-23,2772667,330,55,1533,0.0,35.0,13.082191780821917,13.0
BGSNL319-23_r_1_s_50_BGSNL319-23,BGSNL319-23,6978020,939,7,1533,14.0,106.0,41.06262230919765,37.0
BGSNL358-23_r_1.5_s_50_BGSNL358-23,BGSNL358-23,2701101,306,64,1533,2.0,28.0,11.810176125244618,12.0
BGSNL360-23_r_1.3_s_100_BGSNL360-23,BGSNL360-23,2100276,34,48,1533,0.0,10.0,1.6947162426614482,0.0
BGSNL356-23_r_1.5_s_50_BGSNL356-23,BGSNL356-23,1693354,174,312,1533,0.0,44.0,9.183953033268102,5.0
BGSNL292-23_r_1.3_s_100_BGSNL292-23,BGSNL292-23,8577599,2585,0,1533,58.0,228.0,156.5127201565558,156.0
BGSNL361-23_r_1.5_s_50_BGSNL361-23,BGSNL361-23,5185074,130,2,1533,0.0,20.0,5.048923679060666,4.0
BGSNL286-23_r_1.5_s_50_BGSNL286-23,BGSNL286-23,3552732,1548,32,1533,29.0,148.0,73.23679060665361,69.0
BGSNL304-23_r_1_s_100_BGSNL304-23,BGSNL304-23,6448670,2323,32,1533,64.0,204.0,129.46771037181995,125.0
BGSNL367-23_r_1.5_s_50_BGSNL367-23,BGSNL367-23,322637,33,19,1533,0.0,6.0,1.3209393346379648,2.0
BGE00294-NC_r_1.3_s_50_BGE00294-NC,BGE00294-NC,508904,129,14,1539,0.0,18.0,7.894736842105263,9.0
BGSNL359-23_r_1.5_s_50_BGSNL359-23,BGSNL359-23,1793688,139,13,1533,0.0,16.0,6.12133072407045,6.0
BGSNL373-23_r_1_s_50_BGSNL373-23,BGSNL373-23,13835310,11997,374,1536,5.0,1478.0,706.357421875,663.0
BGSNL351-23_r_1.5_s_100_BGSNL351-23,BGSNL351-23,278027,15,12,1533,0.0,4.0,0.8806262230919765,0.0
BGSNL332-23_r_1.5_s_50_BGSNL332-23,BGSNL332-23,1070546,327,36,1533,6.0,45.0,19.968688845401175,19.0
BGSNL341-23_r_1.3_s_50_BGSNL341-23,BGSNL341-23,7983730,2686,429,1533,76.0,286.0,158.26418786692759,154.0
BGSNL373-23_r_1.5_s_50_BGSNL373-23,BGSNL373-23,13835310,11324,374,1536,1.0,1467.0,672.3125,622.5
BGSNL361-23_r_1_s_100_BGSNL361-23,BGSNL361-23,5185074,64,2,1533,0.0,18.0,3.4951076320939336,2.0
BGSNL334-23_r_1.3_s_100_BGSNL334-23,BGSNL334-23,6277265,367,2,1533,4.0,56.0,21.93542074363992,20.0
BGSNL359-23_r_1_s_100_BGSNL359-23,BGSNL359-23,1793688,78,13,1533,0.0,14.0,4.585127201565558,4.0
BGSNL319-23_r_1.5_s_100_BGSNL319-23,BGSNL319-23,6978020,533,7,1533,6.0,69.0,28.931506849315067,27.0
BGSNL317-23_r_1.5_s_50_BGSNL317-23,BGSNL317-23,8470784,3410,2,1533,129.0,265.0,194.64187866927594,189.0
BGSNL377-23_r_1_s_50_BGSNL377-23,BGSNL377-23,16172639,1421,1,1542,0.0,167.0,60.505836575875485,48.0
BGSNL329-23_r_1_s_100_BGSNL329-23,BGSNL329-23,8242195,1886,9,1533,52.0,204.0,133.87866927592955,132.0
BGSNL343-23_r_1.3_s_100_BGSNL343-23,BGSNL343-23,12882114,551,206,1533,4.0,49.0,31.403131115459882,32.0
BGSNL295-23_r_1.3_s_100_BGSNL295-23,BGSNL295-23,15412197,40053,286,1533,1955.0,3867.0,3024.1272015655577,2980.0
BGSNL368-23_r_1.3_s_50_BGSNL368-23,BGSNL368-23,7074866,524,3,1533,8.0,54.0,24.47358121330724,22.0
BGSNL341-23_r_1.5_s_100_BGSNL341-23,BGSNL341-23,7983730,2078,429,1533,68.0,246.0,138.866927592955,134.0
BGSNL375-23_r_1_s_100_BGSNL375-23,BGSNL375-23,17426757,748,32,1542,0.0,124.0,40.778210116731515,34.0
BGSNL333-23_r_1_s_50_BGSNL333-23,BGSNL333-23,1714522,529,14,1533,6.0,59.0,28.56751467710372,28.0
BGSNL373-23_r_1_s_100_BGSNL373-23,BGSNL373-23,13835310,9205,374,1536,0.0,1235.0,620.625,605.0
BGSNL376-23_r_1.5_s_100_BGSNL376-23,BGSNL376-23,18182783,677,3,1542,0.0,72.0,35.262645914396884,32.0
BGSNL365-23_r_1.3_s_100_BGSNL365-23,BGSNL365-23,4487972,249,13,1533,2.0,33.0,13.481409001956948,13.0
BGSNL360-23_r_1.3_s_50_BGSNL360-23,BGSNL360-23,2100276,87,48,1533,0.0,12.0,3.1937377690802347,2.0
BGSNL378-23_r_1.3_s_100_BGSNL378-23,BGSNL378-23,20404737,7764,8,1542,0.0,749.0,618.6089494163424,624.0
BGSNL291-23_r_1.5_s_50_BGSNL291-23,BGSNL291-23,5001286,192,52,1533,0.0,24.0,8.604696673189824,8.0
BGSNL328-23_r_1.5_s_50_BGSNL328-23,BGSNL328-23,7944754,3827,194,1533,103.0,307.0,190.5655577299413,188.0
BGSNL327-23_r_1.5_s_100_BGSNL327-23,BGSNL327-23,6925249,348,76,1533,4.0,39.0,18.401174168297455,18.0
BGSNL343-23_r_1_s_100_BGSNL343-23,BGSNL343-23,12882114,562,206,1533,4.0,51.0,32.22700587084149,33.0
BGSNL343-23_r_1_s_50_BGSNL343-23,BGSNL343-23,12882114,1045,206,1533,14.0,89.0,46.34637964774951,44.0
BGSNL339-23_r_1.5_s_100_BGSNL339-23,BGSNL339-23,989001,34,14,1533,0.0,6.0,1.796477495107632,2.0
BGSNL313-23_r_1.5_s_50_BGSNL313-23,BGSNL313-23,3514116,895,3,1533,12.0,80.0,38.80430528375734,38.0
BGSNL380-23_r_1_s_100_BGSNL380-23,BGSNL380-23,20095016,5941,1023,1542,0.0,591.0,473.0,478.0
BGSNL305-23_r_1_s_50_BGSNL305-23,BGSNL305-23,9244193,4435,76,1533,129.0,321.0,208.20939334637964,207.0
BGSNL288-23_r_1.5_s_100_BGSNL288-23,BGSNL288-23,4430762,410,47,1533,4.0,40.0,22.422700587084147,23.0
BGSNL346-23_r_1.3_s_100_BGSNL346-23,BGSNL346-23,7700344,733,111,1533,12.0,90.0,42.32289628180039,40.0
BGSNL379-23_r_1.5_s_100_BGSNL379-23,BGSNL379-23,19217678,6512,31,1542,2.0,642.0,512.3307392996109,508.0
BGSNL346-23_r_1.5_s_100_BGSNL346-23,BGSNL346-23,7700344,715,111,1533,12.0,87.0,41.2720156555773,40.0
BGSNL316-23_r_1.5_s_100_BGSNL316-23,BGSNL316-23,13218991,1396,4,1533,38.0,136.0,81.27788649706459,77.0
BGSNL353-23_r_1.5_s_50_BGSNL353-23,BGSNL353-23,270619,61,14,1533,0.0,13.0,3.604696673189824,4.0
BGSNL354-23_r_1_s_100_BGSNL354-23,BGSNL354-23,366074,30,6,1533,0.0,8.0,1.8708414872798433,2.0
BGSNL329-23_r_1.5_s_100_BGSNL329-23,BGSNL329-23,8242195,1856,9,1533,52.0,203.0,131.7866927592955,131.0
BGSNL352-23_r_1.5_s_100_BGSNL352-23,BGSNL352-23,228277,45,16,1533,0.0,15.0,2.755381604696673,2.0
BGSNL317-23_r_1.5_s_100_BGSNL317-23,BGSNL317-23,8470784,2660,2,1533,79.0,247.0,172.55968688845402,167.0
BGSNL360-23_r_1_s_100_BGSNL360-23,BGSNL360-23,2100276,36,48,1533,0.0,12.0,1.8747553816046967,0.0
BGSNL345-23_r_1.5_s_100_BGSNL345-23,BGSNL345-23,13505788,1603,343,1533,61.0,144.0,99.11545988258317,96.0
BGSNL315-23_r_1.3_s_50_BGSNL315-23,BGSNL315-23,7195368,3035,125,1533,76.0,245.0,155.55968688845402,153.0
BGSNL298-23_r_1.5_s_100_BGSNL298-23,BGSNL298-23,9908475,486,105,1533,6.0,48.0,24.0880626223092,23.0
BGSNL375-23_r_1.5_s_50_BGSNL375-23,BGSNL375-23,17426757,1328,32,1542,2.0,183.0,57.717898832684824,50.5
BGSNL325-23_r_1_s_100_BGSNL325-23,BGSNL325-23,14934775,2382,315,1533,57.0,207.0,138.3385518590998,138.0
BGSNL351-23_r_1_s_100_BGSNL351-23,BGSNL351-23,278027,17,12,1533,0.0,4.0,0.9784735812133072,1.0
BGSNL370-23_r_1.3_s_100_BGSNL370-23,BGSNL370-23,5618997,871,0,1533,10.0,90.0,47.12328767123287,47.0
BGSNL323-23_r_1.5_s_50_BGSNL323-23,BGSNL323-23,14543693,3180,0,1533,53.0,260.0,152.04305283757338,155.0
BGSNL356-23_r_1.3_s_100_BGSNL356-23,BGSNL356-23,1693354,208,312,1533,0.0,61.0,14.150684931506849,7.0
BGSNL292-23_r_1_s_50_BGSNL292-23,BGSNL292-23,8577599,3540,0,1533,101.0,262.0,185.47749510763208,184.0
BGSNL294-23_r_1_s_50_BGSNL294-23,BGSNL294-23,1215259,677,61,1533,10.0,63.0,32.76712328767123,32.0
BGSNL354-23_r_1.3_s_100_BGSNL354-23,BGSNL354-23,366074,28,6,1533,0.0,8.0,1.7534246575342465,1.0
BGSNL317-23_r_1_s_100_BGSNL317-23,BGSNL317-23,8470784,2688,2,1533,79.0,247.0,174.26223091976516,169.0
BGSNL348-23_r_1.5_s_100_BGSNL348-23,BGSNL348-23,8170242,2994,38,1533,96.0,299.0,194.65166340508807,195.0
BGSNL309-23_r_1_s_50_BGSNL309-23,BGSNL309-23,22042112,11718,239,1533,341.0,844.0,532.1311154598826,513.0
BGSNL325-23_r_1.3_s_50_BGSNL325-23,BGSNL325-23,14934775,3399,315,1533,84.0,252.0,169.6379647749511,166.0
BGSNL301-23_r_1_s_100_BGSNL301-23,BGSNL301-23,9456580,294,0,1533,2.0,36.0,16.23679060665362,16.0
BGSNL319-23_r_1.5_s_50_BGSNL319-23,BGSNL319-23,6978020,887,7,1533,12.0,105.0,39.31115459882583,36.0
BGSNL325-23_r_1.5_s_50_BGSNL325-23,BGSNL325-23,14934775,3314,315,1533,84.0,235.0,166.64383561643837,163.0
BGSNL376-23_r_1.3_s_50_BGSNL376-23,BGSNL376-23,18182783,1361,3,1542,0.0,116.0,55.96887159533074,54.0
BGSNL376-23_r_1.3_s_100_BGSNL376-23,BGSNL376-23,18182783,688,3,1542,0.0,72.0,35.91439688715953,34.0
BGSNL344-23_r_1.3_s_50_BGSNL344-23,BGSNL344-23,14530339,3680,564,1533,138.0,319.0,206.1115459882583,200.0
BGSNL286-23_r_1.5_s_100_BGSNL286-23,BGSNL286-23,3552732,997,32,1533,15.0,106.0,56.96477495107632,55.0
BGSNL362-23_r_1.5_s_100_BGSNL362-23,BGSNL362-23,7115975,2122,56,1533,48.0,208.0,123.3972602739726,118.0
BGSNL321-23_r_1.5_s_100_BGSNL321-23,BGSNL321-23,10128129,1184,109,1533,14.0,109.0,65.91389432485323,64.0
BGSNL365-23_r_1.3_s_50_BGSNL365-23,BGSNL365-23,4487972,411,13,1533,6.0,38.0,18.31115459882583,18.0
BGSNL359-23_r_1.5_s_100_BGSNL359-23,BGSNL359-23,1793688,72,13,1533,0.0,14.0,4.12133072407045,4.0
BGSNL291-23_r_1_s_50_BGSNL291-23,BGSNL291-23,5001286,238,52,1533,0.0,24.0,10.399217221135029,10.0
BGSNL306-23_r_1.5_s_50_BGSNL306-23,BGSNL306-23,15244772,4528,178,1533,94.0,305.0,206.47553816046965,208.0
BGSNL295-23_r_1.5_s_100_BGSNL295-23,BGSNL295-23,15412197,39840,286,1533,1953.0,3851.0,3009.248532289628,2967.0
BGSNL355-23_r_1.3_s_50_BGSNL355-23,BGSNL355-23,751883,142,11,1533,1.0,16.0,7.473581213307241,8.0
BGSNL287-23_r_1.5_s_50_BGSNL287-23,BGSNL287-23,5295223,1717,153,1533,50.0,152.0,90.08610567514677,87.0
BGSNL331-23_r_1_s_100_BGSNL331-23,BGSNL331-23,1082169,107,8,1533,0.0,16.0,6.313111545988258,6.0
BGSNL328-23_r_1_s_50_BGSNL328-23,BGSNL328-23,7944754,3963,194,1533,108.0,316.0,195.45205479452054,193.0
BGSNL316-23_r_1.3_s_50_BGSNL316-23,BGSNL316-23,13218991,2294,4,1533,58.0,189.0,108.19765166340508,104.0
BGSNL344-23_r_1.3_s_100_BGSNL344-23,BGSNL344-23,14530339,2824,564,1533,91.0,262.0,180.84344422700588,177.0
BGSNL345-23_r_1.3_s_100_BGSNL345-23,BGSNL345-23,13505788,1615,343,1533,61.0,150.0,99.94324853228963,97.0
BGSNL318-23_r_1.3_s_100_BGSNL318-23,BGSNL318-23,10857451,1502,155,1533,32.0,142.0,86.70058708414872,86.0
BGSNL369-23_r_1.3_s_100_BGSNL369-23,BGSNL369-23,151758,8,4,1533,0.0,4.0,0.538160469667319,0.0
BGSNL354-23_r_1_s_50_BGSNL354-23,BGSNL354-23,366074,43,6,1533,0.0,10.0,2.289628180039139,2.0
BGSNL360-23_r_1.5_s_100_BGSNL360-23,BGSNL360-23,2100276,34,48,1533,0.0,10.0,1.6947162426614482,0.0
BGSNL293-23_r_1.3_s_100_BGSNL293-23,BGSNL293-23,5293599,1095,92,1533,35.0,116.0,68.48923679060665,67.0
BGSNL375-23_r_1_s_50_BGSNL375-23,BGSNL375-23,17426757,1491,32,1542,2.0,189.0,63.5739299610895,55.0
BGSNL355-23_r_1.5_s_100_BGSNL355-23,BGSNL355-23,751883,80,11,1533,0.0,14.0,5.363992172211351,5.0
BGSNL324-23_r_1_s_100_BGSNL324-23,BGSNL324-23,4834287,190,1,1533,0.0,23.0,11.28375733855186,11.0
BGSNL310-23_r_1.3_s_100_BGSNL310-23,BGSNL310-23,4782904,953,2,1533,24.0,109.0,64.28767123287672,64.0
BGSNL378-23_r_1_s_50_BGSNL378-23,BGSNL378-23,20404737,8950,8,1542,2.0,783.0,654.7140077821011,655.5
BGSNL335-23_r_1.5_s_100_BGSNL335-23,BGSNL335-23,27621457,4175,75,1533,90.0,486.0,234.32876712328766,231.0
BGSNL366-23_r_1.3_s_100_BGSNL366-23,BGSNL366-23,1209777,270,15,1533,0.0,36.0,14.150684931506849,12.0
BGSNL352-23_r_1_s_50_BGSNL352-23,BGSNL352-23,228277,83,16,1533,0.0,17.0,3.9902152641878668,2.0
BGSNL353-23_r_1.3_s_50_BGSNL353-23,BGSNL353-23,270619,67,14,1533,0.0,16.0,3.8493150684931505,4.0
BGSNL289-23_r_1.3_s_50_BGSNL289-23,BGSNL289-23,5471888,344,0,1533,4.0,34.0,16.637964774951076,16.0
BGSNL289-23_r_1_s_50_BGSNL289-23,BGSNL289-23,5471888,374,0,1533,4.0,34.0,17.557729941291583,16.0
BGSNL365-23_r_1.5_s_50_BGSNL365-23,BGSNL365-23,4487972,382,13,1533,2.0,37.0,16.80821917808219,16.0
BGSNL322-23_r_1.3_s_100_BGSNL322-23,BGSNL322-23,22566626,547,1,1533,13.0,56.0,35.62230919765166,36.0
BGSNL380-23_r_1.5_s_100_BGSNL380-23,BGSNL380-23,20095016,5817,1023,1542,0.0,578.0,464.1206225680934,464.0
BGSNL310-23_r_1.3_s_50_BGSNL310-23,BGSNL310-23,4782904,1286,2,1533,26.0,140.0,74.21526418786692,72.0
BGSNL355-23_r_1_s_100_BGSNL355-23,BGSNL355-23,751883,86,11,1533,0.0,14.0,5.7279843444227,6.0
BGSNL377-23_r_1.5_s_100_BGSNL377-23,BGSNL377-23,16172639,680,1,1542,0.0,125.0,37.56225680933852,30.0
BGSNL297-23_r_1_s_100_BGSNL297-23,BGSNL297-23,9037041,2960,9,1533,81.0,326.0,205.013698630137,208.0
BGSNL363-23_r_1.5_s_50_BGSNL363-23,BGSNL363-23,2772667,309,55,1533,0.0,33.0,12.36399217221135,12.0
BGSNL336-23_r_1.3_s_100_BGSNL336-23,BGSNL336-23,6036864,1031,293,1533,29.0,112.0,69.27592954990216,68.0
BGSNL296-23_r_1_s_100_BGSNL296-23,BGSNL296-23,12286687,3039,687,1533,69.0,340.0,206.24461839530332,203.0
BGSNL292-23_r_1_s_100_BGSNL292-23,BGSNL292-23,8577599,2589,0,1533,58.0,228.0,156.8297455968689,156.0
BGSNL374-23_r_1.5_s_100_BGSNL374-23,BGSNL374-23,13686577,9576,557,1536,1.0,1076.0,683.044921875,669.0
BGSNL372-23_r_1.5_s_50_BGSNL372-23,BGSNL372-23,8220016,3050,13,1536,0.0,270.0,197.556640625,198.0
BGSNL347-23_r_1.5_s_100_BGSNL347-23,BGSNL347-23,8294240,3972,224,1533,199.0,398.0,297.4990215264188,294.0
BGSNL373-23_r_1.3_s_100_BGSNL373-23,BGSNL373-23,13835310,9194,374,1536,0.0,1235.0,619.890625,604.5
BGSNL349-23_r_1.3_s_100_BGSNL349-23,BGSNL349-23,8808353,2559,2,1533,88.0,282.0,183.16634050880626,181.0
BGSNL361-23_r_1.3_s_100_BGSNL361-23,BGSNL361-23,5185074,62,2,1533,0.0,18.0,3.3933463796477494,2.0
BGSNL306-23_r_1.5_s_100_BGSNL306-23,BGSNL306-23,15244772,2804,178,1533,74.0,237.0,153.7279843444227,152.0
BGSNL289-23_r_1_s_100_BGSNL289-23,BGSNL289-23,5471888,210,0,1533,2.0,30.0,12.632093933463796,12.0
BGSNL313-23_r_1.3_s_100_BGSNL313-23,BGSNL313-23,3514116,537,3,1533,6.0,64.0,28.24853228962818,26.0
BGSNL313-23_r_1.5_s_100_BGSNL313-23,BGSNL313-23,3514116,527,3,1533,4.0,64.0,27.665362035225048,26.0
BGSNL379-23_r_1.5_s_50_BGSNL379-23,BGSNL379-23,19217678,7318,31,1542,2.0,670.0,535.6848249027238,533.0
BGSNL345-23_r_1_s_100_BGSNL345-23,BGSNL345-23,13505788,1620,343,1533,61.0,153.0,100.28180039138944,98.0
BGSNL314-23_r_1_s_100_BGSNL314-23,BGSNL314-23,8351513,3649,287,1533,93.0,399.0,231.81017612524462,231.0
BGSNL357-23_r_1.3_s_50_BGSNL357-23,BGSNL357-23,684734,118,27,1533,0.0,20.0,5.800391389432486,4.0
BGSNL325-23_r_1.3_s_100_BGSNL325-23,BGSNL325-23,14934775,2381,315,1533,57.0,207.0,138.29354207436398,138.0
BGSNL324-23_r_1.5_s_50_BGSNL324-23,BGSNL324-23,4834287,272,1,1533,2.0,25.0,13.407045009784737,14.0
BGSNL323-23_r_1.5_s_100_BGSNL323-23,BGSNL323-23,14543693,2078,0,1533,52.0,202.0,118.1545988258317,118.0
BGSNL369-23_r_1_s_50_BGSNL369-23,BGSNL369-23,151758,12,4,1533,0.0,4.0,0.6516634050880626,0.0
BGSNL347-23_r_1_s_50_BGSNL347-23,BGSNL347-23,8294240,4772,224,1533,245.0,416.0,323.6242661448141,322.0
BGSNL360-23_r_1.5_s_50_BGSNL360-23,BGSNL360-23,2100276,76,48,1533,0.0,10.0,2.8962818003913893,2.0
BGSNL296-23_r_1_s_50_BGSNL296-23,BGSNL296-23,12286687,3949,687,1533,106.0,386.0,232.92172211350294,221.0
BGSNL332-23_r_1.3_s_50_BGSNL332-23,BGSNL332-23,1070546,356,36,1533,6.0,47.0,21.36399217221135,21.0
BGSNL320-23_r_1.3_s_100_BGSNL320-23,BGSNL320-23,8681034,560,14,1533,4.0,61.0,30.17808219178082,28.0
BGSNL354-23_r_1.5_s_100_BGSNL354-23,BGSNL354-23,366074,28,6,1533,0.0,8.0,1.7534246575342465,1.0
BGSNL323-23_r_1_s_100_BGSNL323-23,BGSNL323-23,14543693,2138,0,1533,52.0,208.0,121.80626223091977,121.0
BGSNL312-23_r_1.5_s_50_BGSNL312-23,BGSNL312-23,909929,162,14,1533,0.0,16.0,6.350293542074364,6.0
BGSNL333-23_r_1.3_s_50_BGSNL333-23,BGSNL333-23,1714522,501,14,1533,6.0,59.0,27.041095890410958,26.0
BGSNL300-23_r_1.3_s_100_BGSNL300-23,BGSNL300-23,5167523,1720,172,1533,39.0,190.0,114.53228962818004,111.0
BGSNL308-23_r_1.3_s_50_BGSNL308-23,BGSNL308-23,7016387,1040,45,1533,20.0,82.0,47.0293542074364,46.0
BGSNL361-23_r_1.5_s_100_BGSNL361-23,BGSNL361-23,5185074,56,2,1533,0.0,14.0,3.0332681017612524,2.0
BGSNL344-23_r_1_s_50_BGSNL344-23,BGSNL344-23,14530339,3843,564,1533,139.0,324.0,211.45401174168296,209.0
BGSNL293-23_r_1_s_100_BGSNL293-23,BGSNL293-23,5293599,1100,92,1533,35.0,116.0,68.91976516634051,68.0
BGSNL372-23_r_1.5_s_100_BGSNL372-23,BGSNL372-23,8220016,2596,13,1536,0.0,260.0,183.861328125,185.0
BGSNL318-23_r_1.5_s_100_BGSNL318-23,BGSNL318-23,10857451,1484,155,1533,31.0,142.0,85.66340508806262,84.0
BGSNL312-23_r_1.5_s_100_BGSNL312-23,BGSNL312-23,909929,70,14,1533,0.0,12.0,3.7279843444227008,4.0
BGSNL376-23_r_1.5_s_50_BGSNL376-23,BGSNL376-23,18182783,1290,3,1542,0.0,108.0,53.505836575875485,52.0
BGSNL310-23_r_1_s_100_BGSNL310-23,BGSNL310-23,4782904,957,2,1533,26.0,109.0,64.67123287671232,64.0
BGSNL298-23_r_1_s_100_BGSNL298-23,BGSNL298-23,9908475,496,105,1533,6.0,48.0,24.690802348336597,24.0
BGSNL349-23_r_1.5_s_50_BGSNL349-23,BGSNL349-23,8808353,2927,2,1533,104.0,309.0,193.00391389432485,190.0
BGSNL346-23_r_1_s_50_BGSNL346-23,BGSNL346-23,7700344,1239,111,1533,24.0,111.0,58.18590998043053,58.0
BGSNL361-23_r_1.3_s_50_BGSNL361-23,BGSNL361-23,5185074,154,2,1533,0.0,20.0,5.917808219178082,4.0
BGSNL323-23_r_1.3_s_50_BGSNL323-23,BGSNL323-23,14543693,3368,0,1533,85.0,280.0,159.5205479452055,158.0
BGSNL342-23_r_1.5_s_100_BGSNL342-23,BGSNL342-23,9073761,2383,0,1533,84.0,236.0,181.21135029354207,181.0
BGSNL299-23_r_1.3_s_50_BGSNL299-23,BGSNL299-23,3314032,873,98,1533,8.0,108.0,38.87279843444227,36.0
BGSNL333-23_r_1.5_s_50_BGSNL333-23,BGSNL333-23,1714522,475,14,1533,6.0,57.0,25.55968688845401,24.0
BGSNL339-23_r_1_s_100_BGSNL339-23,BGSNL339-23,989001,36,14,1533,0.0,6.0,1.9863013698630136,2.0
BGSNL318-23_r_1.3_s_50_BGSNL318-23,BGSNL318-23,10857451,2261,155,1533,59.0,176.0,109.73385518590997,107.0
BGSNL302-23_r_1.5_s_100_BGSNL302-23,BGSNL302-23,7056972,153,45,1533,0.0,28.0,9.12720156555773,8.0
BGSNL340-23_r_1_s_100_BGSNL340-23,BGSNL340-23,8551681,2625,27,1533,101.0,261.0,187.2504892367906,190.0
BGSNL337-23_r_1.3_s_50_BGSNL337-23,BGSNL337-23,8619826,268,203,1533,0.0,35.0,12.383561643835616,12.0
BGSNL307-23_r_1.5_s_50_BGSNL307-23,BGSNL307-23,5818620,424,4,1533,2.0,30.0,18.054794520547944,18.0
BGSNL308-23_r_1_s_100_BGSNL308-23,BGSNL308-23,7016387,637,45,1533,8.0,60.0,35.57729941291585,35.0
BGSNL328-23_r_1_s_100_BGSNL328-23,BGSNL328-23,7944754,2747,194,1533,87.0,264.0,158.23874755381604,151.0
BGSNL329-23_r_1.3_s_50_BGSNL329-23,BGSNL329-23,8242195,2226,9,1533,54.0,216.0,143.51859099804307,143.0
BGSNL339-23_r_1.5_s_50_BGSNL339-23,BGSNL339-23,989001,74,14,1533,0.0,18.0,3.0430528375733856,2.0
BGSNL367-23_r_1_s_50_BGSNL367-23,BGSNL367-23,322637,40,19,1533,0.0,6.0,1.5968688845401173,2.0
BGSNL350-23_r_1_s_50_BGSNL350-23,BGSNL350-23,438293,382,42,1533,0.0,61.0,14.682974559686889,12.0
BGSNL362-23_r_1.5_s_50_BGSNL362-23,BGSNL362-23,7115975,3004,56,1533,91.0,237.0,150.2426614481409,145.0
BGSNL375-23_r_1.3_s_100_BGSNL375-23,BGSNL375-23,17426757,740,32,1542,0.0,124.0,40.038910505836576,33.0
BGSNL296-23_r_1.5_s_50_BGSNL296-23,BGSNL296-23,12286687,3678,687,1533,99.0,379.0,223.0078277886497,213.0
BGSNL366-23_r_1.5_s_100_BGSNL366-23,BGSNL366-23,1209777,263,15,1533,0.0,32.0,13.76320939334638,12.0
BGSNL359-23_r_1_s_50_BGSNL359-23,BGSNL359-23,1793688,157,13,1533,0.0,17.0,7.021526418786693,7.0
BGSNL303-23_r_1.5_s_50_BGSNL303-23,BGSNL303-23,3767298,443,0,1533,2.0,60.0,16.904109589041095,14.0
BGSNL333-23_r_1.3_s_100_BGSNL333-23,BGSNL333-23,1714522,350,14,1533,4.0,53.0,22.360078277886497,21.0
BGSNL379-23_r_1.3_s_50_BGSNL379-23,BGSNL379-23,19217678,7542,31,1542,2.0,691.0,546.4863813229572,544.0
BGSNL349-23_r_1_s_100_BGSNL349-23,BGSNL349-23,8808353,2571,2,1533,88.0,282.0,184.02348336594912,182.0
BGSNL355-23_r_1.3_s_100_BGSNL355-23,BGSNL355-23,751883,85,11,1533,0.0,14.0,5.657534246575342,5.0
BGSNL328-23_r_1.3_s_100_BGSNL328-23,BGSNL328-23,7944754,2738,194,1533,87.0,264.0,157.67318982387476,150.0
BGSNL288-23_r_1.5_s_50_BGSNL288-23,BGSNL288-23,4430762,635,47,1533,8.0,62.0,28.84931506849315,28.0
BGSNL317-23_r_1.3_s_50_BGSNL317-23,BGSNL317-23,8470784,3489,2,1533,129.0,266.0,197.64774951076322,192.0
BGSNL317-23_r_1.3_s_100_BGSNL317-23,BGSNL317-23,8470784,2682,2,1533,79.0,247.0,173.81213307240705,169.0
BGSNL308-23_r_1_s_50_BGSNL308-23,BGSNL308-23,7016387,1078,45,1533,20.0,87.0,48.56164383561644,48.0
BGSNL338-23_r_1_s_100_BGSNL338-23,BGSNL338-23,12366182,415,11,1533,2.0,38.0,23.195694716242663,24.0
BGSNL322-23_r_1_s_100_BGSNL322-23,BGSNL322-23,22566626,551,1,1533,13.0,56.0,35.92172211350294,36.0
BGSNL314-23_r_1.5_s_100_BGSNL314-23,BGSNL314-23,8351513,3613,287,1533,93.0,399.0,229.6320939334638,229.0
BGSNL331-23_r_1.5_s_100_BGSNL331-23,BGSNL331-23,1082169,102,8,1533,0.0,16.0,5.988258317025441,6.0
BGSNL352-23_r_1_s_100_BGSNL352-23,BGSNL352-23,228277,47,16,1533,0.0,15.0,2.935420743639922,2.0
BGSNL350-23_r_1.3_s_100_BGSNL350-23,BGSNL350-23,438293,144,42,1533,0.0,45.0,7.549902152641879,6.0
BGSNL310-23_r_1.5_s_100_BGSNL310-23,BGSNL310-23,4782904,950,2,1533,24.0,109.0,64.09784735812133,64.0
BGSNL369-23_r_1.5_s_100_BGSNL369-23,BGSNL369-23,151758,8,4,1533,0.0,4.0,0.538160469667319,0.0
BGSNL321-23_r_1.3_s_100_BGSNL321-23,BGSNL321-23,10128129,1214,109,1533,14.0,109.0,67.67906066536203,67.0
BGSNL309-23_r_1_s_100_BGSNL309-23,BGSNL309-23,22042112,6901,239,1533,175.0,616.0,388.36203522504894,376.0
BGSNL326-23_r_1.3_s_50_BGSNL326-23,BGSNL326-23,3923686,318,48,1533,0.0,30.0,13.258317025440313,14.0
BGSNL364-23_r_1.3_s_50_BGSNL364-23,BGSNL364-23,3820063,635,4,1533,4.0,73.0,28.679060665362034,26.0
BGSNL314-23_r_1.5_s_50_BGSNL314-23,BGSNL314-23,8351513,4754,287,1533,145.0,417.0,263.8238747553816,262.0
BGSNL302-23_r_1_s_100_BGSNL302-23,BGSNL302-23,7056972,161,45,1533,1.0,28.0,9.700587084148728,9.0
BGSNL318-23_r_1_s_50_BGSNL318-23,BGSNL318-23,10857451,2319,155,1533,61.0,178.0,111.63013698630137,109.0
BGSNL372-23_r_1.3_s_50_BGSNL372-23,BGSNL372-23,8220016,3167,13,1536,0.0,271.0,203.513671875,202.0
BGSNL343-23_r_1.3_s_50_BGSNL343-23,BGSNL343-23,12882114,944,206,1533,13.0,85.0,42.68884540117417,41.0
BGSNL330-23_r_1.5_s_50_BGSNL330-23,BGSNL330-23,18059273,6698,7,1533,82.0,536.0,282.61252446183954,276.0
BGSNL370-23_r_1.3_s_50_BGSNL370-23,BGSNL370-23,5618997,1643,0,1533,18.0,131.0,70.50097847358121,69.0
BGSNL316-23_r_1_s_50_BGSNL316-23,BGSNL316-23,13218991,2392,4,1533,58.0,199.0,111.46966731898239,107.0
BGSNL311-23_r_1.5_s_100_BGSNL311-23,BGSNL311-23,7017611,515,4,1533,6.0,59.0,29.2426614481409,28.0
BGSNL357-23_r_1_s_100_BGSNL357-23,BGSNL357-23,684734,75,27,1533,0.0,16.0,4.714285714285714,4.0
BGSNL364-23_r_1.5_s_50_BGSNL364-23,BGSNL364-23,3820063,605,4,1533,4.0,72.0,27.792563600782778,26.0
BGSNL298-23_r_1.5_s_50_BGSNL298-23,BGSNL298-23,9908475,980,105,1533,10.0,81.0,38.98825831702544,37.0
BGSNL287-23_r_1.3_s_100_BGSNL287-23,BGSNL287-23,5295223,1244,153,1533,35.0,136.0,76.33659491193738,72.0
BGSNL302-23_r_1.3_s_100_BGSNL302-23,BGSNL302-23,7056972,160,45,1533,1.0,28.0,9.63600782778865,9.0
BGSNL366-23_r_1_s_100_BGSNL366-23,BGSNL366-23,1209777,270,15,1533,0.0,36.0,14.150684931506849,12.0
BGSNL331-23_r_1.5_s_50_BGSNL331-23,BGSNL331-23,1082169,208,8,1533,0.0,22.0,9.019569471624266,9.0
BGSNL347-23_r_1_s_100_BGSNL347-23,BGSNL347-23,8294240,4024,224,1533,200.0,399.0,301.2230919765166,297.0
BGSNL340-23_r_1.5_s_100_BGSNL340-23,BGSNL340-23,8551681,2601,27,1533,101.0,259.0,185.68493150684932,189.0
BGSNL301-23_r_1.5_s_50_BGSNL301-23,BGSNL301-23,9456580,480,0,1533,2.0,47.0,21.49706457925636,20.0
BGSNL345-23_r_1.3_s_50_BGSNL345-23,BGSNL345-23,13505788,2211,343,1533,73.0,179.0,117.80430528375734,117.0
BGSNL364-23_r_1_s_100_BGSNL364-23,BGSNL364-23,3820063,350,4,1533,2.0,57.0,20.50293542074364,18.0
BGSNL315-23_r_1.5_s_100_BGSNL315-23,BGSNL315-23,7195368,2151,125,1533,69.0,197.0,128.30724070450097,124.0
BGSNL291-23_r_1.3_s_100_BGSNL291-23,BGSNL291-23,5001286,109,52,1533,0.0,13.0,6.340508806262231,6.0
BGSNL291-23_r_1.5_s_100_BGSNL291-23,BGSNL291-23,5001286,101,52,1533,0.0,13.0,5.921722113502935,6.0
BGSNL322-23_r_1.5_s_100_BGSNL322-23,BGSNL322-23,22566626,529,1,1533,11.0,55.0,34.36399217221135,35.0
BGSNL311-23_r_1_s_100_BGSNL311-23,BGSNL311-23,7017611,518,4,1533,6.0,60.0,29.418786692759294,28.0
BGSNL334-23_r_1_s_50_BGSNL334-23,BGSNL334-23,6277265,619,2,1533,6.0,66.0,29.634050880626223,28.0
BGSNL363-23_r_1_s_50_BGSNL363-23,BGSNL363-23,2772667,359,55,1533,0.0,38.0,14.318982387475538,14.0
BGSNL323-23_r_1_s_50_BGSNL323-23,BGSNL323-23,14543693,3475,0,1533,87.0,280.0,163.10763209393346,162.0
BGSNL332-23_r_1_s_100_BGSNL332-23,BGSNL332-23,1070546,294,36,1533,7.0,45.0,20.227005870841488,18.0
BGSNL308-23_r_1.5_s_100_BGSNL308-23,BGSNL308-23,7016387,617,45,1533,8.0,59.0,34.26614481409002,34.0
BGSNL352-23_r_1.5_s_50_BGSNL352-23,BGSNL352-23,228277,70,16,1533,0.0,17.0,3.452054794520548,2.0
BGSNL363-23_r_1_s_100_BGSNL363-23,BGSNL363-23,2772667,163,55,1533,0.0,30.0,8.473581213307241,8.0
BGSNL347-23_r_1.5_s_50_BGSNL347-23,BGSNL347-23,8294240,4555,224,1533,237.0,408.0,314.68101761252444,312.0
BGSNL312-23_r_1.3_s_100_BGSNL312-23,BGSNL312-23,909929,70,14,1533,0.0,12.0,3.7279843444227008,4.0
BGSNL354-23_r_1.5_s_50_BGSNL354-23,BGSNL354-23,366074,38,6,1533,0.0,10.0,2.0684931506849313,2.0
BGSNL331-23_r_1_s_50_BGSNL331-23,BGSNL331-23,1082169,226,8,1533,1.0,22.0,9.726027397260275,9.0
BGSNL338-23_r_1_s_50_BGSNL338-23,BGSNL338-23,12366182,826,11,1533,14.0,74.0,35.956947162426616,36.0
BGSNL295-23_r_1_s_100_BGSNL295-23,BGSNL295-23,15412197,40106,286,1533,1956.0,3877.0,3028.3307240704503,2987.0
BGSNL315-23_r_1_s_100_BGSNL315-23,BGSNL315-23,7195368,2183,125,1533,71.0,203.0,130.34833659491193,127.0
BGSNL374-23_r_1_s_100_BGSNL374-23,BGSNL374-23,13686577,9911,557,1536,1.0,1077.0,706.9375,701.5
BGSNL337-23_r_1.3_s_100_BGSNL337-23,BGSNL337-23,8619826,144,203,1533,0.0,31.0,8.726027397260275,8.0
BGSNL314-23_r_1.3_s_100_BGSNL314-23,BGSNL314-23,8351513,3637,287,1533,93.0,399.0,231.0743639921722,229.0
BGSNL371-23_r_1_s_100_BGSNL371-23,BGSNL371-23,23813774,14473,78,1536,0.0,1264.0,957.720703125,961.5
BGSNL300-23_r_1.5_s_100_BGSNL300-23,BGSNL300-23,5167523,1707,172,1533,39.0,189.0,113.84735812133073,110.0
BGSNL353-23_r_1_s_100_BGSNL353-23,BGSNL353-23,270619,60,14,1533,0.0,15.0,4.066536203522505,4.0
BGSNL346-23_r_1.5_s_50_BGSNL346-23,BGSNL346-23,7700344,1093,111,1533,18.0,102.0,52.465753424657535,53.0
BGSNL354-23_r_1.3_s_50_BGSNL354-23,BGSNL354-23,366074,38,6,1533,0.0,10.0,2.0684931506849313,2.0
BGSNL304-23_r_1.5_s_100_BGSNL304-23,BGSNL304-23,6448670,2300,32,1533,64.0,204.0,128.14872798434442,123.0
BGSNL343-23_r_1.5_s_100_BGSNL343-23,BGSNL343-23,12882114,549,206,1533,4.0,49.0,31.30528375733855,32.0
BGSNL309-23_r_1.3_s_50_BGSNL309-23,BGSNL309-23,22042112,11597,239,1533,339.0,840.0,527.9960861056751,509.0
BGSNL342-23_r_1.5_s_50_BGSNL342-23,BGSNL342-23,9073761,2756,0,1533,141.0,249.0,192.02544031311155,193.0
BGSNL371-23_r_1.3_s_50_BGSNL371-23,BGSNL371-23,23813774,18737,78,1536,1.0,1457.0,1087.3828125,1063.0
BGSNL352-23_r_1.3_s_50_BGSNL352-23,BGSNL352-23,228277,73,16,1533,0.0,17.0,3.5557729941291587,2.0
BGSNL358-23_r_1.3_s_50_BGSNL358-23,BGSNL358-23,2701101,335,64,1533,3.0,29.0,12.839530332681017,12.0
BGSNL378-23_r_1.5_s_100_BGSNL378-23,BGSNL378-23,20404737,7677,8,1542,0.0,746.0,612.5486381322958,619.5
BGSNL337-23_r_1_s_50_BGSNL337-23,BGSNL337-23,8619826,361,203,1533,2.0,43.0,15.520547945205479,14.0
BGSNL301-23_r_1.5_s_100_BGSNL301-23,BGSNL301-23,9456580,290,0,1533,1.0,35.0,15.925636007827789,16.0
BGSNL358-23_r_1.5_s_100_BGSNL358-23,BGSNL358-23,2701101,129,64,1533,0.0,16.0,6.4344422700587085,6.0
BGSNL299-23_r_1.3_s_100_BGSNL299-23,BGSNL299-23,3314032,526,98,1533,6.0,80.0,28.86105675146771,26.0
BGSNL330-23_r_1.3_s_50_BGSNL330-23,BGSNL330-23,18059273,7109,7,1533,84.0,559.0,298.91389432485323,292.0
BGSNL336-23_r_1.5_s_100_BGSNL336-23,BGSNL336-23,6036864,1020,293,1533,29.0,112.0,68.55577299412916,66.0
BGSNL350-23_r_1_s_100_BGSNL350-23,BGSNL350-23,438293,146,42,1533,0.0,45.0,7.716242661448141,6.0
BGSNL374-23_r_1.3_s_50_BGSNL374-23,BGSNL374-23,13686577,11855,557,1536,1.0,1216.0,765.408203125,733.0
BGSNL322-23_r_1.5_s_50_BGSNL322-23,BGSNL322-23,22566626,780,1,1533,20.0,83.0,41.71232876712329,42.0
BGSNL373-23_r_1.5_s_100_BGSNL373-23,BGSNL373-23,13835310,8848,374,1536,0.0,1229.0,597.091796875,564.5
BGSNL364-23_r_1.5_s_100_BGSNL364-23,BGSNL364-23,3820063,345,4,1533,0.0,57.0,20.099804305283758,18.0
BGSNL349-23_r_1.3_s_50_BGSNL349-23,BGSNL349-23,8808353,2987,2,1533,104.0,313.0,195.3913894324853,192.0
BGSNL351-23_r_1.5_s_50_BGSNL351-23,BGSNL351-23,278027,37,12,1533,0.0,8.0,1.5264187866927592,1.0
BGSNL319-23_r_1.3_s_50_BGSNL319-23,BGSNL319-23,6978020,913,7,1533,12.0,105.0,40.20743639921722,37.0
BGSNL350-23_r_1.3_s_50_BGSNL350-23,BGSNL350-23,438293,378,42,1533,0.0,61.0,14.454011741682974,12.0
BGSNL293-23_r_1.5_s_100_BGSNL293-23,BGSNL293-23,5293599,1085,92,1533,35.0,114.0,67.75929549902153,66.0
BGSNL299-23_r_1.5_s_50_BGSNL299-23,BGSNL299-23,3314032,844,98,1533,6.0,108.0,37.72211350293542,35.0
BGSNL301-23_r_1_s_50_BGSNL301-23,BGSNL301-23,9456580,581,0,1533,8.0,50.0,24.825831702544033,24.0
BGSNL377-23_r_1_s_100_BGSNL377-23,BGSNL377-23,16172639,703,1,1542,0.0,127.0,38.811284046692606,30.0
BGSNL371-23_r_1.3_s_100_BGSNL371-23,BGSNL371-23,23813774,14414,78,1536,0.0,1261.0,953.26171875,952.5
BGE00294-NC_r_1.3_s_100_BGE00294-NC,BGE00294-NC,508904,99,14,1539,0.0,18.0,6.951267056530215,7.0
BGSNL337-23_r_1.5_s_50_BGSNL337-23,BGSNL337-23,8619826,241,203,1533,0.0,34.0,11.275929549902152,10.0
BGSNL315-23_r_1.3_s_100_BGSNL315-23,BGSNL315-23,7195368,2176,125,1533,71.0,201.0,129.8825831702544,126.0
BGSNL304-23_r_1.3_s_100_BGSNL304-23,BGSNL304-23,6448670,2321,32,1533,64.0,204.0,129.3013698630137,125.0
BGSNL297-23_r_1.3_s_100_BGSNL297-23,BGSNL297-23,9037041,2939,9,1533,81.0,325.0,203.24461839530332,207.0
BGSNL376-23_r_1_s_50_BGSNL376-23,BGSNL376-23,18182783,1413,3,1542,0.0,118.0,57.7295719844358,57.0
BGSNL355-23_r_1_s_50_BGSNL355-23,BGSNL355-23,751883,146,11,1533,2.0,16.0,7.614481409001957,8.0
BGSNL380-23_r_1_s_50_BGSNL380-23,BGSNL380-23,20095016,6983,1023,1542,0.0,610.0,504.26653696498056,503.0
BGSNL292-23_r_1.5_s_100_BGSNL292-23,BGSNL292-23,8577599,2558,0,1533,58.0,225.0,154.86301369863014,154.0
BGSNL346-23_r_1.3_s_50_BGSNL346-23,BGSNL346-23,7700344,1162,111,1533,20.0,107.0,55.193737769080236,55.0
BGSNL322-23_r_1_s_50_BGSNL322-23,BGSNL322-23,22566626,1152,1,1533,23.0,111.0,53.63013698630137,52.0
BGSNL336-23_r_1_s_50_BGSNL336-23,BGSNL336-23,6036864,1379,293,1533,48.0,130.0,79.7788649706458,77.0
BGSNL313-23_r_1_s_50_BGSNL313-23,BGSNL313-23,3514116,949,3,1533,14.0,82.0,40.821917808219176,40.0
BGSNL360-23_r_1_s_50_BGSNL360-23,BGSNL360-23,2100276,96,48,1533,0.0,14.0,3.5949119373776908,2.0
BGSNL366-23_r_1.3_s_50_BGSNL366-23,BGSNL366-23,1209777,394,15,1533,0.0,42.0,17.94324853228963,16.0
BGSNL365-23_r_1_s_50_BGSNL365-23,BGSNL365-23,4487972,455,13,1533,6.0,45.0,19.97651663405088,19.0
BGSNL328-23_r_1.5_s_100_BGSNL328-23,BGSNL328-23,7944754,2720,194,1533,87.0,263.0,156.65557729941293,150.0
BGSNL326-23_r_1.3_s_100_BGSNL326-23,BGSNL326-23,3923686,162,48,1533,0.0,26.0,8.557729941291585,8.0
BGSNL350-23_r_1.5_s_50_BGSNL350-23,BGSNL350-23,438293,362,42,1533,0.0,61.0,13.806262230919765,12.0
BGSNL334-23_r_1.3_s_50_BGSNL334-23,BGSNL334-23,6277265,583,2,1533,6.0,66.0,28.38747553816047,26.0
BGSNL355-23_r_1.5_s_50_BGSNL355-23,BGSNL355-23,751883,123,11,1533,1.0,14.0,6.681017612524462,7.0
BGSNL306-23_r_1.3_s_100_BGSNL306-23,BGSNL306-23,15244772,2856,178,1533,81.0,238.0,156.69667318982388,155.0
BGSNL300-23_r_1.3_s_50_BGSNL300-23,BGSNL300-23,5167523,2174,172,1533,79.0,200.0,128.23287671232876,122.0
BGSNL303-23_r_1.3_s_100_BGSNL303-23,BGSNL303-23,3767298,205,0,1533,0.0,30.0,10.360078277886497,10.0
BGSNL292-23_r_1.3_s_50_BGSNL292-23,BGSNL292-23,8577599,3474,0,1533,101.0,256.0,183.24853228962817,182.0
BGSNL338-23_r_1.3_s_50_BGSNL338-23,BGSNL338-23,12366182,728,11,1533,13.0,55.0,32.68297455968689,32.0
BGSNL314-23_r_1.3_s_50_BGSNL314-23,BGSNL314-23,8351513,4841,287,1533,145.0,417.0,267.31898238747556,263.0
BGSNL339-23_r_1_s_50_BGSNL339-23,BGSNL339-23,989001,98,14,1533,0.0,18.0,3.9628180039138945,4.0
BGSNL362-23_r_1.3_s_100_BGSNL362-23,BGSNL362-23,7115975,2139,56,1533,48.0,208.0,124.32681017612525,120.0
BGSNL373-23_r_1.3_s_50_BGSNL373-23,BGSNL373-23,13835310,11876,374,1536,1.0,1474.0,702.064453125,660.5
BGSNL287-23_r_1_s_100_BGSNL287-23,BGSNL287-23,5295223,1245,153,1533,35.0,136.0,76.40313111545989,72.0
BGSNL339-23_r_1.3_s_100_BGSNL339-23,BGSNL339-23,989001,34,14,1533,0.0,6.0,1.796477495107632,2.0
BGSNL374-23_r_1_s_50_BGSNL374-23,BGSNL374-23,13686577,11998,557,1536,4.0,1224.0,770.833984375,745.5
BGSNL324-23_r_1.3_s_50_BGSNL324-23,BGSNL324-23,4834287,288,1,1533,2.0,25.0,14.048923679060666,14.0
BGSNL312-23_r_1_s_50_BGSNL312-23,BGSNL312-23,909929,171,14,1533,0.0,16.0,6.776908023483366,7.0
BGSNL335-23_r_1.3_s_100_BGSNL335-23,BGSNL335-23,27621457,4226,75,1533,90.0,488.0,237.2720156555773,232.0
BGSNL321-23_r_1.3_s_50_BGSNL321-23,BGSNL321-23,10128129,2085,109,1533,24.0,153.0,94.20352250489236,94.0
BGSNL367-23_r_1.5_s_100_BGSNL367-23,BGSNL367-23,322637,14,19,1533,0.0,4.0,0.7671232876712328,0.0
BGSNL327-23_r_1_s_50_BGSNL327-23,BGSNL327-23,6925249,672,76,1533,8.0,53.0,28.450097847358123,28.0
BGSNL364-23_r_1_s_50_BGSNL364-23,BGSNL364-23,3820063,706,4,1533,5.0,75.0,31.07632093933464,28.0
BGSNL327-23_r_1.3_s_50_BGSNL327-23,BGSNL327-23,6925249,624,76,1533,6.0,52.0,26.626223091976517,26.0
BGSNL379-23_r_1_s_100_BGSNL379-23,BGSNL379-23,19217678,6641,31,1542,2.0,658.0,521.4747081712062,520.0
BGSNL340-23_r_1.5_s_50_BGSNL340-23,BGSNL340-23,8551681,3005,27,1533,124.0,275.0,197.3972602739726,201.0
BGSNL335-23_r_1_s_100_BGSNL335-23,BGSNL335-23,27621457,4232,75,1533,90.0,488.0,237.61839530332682,232.0
BGSNL287-23_r_1.3_s_50_BGSNL287-23,BGSNL287-23,5295223,1765,153,1533,52.0,152.0,91.88845401174169,88.0
BGSNL329-23_r_1.5_s_50_BGSNL329-23,BGSNL329-23,8242195,2166,9,1533,54.0,215.0,140.92172211350294,141.0
BGSNL288-23_r_1_s_100_BGSNL288-23,BGSNL288-23,4430762,430,47,1533,4.0,44.0,23.64187866927593,24.0
BGSNL329-23_r_1_s_50_BGSNL329-23,BGSNL329-23,8242195,2330,9,1533,54.0,216.0,147.1839530332681,149.0
BGSNL286-23_r_1_s_50_BGSNL286-23,BGSNL286-23,3552732,1613,32,1533,29.0,148.0,75.59882583170254,72.0
BGSNL293-23_r_1.5_s_50_BGSNL293-23,BGSNL293-23,5293599,1535,92,1533,50.0,143.0,81.08610567514677,80.0
BGSNL290-23_r_1_s_50_BGSNL290-23,BGSNL290-23,6818168,408,205,1533,6.0,39.0,18.919765166340508,18.0
BGSNL301-23_r_1.3_s_50_BGSNL301-23,BGSNL301-23,9456580,533,0,1533,8.0,50.0,23.315068493150687,22.0
BGSNL307-23_r_1.5_s_100_BGSNL307-23,BGSNL307-23,5818620,217,4,1533,2.0,24.0,12.13307240704501,12.0
BGSNL371-23_r_1_s_50_BGSNL371-23,BGSNL371-23,23813774,19006,78,1536,1.0,1474.0,1099.2578125,1078.0
BGSNL376-23_r_1_s_100_BGSNL376-23,BGSNL376-23,18182783,689,3,1542,0.0,72.0,36.0,34.0
BGSNL294-23_r_1_s_100_BGSNL294-23,BGSNL294-23,1215259,445,61,1533,6.0,46.0,25.753424657534246,26.0
BGSNL331-23_r_1.3_s_50_BGSNL331-23,BGSNL331-23,1082169,218,8,1533,1.0,22.0,9.418786692759296,9.0
BGSNL311-23_r_1.3_s_50_BGSNL311-23,BGSNL311-23,7017611,832,4,1533,12.0,69.0,39.099804305283755,38.0
BGSNL287-23_r_1_s_50_BGSNL287-23,BGSNL287-23,5295223,1803,153,1533,54.0,156.0,93.09197651663405,90.0
BGSNL305-23_r_1.3_s_100_BGSNL305-23,BGSNL305-23,9244193,2847,76,1533,63.0,237.0,161.12328767123287,159.0
BGSNL372-23_r_1.3_s_100_BGSNL372-23,BGSNL372-23,8220016,2657,13,1536,0.0,260.0,187.982421875,185.5
BGSNL344-23_r_1_s_100_BGSNL344-23,BGSNL344-23,14530339,2828,564,1533,91.0,262.0,181.16046966731898,178.0
BGSNL308-23_r_1.5_s_50_BGSNL308-23,BGSNL308-23,7016387,1003,45,1533,20.0,82.0,45.545988258317024,45.0
BGSNL368-23_r_1.5_s_50_BGSNL368-23,BGSNL368-23,7074866,511,3,1533,6.0,54.0,24.113502935420744,22.0
BGSNL348-23_r_1.5_s_50_BGSNL348-23,BGSNL348-23,8170242,3668,38,1533,148.0,319.0,215.29158512720156,213.0
BGSNL348-23_r_1.3_s_100_BGSNL348-23,BGSNL348-23,8170242,3020,38,1533,97.0,301.0,196.2133072407045,197.0
BGSNL342-23_r_1.3_s_100_BGSNL342-23,BGSNL342-23,9073761,2392,0,1533,84.0,236.0,181.87084148727985,182.0
BGSNL294-23_r_1.3_s_100_BGSNL294-23,BGSNL294-23,1215259,443,61,1533,6.0,44.0,25.573385518591,26.0
BGSNL318-23_r_1_s_100_BGSNL318-23,BGSNL318-23,10857451,1504,155,1533,32.0,142.0,86.82583170254404,86.0
BGSNL349-23_r_1.5_s_100_BGSNL349-23,BGSNL349-23,8808353,2539,2,1533,87.0,280.0,181.82191780821918,181.0
BGSNL345-23_r_1.5_s_50_BGSNL345-23,BGSNL345-23,13505788,2138,343,1533,73.0,168.0,115.35812133072407,114.0
BGSNL291-23_r_1.3_s_50_BGSNL291-23,BGSNL291-23,5001286,216,52,1533,0.0,24.0,9.504892367906066,9.0
BGSNL306-23_r_1_s_100_BGSNL306-23,BGSNL306-23,15244772,2859,178,1533,81.0,238.0,156.91389432485323,154.0
BGSNL379-23_r_1.3_s_100_BGSNL379-23,BGSNL379-23,19217678,6614,31,1542,2.0,654.0,519.4280155642024,516.5
BGSNL356-23_r_1_s_50_BGSNL356-23,BGSNL356-23,1693354,627,312,1533,0.0,87.0,38.35225048923679,39.0
BGSNL378-23_r_1.3_s_50_BGSNL378-23,BGSNL378-23,20404737,8690,8,1542,0.0,763.0,645.4377431906614,649.0
