ambig_basecount	ambig_full_basecount	dataset	error	identification	identification_method	identification_rank	marker_code	nuc_basecount	nuc_full_basecount	obs_taxon	sequence_id	species	stop_codons	group_id	r	s
5	33	data/BGE00189_MGE-BGE_r1_1.3_1.5_s50_100.fasta	None	Andrenidae	BLAST	family	COI-5P	652	1515	Andrenidae	BGENL1521-24_r_1_s_50	Andrena chersona	0	BGENL1521-24	1	50
0	21	data/BGE00189_MGE-BGE_r1_1.3_1.5_s50_100.fasta	None	Andrenidae	BLAST	family	COI-5P	607	1440	Andrenidae	BGENL1521-24_r_1_s_100	Andrena chersona	0	BGENL1521-24	1	100
1	3	data/BGE00189_MGE-BGE_r1_1.3_1.5_s50_100.fasta	None	Andrenidae	BLAST	family	COI-5P	655	1521	Andrenidae	BGENL1521-24_r_1.3_s_50	Andrena chersona	0	BGENL1521-24	1.3	50
0	1	data/BGE00189_MGE-BGE_r1_1.3_1.5_s50_100.fasta	None	Andrenidae	BLAST	family	COI-5P	604	1389	Andrenidae	BGENL1521-24_r_1.3_s_100	Andrena chersona	2	BGENL1521-24	1.3	100
4	4	data/BGE00189_MGE-BGE_r1_1.3_1.5_s50_100.fasta	None	Andrenidae	BLAST	family	COI-5P	616	1359	Andrenidae	BGENL1521-24_r_1.5_s_50	Andrena chersona	0	BGENL1521-24	1.5	50
3	3	data/BGE00189_MGE-BGE_r1_1.3_1.5_s50_100.fasta	None	Andrenidae	BLAST	family	COI-5P	553	1146	Andrenidae	BGENL1521-24_r_1.5_s_100	Andrena chersona	0	BGENL1521-24	1.5	100
29	78	data/BGE00189_MGE-BGE_r1_1.3_1.5_s50_100.fasta	None	Andrenidae	BLAST	family	COI-5P	652	1521	Andrenidae	BGENL1522-24_r_1_s_50	Andrena chersona	0	BGENL1522-24	1	50
12	59	data/BGE00189_MGE-BGE_r1_1.3_1.5_s50_100.fasta	None	Andrenidae	BLAST	family	COI-5P	652	1515	Andrenidae	BGENL1522-24_r_1_s_100	Andrena chersona	0	BGENL1522-24	1	100
7	18	data/BGE00189_MGE-BGE_r1_1.3_1.5_s50_100.fasta	None	Andrenidae	BLAST	family	COI-5P	655	1515	Andrenidae	BGENL1522-24_r_1.3_s_50	Andrena chersona	0	BGENL1522-24	1.3	50
4	17	data/BGE00189_MGE-BGE_r1_1.3_1.5_s50_100.fasta	None	Andrenidae	BLAST	family	COI-5P	649	1503	Andrenidae	BGENL1522-24_r_1.3_s_100	Andrena chersona	0	BGENL1522-24	1.3	100
1	2	data/BGE00189_MGE-BGE_r1_1.3_1.5_s50_100.fasta	None	Andrenidae	BLAST	family	COI-5P	655	1515	Andrenidae	BGENL1522-24_r_1.5_s_50	Andrena chersona	0	BGENL1522-24	1.5	50
2	7	data/BGE00189_MGE-BGE_r1_1.3_1.5_s50_100.fasta	None	Andrenidae	BLAST	family	COI-5P	649	1479	Andrenidae,Halictidae	BGENL1522-24_r_1.5_s_100	Andrena chersona	0	BGENL1522-24	1.5	100
0	0	data/BGE00189_MGE-BGE_r1_1.3_1.5_s50_100.fasta	None	Andrenidae	BLAST	family	COI-5P	655	1545	Andrenidae	BGENL1523-24_r_1_s_50	Andrena caneae	0	BGENL1523-24	1	50
0	0	data/BGE00189_MGE-BGE_r1_1.3_1.5_s50_100.fasta	None	Andrenidae	BLAST	family	COI-5P	655	1545	Andrenidae	BGENL1523-24_r_1_s_100	Andrena caneae	0	BGENL1523-24	1	100
0	0	data/BGE00189_MGE-BGE_r1_1.3_1.5_s50_100.fasta	None	Andrenidae	BLAST	family	COI-5P	655	1545	Andrenidae	BGENL1523-24_r_1.3_s_50	Andrena caneae	0	BGENL1523-24	1.3	50
0	0	data/BGE00189_MGE-BGE_r1_1.3_1.5_s50_100.fasta	None	Andrenidae	BLAST	family	COI-5P	655	1545	Andrenidae	BGENL1523-24_r_1.3_s_100	Andrena caneae	0	BGENL1523-24	1.3	100
0	0	data/BGE00189_MGE-BGE_r1_1.3_1.5_s50_100.fasta	None	Andrenidae	BLAST	family	COI-5P	655	1545	Andrenidae	BGENL1523-24_r_1.5_s_50	Andrena caneae	0	BGENL1523-24	1.5	50
0	0	data/BGE00189_MGE-BGE_r1_1.3_1.5_s50_100.fasta	None	Andrenidae	BLAST	family	COI-5P	655	1545	Andrenidae	BGENL1523-24_r_1.5_s_100	Andrena caneae	0	BGENL1523-24	1.5	100
0	0	data/BGE00189_MGE-BGE_r1_1.3_1.5_s50_100.fasta	None	Andrenidae	BLAST	family	COI-5P	655	1545	Andrenidae	BGENL1524-24_r_1_s_50	Andrena caneae	0	BGENL1524-24	1	50
0	0	data/BGE00189_MGE-BGE_r1_1.3_1.5_s50_100.fasta	None	Andrenidae	BLAST	family	COI-5P	655	1545	Andrenidae	BGENL1524-24_r_1_s_100	Andrena caneae	0	BGENL1524-24	1	100
0	0	data/BGE00189_MGE-BGE_r1_1.3_1.5_s50_100.fasta	None	Andrenidae	BLAST	family	COI-5P	655	1545	Andrenidae	BGENL1524-24_r_1.3_s_50	Andrena caneae	0	BGENL1524-24	1.3	50
0	0	data/BGE00189_MGE-BGE_r1_1.3_1.5_s50_100.fasta	None	Andrenidae	BLAST	family	COI-5P	655	1545	Andrenidae	BGENL1524-24_r_1.3_s_100	Andrena caneae	0	BGENL1524-24	1.3	100
0	0	data/BGE00189_MGE-BGE_r1_1.3_1.5_s50_100.fasta	None	Andrenidae	BLAST	family	COI-5P	655	1545	Andrenidae	BGENL1524-24_r_1.5_s_50	Andrena caneae	0	BGENL1524-24	1.5	50
0	0	data/BGE00189_MGE-BGE_r1_1.3_1.5_s50_100.fasta	None	Andrenidae	BLAST	family	COI-5P	655	1545	Andrenidae	BGENL1524-24_r_1.5_s_100	Andrena caneae	0	BGENL1524-24	1.5	100
0	0	data/BGE00189_MGE-BGE_r1_1.3_1.5_s50_100.fasta	None	Andrenidae	BLAST	family	COI-5P	655	1545	Andrenidae	BGENL1525-24_r_1_s_50	Andrena caneae	0	BGENL1525-24	1	50
0	0	data/BGE00189_MGE-BGE_r1_1.3_1.5_s50_100.fasta	None	Andrenidae	BLAST	family	COI-5P	655	1545	Andrenidae	BGENL1525-24_r_1_s_100	Andrena caneae	0	BGENL1525-24	1	100
0	0	data/BGE00189_MGE-BGE_r1_1.3_1.5_s50_100.fasta	None	Andrenidae	BLAST	family	COI-5P	655	1545	Andrenidae	BGENL1525-24_r_1.3_s_50	Andrena caneae	0	BGENL1525-24	1.3	50
0	0	data/BGE00189_MGE-BGE_r1_1.3_1.5_s50_100.fasta	None	Andrenidae	BLAST	family	COI-5P	655	1545	Andrenidae	BGENL1525-24_r_1.3_s_100	Andrena caneae	0	BGENL1525-24	1.3	100
0	0	data/BGE00189_MGE-BGE_r1_1.3_1.5_s50_100.fasta	None	Andrenidae	BLAST	family	COI-5P	655	1545	Andrenidae	BGENL1525-24_r_1.5_s_50	Andrena caneae	0	BGENL1525-24	1.5	50
0	0	data/BGE00189_MGE-BGE_r1_1.3_1.5_s50_100.fasta	None	Andrenidae	BLAST	family	COI-5P	655	1545	Andrenidae	BGENL1525-24_r_1.5_s_100	Andrena caneae	0	BGENL1525-24	1.5	100
0	0	data/BGE00189_MGE-BGE_r1_1.3_1.5_s50_100.fasta	None	Andrenidae	BLAST	family	COI-5P	657	1545	Andrenidae	BGENL1526-24_r_1_s_50	Andrena mocsaryi	0	BGENL1526-24	1	50
0	0	data/BGE00189_MGE-BGE_r1_1.3_1.5_s50_100.fasta	None	Andrenidae	BLAST	family	COI-5P	657	1545	Andrenidae	BGENL1526-24_r_1_s_100	Andrena mocsaryi	0	BGENL1526-24	1	100
0	0	data/BGE00189_MGE-BGE_r1_1.3_1.5_s50_100.fasta	None	Andrenidae	BLAST	family	COI-5P	657	1545	Andrenidae	BGENL1526-24_r_1.3_s_50	Andrena mocsaryi	0	BGENL1526-24	1.3	50
0	0	data/BGE00189_MGE-BGE_r1_1.3_1.5_s50_100.fasta	None	Andrenidae	BLAST	family	COI-5P	657	1545	Andrenidae	BGENL1526-24_r_1.3_s_100	Andrena mocsaryi	0	BGENL1526-24	1.3	100
0	0	data/BGE00189_MGE-BGE_r1_1.3_1.5_s50_100.fasta	None	Andrenidae	BLAST	family	COI-5P	657	1545	Andrenidae	BGENL1526-24_r_1.5_s_50	Andrena mocsaryi	0	BGENL1526-24	1.5	50
0	0	data/BGE00189_MGE-BGE_r1_1.3_1.5_s50_100.fasta	None	Andrenidae	BLAST	family	COI-5P	657	1545	Andrenidae	BGENL1526-24_r_1.5_s_100	Andrena mocsaryi	0	BGENL1526-24	1.5	100
0	0	data/BGE00189_MGE-BGE_r1_1.3_1.5_s50_100.fasta	None	Andrenidae	BLAST	family	COI-5P	657	1545	Andrenidae	BGENL1527-24_r_1_s_50	Andrena mocsaryi	0	BGENL1527-24	1	50
0	0	data/BGE00189_MGE-BGE_r1_1.3_1.5_s50_100.fasta	None	Andrenidae	BLAST	family	COI-5P	657	1545	Andrenidae	BGENL1527-24_r_1_s_100	Andrena mocsaryi	0	BGENL1527-24	1	100
0	0	data/BGE00189_MGE-BGE_r1_1.3_1.5_s50_100.fasta	None	Andrenidae	BLAST	family	COI-5P	657	1545	Andrenidae	BGENL1527-24_r_1.3_s_50	Andrena mocsaryi	0	BGENL1527-24	1.3	50
0	0	data/BGE00189_MGE-BGE_r1_1.3_1.5_s50_100.fasta	None	Andrenidae	BLAST	family	COI-5P	657	1545	Andrenidae	BGENL1527-24_r_1.3_s_100	Andrena mocsaryi	0	BGENL1527-24	1.3	100
0	0	data/BGE00189_MGE-BGE_r1_1.3_1.5_s50_100.fasta	None	Andrenidae	BLAST	family	COI-5P	657	1545	Andrenidae	BGENL1527-24_r_1.5_s_50	Andrena mocsaryi	0	BGENL1527-24	1.5	50
0	0	data/BGE00189_MGE-BGE_r1_1.3_1.5_s50_100.fasta	None	Andrenidae	BLAST	family	COI-5P	657	1545	Andrenidae	BGENL1527-24_r_1.5_s_100	Andrena mocsaryi	0	BGENL1527-24	1.5	100
0	0	data/BGE00189_MGE-BGE_r1_1.3_1.5_s50_100.fasta	None	Andrenidae	BLAST	family	COI-5P	657	1545	Andrenidae	BGENL1528-24_r_1_s_50	Andrena mocsaryi	0	BGENL1528-24	1	50
0	0	data/BGE00189_MGE-BGE_r1_1.3_1.5_s50_100.fasta	None	Andrenidae	BLAST	family	COI-5P	657	1545	Andrenidae	BGENL1528-24_r_1_s_100	Andrena mocsaryi	0	BGENL1528-24	1	100
0	0	data/BGE00189_MGE-BGE_r1_1.3_1.5_s50_100.fasta	None	Andrenidae	BLAST	family	COI-5P	657	1545	Andrenidae	BGENL1528-24_r_1.3_s_50	Andrena mocsaryi	0	BGENL1528-24	1.3	50
0	0	data/BGE00189_MGE-BGE_r1_1.3_1.5_s50_100.fasta	None	Andrenidae	BLAST	family	COI-5P	657	1545	Andrenidae	BGENL1528-24_r_1.3_s_100	Andrena mocsaryi	0	BGENL1528-24	1.3	100
0	0	data/BGE00189_MGE-BGE_r1_1.3_1.5_s50_100.fasta	None	Andrenidae	BLAST	family	COI-5P	657	1545	Andrenidae	BGENL1528-24_r_1.5_s_50	Andrena mocsaryi	0	BGENL1528-24	1.5	50
0	0	data/BGE00189_MGE-BGE_r1_1.3_1.5_s50_100.fasta	None	Andrenidae	BLAST	family	COI-5P	657	1545	Andrenidae	BGENL1528-24_r_1.5_s_100	Andrena mocsaryi	0	BGENL1528-24	1.5	100
0	0	data/BGE00189_MGE-BGE_r1_1.3_1.5_s50_100.fasta	None	Andrenidae	BLAST	family	COI-5P	656	1545	Andrenidae	BGENL1529-24_r_1_s_50	Andrena clypella	0	BGENL1529-24	1	50
0	0	data/BGE00189_MGE-BGE_r1_1.3_1.5_s50_100.fasta	None	Andrenidae	BLAST	family	COI-5P	656	1545	Andrenidae	BGENL1529-24_r_1_s_100	Andrena clypella	0	BGENL1529-24	1	100
0	0	data/BGE00189_MGE-BGE_r1_1.3_1.5_s50_100.fasta	None	Andrenidae	BLAST	family	COI-5P	656	1545	Andrenidae	BGENL1529-24_r_1.3_s_50	Andrena clypella	0	BGENL1529-24	1.3	50
0	0	data/BGE00189_MGE-BGE_r1_1.3_1.5_s50_100.fasta	None	Andrenidae	BLAST	family	COI-5P	656	1545	Andrenidae	BGENL1529-24_r_1.3_s_100	Andrena clypella	0	BGENL1529-24	1.3	100
0	0	data/BGE00189_MGE-BGE_r1_1.3_1.5_s50_100.fasta	None	Andrenidae	BLAST	family	COI-5P	656	1545	Andrenidae	BGENL1529-24_r_1.5_s_50	Andrena clypella	0	BGENL1529-24	1.5	50
0	0	data/BGE00189_MGE-BGE_r1_1.3_1.5_s50_100.fasta	None	Andrenidae	BLAST	family	COI-5P	656	1545	Andrenidae	BGENL1529-24_r_1.5_s_100	Andrena clypella	0	BGENL1529-24	1.5	100
0	0	data/BGE00189_MGE-BGE_r1_1.3_1.5_s50_100.fasta	None	Andrenidae	BLAST	family	COI-5P	656	1545	Andrenidae	BGENL1530-24_r_1_s_50	Andrena clypella	0	BGENL1530-24	1	50
0	0	data/BGE00189_MGE-BGE_r1_1.3_1.5_s50_100.fasta	None	Andrenidae	BLAST	family	COI-5P	656	1545	Andrenidae	BGENL1530-24_r_1_s_100	Andrena clypella	0	BGENL1530-24	1	100
0	0	data/BGE00189_MGE-BGE_r1_1.3_1.5_s50_100.fasta	None	Andrenidae	BLAST	family	COI-5P	656	1545	Andrenidae	BGENL1530-24_r_1.3_s_50	Andrena clypella	0	BGENL1530-24	1.3	50
0	0	data/BGE00189_MGE-BGE_r1_1.3_1.5_s50_100.fasta	None	Andrenidae	BLAST	family	COI-5P	656	1545	Andrenidae	BGENL1530-24_r_1.3_s_100	Andrena clypella	0	BGENL1530-24	1.3	100
0	0	data/BGE00189_MGE-BGE_r1_1.3_1.5_s50_100.fasta	None	Andrenidae	BLAST	family	COI-5P	656	1545	Andrenidae	BGENL1530-24_r_1.5_s_50	Andrena clypella	0	BGENL1530-24	1.5	50
0	0	data/BGE00189_MGE-BGE_r1_1.3_1.5_s50_100.fasta	None	Andrenidae	BLAST	family	COI-5P	656	1545	Andrenidae	BGENL1530-24_r_1.5_s_100	Andrena clypella	0	BGENL1530-24	1.5	100
0	0	data/BGE00189_MGE-BGE_r1_1.3_1.5_s50_100.fasta	None	Andrenidae	BLAST	family	COI-5P	656	1545	Andrenidae	BGENL1531-24_r_1_s_50	Andrena clypella	0	BGENL1531-24	1	50
0	0	data/BGE00189_MGE-BGE_r1_1.3_1.5_s50_100.fasta	None	Andrenidae	BLAST	family	COI-5P	656	1545	Andrenidae	BGENL1531-24_r_1_s_100	Andrena clypella	0	BGENL1531-24	1	100
0	0	data/BGE00189_MGE-BGE_r1_1.3_1.5_s50_100.fasta	None	Andrenidae	BLAST	family	COI-5P	656	1545	Andrenidae	BGENL1531-24_r_1.3_s_50	Andrena clypella	0	BGENL1531-24	1.3	50
0	0	data/BGE00189_MGE-BGE_r1_1.3_1.5_s50_100.fasta	None	Andrenidae	BLAST	family	COI-5P	656	1545	Andrenidae	BGENL1531-24_r_1.3_s_100	Andrena clypella	0	BGENL1531-24	1.3	100
0	0	data/BGE00189_MGE-BGE_r1_1.3_1.5_s50_100.fasta	None	Andrenidae	BLAST	family	COI-5P	656	1545	Andrenidae	BGENL1531-24_r_1.5_s_50	Andrena clypella	0	BGENL1531-24	1.5	50
0	0	data/BGE00189_MGE-BGE_r1_1.3_1.5_s50_100.fasta	None	Andrenidae	BLAST	family	COI-5P	656	1545	Andrenidae	BGENL1531-24_r_1.5_s_100	Andrena clypella	0	BGENL1531-24	1.5	100
None	0	data/BGE00189_MGE-BGE_r1_1.3_1.5_s50_100.fasta	Local BLAST failed for sequence ''	Andrenidae	BLAST	family	COI-5P	None	0		BGENL1532-24_r_1_s_50	Andrena rotundilabris	0	BGENL1532-24	1	50
None	0	data/BGE00189_MGE-BGE_r1_1.3_1.5_s50_100.fasta	Local BLAST failed for sequence ''	Andrenidae	BLAST	family	COI-5P	None	0		BGENL1532-24_r_1_s_100	Andrena rotundilabris	0	BGENL1532-24	1	100
None	0	data/BGE00189_MGE-BGE_r1_1.3_1.5_s50_100.fasta	Local BLAST failed for sequence ''	Andrenidae	BLAST	family	COI-5P	None	0		BGENL1532-24_r_1.3_s_50	Andrena rotundilabris	0	BGENL1532-24	1.3	50
None	0	data/BGE00189_MGE-BGE_r1_1.3_1.5_s50_100.fasta	Local BLAST failed for sequence ''	Andrenidae	BLAST	family	COI-5P	None	0		BGENL1532-24_r_1.3_s_100	Andrena rotundilabris	0	BGENL1532-24	1.3	100
None	0	data/BGE00189_MGE-BGE_r1_1.3_1.5_s50_100.fasta	Local BLAST failed for sequence ''	Andrenidae	BLAST	family	COI-5P	None	0		BGENL1532-24_r_1.5_s_50	Andrena rotundilabris	0	BGENL1532-24	1.5	50
None	0	data/BGE00189_MGE-BGE_r1_1.3_1.5_s50_100.fasta	Local BLAST failed for sequence ''	Andrenidae	BLAST	family	COI-5P	None	0		BGENL1532-24_r_1.5_s_100	Andrena rotundilabris	0	BGENL1532-24	1.5	100
0	0	data/BGE00189_MGE-BGE_r1_1.3_1.5_s50_100.fasta	None	Andrenidae	BLAST	family	COI-5P	656	1545	Andrenidae	BGENL1533-24_r_1_s_50	Andrena roseipes	0	BGENL1533-24	1	50
0	1	data/BGE00189_MGE-BGE_r1_1.3_1.5_s50_100.fasta	None	Andrenidae	BLAST	family	COI-5P	656	1545	Andrenidae	BGENL1533-24_r_1_s_100	Andrena roseipes	0	BGENL1533-24	1	100
0	0	data/BGE00189_MGE-BGE_r1_1.3_1.5_s50_100.fasta	None	Andrenidae	BLAST	family	COI-5P	656	1545	Andrenidae	BGENL1533-24_r_1.3_s_50	Andrena roseipes	0	BGENL1533-24	1.3	50
0	0	data/BGE00189_MGE-BGE_r1_1.3_1.5_s50_100.fasta	None	Andrenidae	BLAST	family	COI-5P	656	1545	Andrenidae	BGENL1533-24_r_1.3_s_100	Andrena roseipes	0	BGENL1533-24	1.3	100
0	0	data/BGE00189_MGE-BGE_r1_1.3_1.5_s50_100.fasta	None	Andrenidae	BLAST	family	COI-5P	656	1545	Andrenidae	BGENL1533-24_r_1.5_s_50	Andrena roseipes	0	BGENL1533-24	1.5	50
0	0	data/BGE00189_MGE-BGE_r1_1.3_1.5_s50_100.fasta	None	Andrenidae	BLAST	family	COI-5P	656	1545	Andrenidae	BGENL1533-24_r_1.5_s_100	Andrena roseipes	0	BGENL1533-24	1.5	100
0	0	data/BGE00189_MGE-BGE_r1_1.3_1.5_s50_100.fasta	None	Andrenidae	BLAST	family	COI-5P	655	1545	Andrenidae	BGENL1534-24_r_1_s_50	Andrena mocsaryi	0	BGENL1534-24	1	50
0	0	data/BGE00189_MGE-BGE_r1_1.3_1.5_s50_100.fasta	None	Andrenidae	BLAST	family	COI-5P	655	1545	Andrenidae	BGENL1534-24_r_1_s_100	Andrena mocsaryi	0	BGENL1534-24	1	100
0	0	data/BGE00189_MGE-BGE_r1_1.3_1.5_s50_100.fasta	None	Andrenidae	BLAST	family	COI-5P	655	1545	Andrenidae	BGENL1534-24_r_1.3_s_50	Andrena mocsaryi	0	BGENL1534-24	1.3	50
0	0	data/BGE00189_MGE-BGE_r1_1.3_1.5_s50_100.fasta	None	Andrenidae	BLAST	family	COI-5P	655	1545	Andrenidae	BGENL1534-24_r_1.3_s_100	Andrena mocsaryi	0	BGENL1534-24	1.3	100
0	0	data/BGE00189_MGE-BGE_r1_1.3_1.5_s50_100.fasta	None	Andrenidae	BLAST	family	COI-5P	655	1545	Andrenidae	BGENL1534-24_r_1.5_s_50	Andrena mocsaryi	0	BGENL1534-24	1.5	50
0	0	data/BGE00189_MGE-BGE_r1_1.3_1.5_s50_100.fasta	None	Andrenidae	BLAST	family	COI-5P	655	1545	Andrenidae	BGENL1534-24_r_1.5_s_100	Andrena mocsaryi	0	BGENL1534-24	1.5	100
0	0	data/BGE00189_MGE-BGE_r1_1.3_1.5_s50_100.fasta	None	Andrenidae	BLAST	family	COI-5P	657	1545	Andrenidae	BGENL1535-24_r_1_s_50	Andrena mocsaryi	0	BGENL1535-24	1	50
0	0	data/BGE00189_MGE-BGE_r1_1.3_1.5_s50_100.fasta	None	Andrenidae	BLAST	family	COI-5P	657	1545	Andrenidae	BGENL1535-24_r_1_s_100	Andrena mocsaryi	0	BGENL1535-24	1	100
0	0	data/BGE00189_MGE-BGE_r1_1.3_1.5_s50_100.fasta	None	Andrenidae	BLAST	family	COI-5P	657	1545	Andrenidae	BGENL1535-24_r_1.3_s_50	Andrena mocsaryi	0	BGENL1535-24	1.3	50
0	0	data/BGE00189_MGE-BGE_r1_1.3_1.5_s50_100.fasta	None	Andrenidae	BLAST	family	COI-5P	657	1545	Andrenidae	BGENL1535-24_r_1.3_s_100	Andrena mocsaryi	0	BGENL1535-24	1.3	100
0	0	data/BGE00189_MGE-BGE_r1_1.3_1.5_s50_100.fasta	None	Andrenidae	BLAST	family	COI-5P	657	1545	Andrenidae	BGENL1535-24_r_1.5_s_50	Andrena mocsaryi	0	BGENL1535-24	1.5	50
0	0	data/BGE00189_MGE-BGE_r1_1.3_1.5_s50_100.fasta	None	Andrenidae	BLAST	family	COI-5P	657	1545	Andrenidae	BGENL1535-24_r_1.5_s_100	Andrena mocsaryi	0	BGENL1535-24	1.5	100
0	0	data/BGE00189_MGE-BGE_r1_1.3_1.5_s50_100.fasta	None	Andrenidae	BLAST	family	COI-5P	657	1545	Andrenidae	BGENL1536-24_r_1_s_50	Andrena mocsaryi	0	BGENL1536-24	1	50
0	0	data/BGE00189_MGE-BGE_r1_1.3_1.5_s50_100.fasta	None	Andrenidae	BLAST	family	COI-5P	657	1545	Andrenidae	BGENL1536-24_r_1_s_100	Andrena mocsaryi	0	BGENL1536-24	1	100
0	0	data/BGE00189_MGE-BGE_r1_1.3_1.5_s50_100.fasta	None	Andrenidae	BLAST	family	COI-5P	657	1545	Andrenidae	BGENL1536-24_r_1.3_s_50	Andrena mocsaryi	0	BGENL1536-24	1.3	50
0	0	data/BGE00189_MGE-BGE_r1_1.3_1.5_s50_100.fasta	None	Andrenidae	BLAST	family	COI-5P	657	1545	Andrenidae	BGENL1536-24_r_1.3_s_100	Andrena mocsaryi	0	BGENL1536-24	1.3	100
0	0	data/BGE00189_MGE-BGE_r1_1.3_1.5_s50_100.fasta	None	Andrenidae	BLAST	family	COI-5P	657	1545	Andrenidae	BGENL1536-24_r_1.5_s_50	Andrena mocsaryi	0	BGENL1536-24	1.5	50
0	0	data/BGE00189_MGE-BGE_r1_1.3_1.5_s50_100.fasta	None	Andrenidae	BLAST	family	COI-5P	657	1545	Andrenidae	BGENL1536-24_r_1.5_s_100	Andrena mocsaryi	0	BGENL1536-24	1.5	100
0	0	data/BGE00189_MGE-BGE_r1_1.3_1.5_s50_100.fasta	None	Andrenidae	BLAST	family	COI-5P	657	1545	Andrenidae	BGENL1537-24_r_1_s_50	Andrena dorsalis	0	BGENL1537-24	1	50
0	0	data/BGE00189_MGE-BGE_r1_1.3_1.5_s50_100.fasta	None	Andrenidae	BLAST	family	COI-5P	657	1545	Andrenidae	BGENL1537-24_r_1_s_100	Andrena dorsalis	0	BGENL1537-24	1	100
0	0	data/BGE00189_MGE-BGE_r1_1.3_1.5_s50_100.fasta	None	Andrenidae	BLAST	family	COI-5P	657	1545	Andrenidae	BGENL1537-24_r_1.3_s_50	Andrena dorsalis	0	BGENL1537-24	1.3	50
0	0	data/BGE00189_MGE-BGE_r1_1.3_1.5_s50_100.fasta	None	Andrenidae	BLAST	family	COI-5P	657	1545	Andrenidae	BGENL1537-24_r_1.3_s_100	Andrena dorsalis	0	BGENL1537-24	1.3	100
0	0	data/BGE00189_MGE-BGE_r1_1.3_1.5_s50_100.fasta	None	Andrenidae	BLAST	family	COI-5P	657	1545	Andrenidae	BGENL1537-24_r_1.5_s_50	Andrena dorsalis	0	BGENL1537-24	1.5	50
0	0	data/BGE00189_MGE-BGE_r1_1.3_1.5_s50_100.fasta	None	Andrenidae	BLAST	family	COI-5P	657	1545	Andrenidae	BGENL1537-24_r_1.5_s_100	Andrena dorsalis	0	BGENL1537-24	1.5	100
0	0	data/BGE00189_MGE-BGE_r1_1.3_1.5_s50_100.fasta	None	Andrenidae	BLAST	family	COI-5P	657	1545	Andrenidae	BGENL1538-24_r_1_s_50	Andrena dorsalis	0	BGENL1538-24	1	50
0	0	data/BGE00189_MGE-BGE_r1_1.3_1.5_s50_100.fasta	None	Andrenidae	BLAST	family	COI-5P	657	1545	Andrenidae	BGENL1538-24_r_1_s_100	Andrena dorsalis	0	BGENL1538-24	1	100
0	0	data/BGE00189_MGE-BGE_r1_1.3_1.5_s50_100.fasta	None	Andrenidae	BLAST	family	COI-5P	657	1545	Andrenidae	BGENL1538-24_r_1.3_s_50	Andrena dorsalis	0	BGENL1538-24	1.3	50
0	0	data/BGE00189_MGE-BGE_r1_1.3_1.5_s50_100.fasta	None	Andrenidae	BLAST	family	COI-5P	657	1545	Andrenidae	BGENL1538-24_r_1.3_s_100	Andrena dorsalis	0	BGENL1538-24	1.3	100
0	0	data/BGE00189_MGE-BGE_r1_1.3_1.5_s50_100.fasta	None	Andrenidae	BLAST	family	COI-5P	657	1545	Andrenidae	BGENL1538-24_r_1.5_s_50	Andrena dorsalis	0	BGENL1538-24	1.5	50
0	0	data/BGE00189_MGE-BGE_r1_1.3_1.5_s50_100.fasta	None	Andrenidae	BLAST	family	COI-5P	657	1545	Andrenidae	BGENL1538-24_r_1.5_s_100	Andrena dorsalis	0	BGENL1538-24	1.5	100
0	0	data/BGE00189_MGE-BGE_r1_1.3_1.5_s50_100.fasta	None	Andrenidae	BLAST	family	COI-5P	657	1545	Andrenidae	BGENL1539-24_r_1_s_50	Andrena dorsalis	0	BGENL1539-24	1	50
0	0	data/BGE00189_MGE-BGE_r1_1.3_1.5_s50_100.fasta	None	Andrenidae	BLAST	family	COI-5P	657	1545	Andrenidae	BGENL1539-24_r_1_s_100	Andrena dorsalis	0	BGENL1539-24	1	100
0	0	data/BGE00189_MGE-BGE_r1_1.3_1.5_s50_100.fasta	None	Andrenidae	BLAST	family	COI-5P	657	1545	Andrenidae	BGENL1539-24_r_1.3_s_50	Andrena dorsalis	0	BGENL1539-24	1.3	50
0	0	data/BGE00189_MGE-BGE_r1_1.3_1.5_s50_100.fasta	None	Andrenidae	BLAST	family	COI-5P	657	1545	Andrenidae	BGENL1539-24_r_1.3_s_100	Andrena dorsalis	0	BGENL1539-24	1.3	100
0	0	data/BGE00189_MGE-BGE_r1_1.3_1.5_s50_100.fasta	None	Andrenidae	BLAST	family	COI-5P	657	1545	Andrenidae	BGENL1539-24_r_1.5_s_50	Andrena dorsalis	0	BGENL1539-24	1.5	50
0	0	data/BGE00189_MGE-BGE_r1_1.3_1.5_s50_100.fasta	None	Andrenidae	BLAST	family	COI-5P	657	1545	Andrenidae	BGENL1539-24_r_1.5_s_100	Andrena dorsalis	0	BGENL1539-24	1.5	100
12	60	data/BGE00189_MGE-BGE_r1_1.3_1.5_s50_100.fasta	None	Andrenidae	BLAST	family	COI-5P	656	1545	Andrenidae	BGENL1540-24_r_1_s_50	Andrena dentiventris	0	BGENL1540-24	1	50
22	63	data/BGE00189_MGE-BGE_r1_1.3_1.5_s50_100.fasta	None	Andrenidae	BLAST	family	COI-5P	656	1509	Andrenidae	BGENL1540-24_r_1_s_100	Andrena dentiventris	0	BGENL1540-24	1	100
5	5	data/BGE00189_MGE-BGE_r1_1.3_1.5_s50_100.fasta	None	Andrenidae	BLAST	family	COI-5P	656	1545	Andrenidae	BGENL1540-24_r_1.3_s_50	Andrena dentiventris	0	BGENL1540-24	1.3	50
6	7	data/BGE00189_MGE-BGE_r1_1.3_1.5_s50_100.fasta	None	Andrenidae	BLAST	family	COI-5P	656	1509	Andrenidae	BGENL1540-24_r_1.3_s_100	Andrena dentiventris	0	BGENL1540-24	1.3	100
4	4	data/BGE00189_MGE-BGE_r1_1.3_1.5_s50_100.fasta	None	Andrenidae	BLAST	family	COI-5P	656	1542	Andrenidae	BGENL1540-24_r_1.5_s_50	Andrena dentiventris	0	BGENL1540-24	1.5	50
6	6	data/BGE00189_MGE-BGE_r1_1.3_1.5_s50_100.fasta	None	Andrenidae	BLAST	family	COI-5P	656	1509	Andrenidae	BGENL1540-24_r_1.5_s_100	Andrena dentiventris	0	BGENL1540-24	1.5	100
17	53	data/BGE00189_MGE-BGE_r1_1.3_1.5_s50_100.fasta	None	Andrenidae	BLAST	family	COI-5P	656	1545	Andrenidae	BGENL1541-24_r_1_s_50	Andrena dentiventris	0	BGENL1541-24	1	50
11	53	data/BGE00189_MGE-BGE_r1_1.3_1.5_s50_100.fasta	None	Andrenidae	BLAST	family	COI-5P	656	1545	Andrenidae	BGENL1541-24_r_1_s_100	Andrena dentiventris	0	BGENL1541-24	1	100
6	15	data/BGE00189_MGE-BGE_r1_1.3_1.5_s50_100.fasta	None	Andrenidae	BLAST	family	COI-5P	656	1545	Andrenidae	BGENL1541-24_r_1.3_s_50	Andrena dentiventris	0	BGENL1541-24	1.3	50
6	22	data/BGE00189_MGE-BGE_r1_1.3_1.5_s50_100.fasta	None	Andrenidae	BLAST	family	COI-5P	656	1545	Andrenidae	BGENL1541-24_r_1.3_s_100	Andrena dentiventris	0	BGENL1541-24	1.3	100
5	9	data/BGE00189_MGE-BGE_r1_1.3_1.5_s50_100.fasta	None	Andrenidae	BLAST	family	COI-5P	656	1545	Andrenidae	BGENL1541-24_r_1.5_s_50	Andrena dentiventris	0	BGENL1541-24	1.5	50
4	6	data/BGE00189_MGE-BGE_r1_1.3_1.5_s50_100.fasta	None	Andrenidae	BLAST	family	COI-5P	656	1545	Andrenidae	BGENL1541-24_r_1.5_s_100	Andrena dentiventris	0	BGENL1541-24	1.5	100
0	0	data/BGE00189_MGE-BGE_r1_1.3_1.5_s50_100.fasta	None	Andrenidae	BLAST	family	COI-5P	656	1545	Andrenidae	BGENL1542-24_r_1_s_50	Andrena dentiventris	0	BGENL1542-24	1	50
0	0	data/BGE00189_MGE-BGE_r1_1.3_1.5_s50_100.fasta	None	Andrenidae	BLAST	family	COI-5P	656	1545	Andrenidae	BGENL1542-24_r_1_s_100	Andrena dentiventris	0	BGENL1542-24	1	100
0	0	data/BGE00189_MGE-BGE_r1_1.3_1.5_s50_100.fasta	None	Andrenidae	BLAST	family	COI-5P	656	1545	Andrenidae	BGENL1542-24_r_1.3_s_50	Andrena dentiventris	0	BGENL1542-24	1.3	50
0	0	data/BGE00189_MGE-BGE_r1_1.3_1.5_s50_100.fasta	None	Andrenidae	BLAST	family	COI-5P	656	1545	Andrenidae	BGENL1542-24_r_1.3_s_100	Andrena dentiventris	0	BGENL1542-24	1.3	100
0	0	data/BGE00189_MGE-BGE_r1_1.3_1.5_s50_100.fasta	None	Andrenidae	BLAST	family	COI-5P	656	1545	Andrenidae	BGENL1542-24_r_1.5_s_50	Andrena dentiventris	0	BGENL1542-24	1.5	50
0	0	data/BGE00189_MGE-BGE_r1_1.3_1.5_s50_100.fasta	None	Andrenidae	BLAST	family	COI-5P	656	1545	Andrenidae	BGENL1542-24_r_1.5_s_100	Andrena dentiventris	0	BGENL1542-24	1.5	100
0	4	data/BGE00189_MGE-BGE_r1_1.3_1.5_s50_100.fasta	None	Andrenidae	BLAST	family	COI-5P	655	1545	Andrenidae	BGENL1543-24_r_1_s_50	Andrena combaella	0	BGENL1543-24	1	50
0	1	data/BGE00189_MGE-BGE_r1_1.3_1.5_s50_100.fasta	None	Andrenidae	BLAST	family	COI-5P	655	1545	Andrenidae	BGENL1543-24_r_1_s_100	Andrena combaella	0	BGENL1543-24	1	100
0	1	data/BGE00189_MGE-BGE_r1_1.3_1.5_s50_100.fasta	None	Andrenidae	BLAST	family	COI-5P	655	1545	Andrenidae	BGENL1543-24_r_1.3_s_50	Andrena combaella	0	BGENL1543-24	1.3	50
0	1	data/BGE00189_MGE-BGE_r1_1.3_1.5_s50_100.fasta	None	Andrenidae	BLAST	family	COI-5P	655	1545	Andrenidae	BGENL1543-24_r_1.3_s_100	Andrena combaella	0	BGENL1543-24	1.3	100
0	0	data/BGE00189_MGE-BGE_r1_1.3_1.5_s50_100.fasta	None	Andrenidae	BLAST	family	COI-5P	655	1545	Andrenidae	BGENL1543-24_r_1.5_s_50	Andrena combaella	0	BGENL1543-24	1.5	50
0	1	data/BGE00189_MGE-BGE_r1_1.3_1.5_s50_100.fasta	None	Andrenidae	BLAST	family	COI-5P	655	1545	Andrenidae	BGENL1543-24_r_1.5_s_100	Andrena combaella	0	BGENL1543-24	1.5	100
0	0	data/BGE00189_MGE-BGE_r1_1.3_1.5_s50_100.fasta	None	Andrenidae	BLAST	family	COI-5P	655	1545	Andrenidae	BGENL1544-24_r_1_s_50	Andrena combaella	0	BGENL1544-24	1	50
0	0	data/BGE00189_MGE-BGE_r1_1.3_1.5_s50_100.fasta	None	Andrenidae	BLAST	family	COI-5P	655	1545	Andrenidae	BGENL1544-24_r_1_s_100	Andrena combaella	0	BGENL1544-24	1	100
0	0	data/BGE00189_MGE-BGE_r1_1.3_1.5_s50_100.fasta	None	Andrenidae	BLAST	family	COI-5P	655	1545	Andrenidae	BGENL1544-24_r_1.3_s_50	Andrena combaella	0	BGENL1544-24	1.3	50
0	0	data/BGE00189_MGE-BGE_r1_1.3_1.5_s50_100.fasta	None	Andrenidae	BLAST	family	COI-5P	655	1545	Andrenidae	BGENL1544-24_r_1.3_s_100	Andrena combaella	0	BGENL1544-24	1.3	100
0	0	data/BGE00189_MGE-BGE_r1_1.3_1.5_s50_100.fasta	None	Andrenidae	BLAST	family	COI-5P	655	1545	Andrenidae	BGENL1544-24_r_1.5_s_50	Andrena combaella	0	BGENL1544-24	1.5	50
0	0	data/BGE00189_MGE-BGE_r1_1.3_1.5_s50_100.fasta	None	Andrenidae	BLAST	family	COI-5P	655	1545	Andrenidae	BGENL1544-24_r_1.5_s_100	Andrena combaella	0	BGENL1544-24	1.5	100
0	0	data/BGE00189_MGE-BGE_r1_1.3_1.5_s50_100.fasta	None	Andrenidae	BLAST	family	COI-5P	655	1545	Andrenidae	BGENL1545-24_r_1_s_50	Andrena combaella	0	BGENL1545-24	1	50
0	0	data/BGE00189_MGE-BGE_r1_1.3_1.5_s50_100.fasta	None	Andrenidae	BLAST	family	COI-5P	655	1545	Andrenidae	BGENL1545-24_r_1_s_100	Andrena combaella	0	BGENL1545-24	1	100
0	0	data/BGE00189_MGE-BGE_r1_1.3_1.5_s50_100.fasta	None	Andrenidae	BLAST	family	COI-5P	655	1545	Andrenidae	BGENL1545-24_r_1.3_s_50	Andrena combaella	0	BGENL1545-24	1.3	50
0	0	data/BGE00189_MGE-BGE_r1_1.3_1.5_s50_100.fasta	None	Andrenidae	BLAST	family	COI-5P	655	1545	Andrenidae	BGENL1545-24_r_1.3_s_100	Andrena combaella	0	BGENL1545-24	1.3	100
0	0	data/BGE00189_MGE-BGE_r1_1.3_1.5_s50_100.fasta	None	Andrenidae	BLAST	family	COI-5P	655	1545	Andrenidae	BGENL1545-24_r_1.5_s_50	Andrena combaella	0	BGENL1545-24	1.5	50
0	0	data/BGE00189_MGE-BGE_r1_1.3_1.5_s50_100.fasta	None	Andrenidae	BLAST	family	COI-5P	655	1545	Andrenidae	BGENL1545-24_r_1.5_s_100	Andrena combaella	0	BGENL1545-24	1.5	100
17	57	data/BGE00189_MGE-BGE_r1_1.3_1.5_s50_100.fasta	None	Andrenidae	BLAST	family	COI-5P	656	1545	Andrenidae	BGENL1546-24_r_1_s_50	Andrena figurata	0	BGENL1546-24	1	50
4	36	data/BGE00189_MGE-BGE_r1_1.3_1.5_s50_100.fasta	None	Andrenidae	BLAST	family	COI-5P	615	1467	Andrenidae	BGENL1546-24_r_1_s_100	Andrena figurata	0	BGENL1546-24	1	100
6	11	data/BGE00189_MGE-BGE_r1_1.3_1.5_s50_100.fasta	None	Andrenidae	BLAST	family	COI-5P	635	1524	Andrenidae	BGENL1546-24_r_1.3_s_50	Andrena figurata	0	BGENL1546-24	1.3	50
4	7	data/BGE00189_MGE-BGE_r1_1.3_1.5_s50_100.fasta	None	Andrenidae	BLAST	family	COI-5P	513	1368	Andrenidae	BGENL1546-24_r_1.3_s_100	Andrena figurata	0	BGENL1546-24	1.3	100
0	1	data/BGE00189_MGE-BGE_r1_1.3_1.5_s50_100.fasta	None	Andrenidae	BLAST	family	COI-5P	635	1506	Andrenidae	BGENL1546-24_r_1.5_s_50	Andrena figurata	0	BGENL1546-24	1.5	50
0	6	data/BGE00189_MGE-BGE_r1_1.3_1.5_s50_100.fasta	None	Andrenidae	BLAST	family	COI-5P	513	1353	Andrenidae	BGENL1546-24_r_1.5_s_100	Andrena figurata	0	BGENL1546-24	1.5	100
18	41	data/BGE00189_MGE-BGE_r1_1.3_1.5_s50_100.fasta	None	Andrenidae	BLAST	family	COI-5P	656	1545	Andrenidae	BGENL1547-24_r_1_s_50	Andrena figurata	0	BGENL1547-24	1	50
19	36	data/BGE00189_MGE-BGE_r1_1.3_1.5_s50_100.fasta	None	Andrenidae	BLAST	family	COI-5P	656	1545	Andrenidae	BGENL1547-24_r_1_s_100	Andrena figurata	0	BGENL1547-24	1	100
11	20	data/BGE00189_MGE-BGE_r1_1.3_1.5_s50_100.fasta	None	Andrenidae	BLAST	family	COI-5P	656	1545	Andrenidae	BGENL1547-24_r_1.3_s_50	Andrena figurata	0	BGENL1547-24	1.3	50
8	11	data/BGE00189_MGE-BGE_r1_1.3_1.5_s50_100.fasta	None	Andrenidae	BLAST	family	COI-5P	656	1545	Andrenidae	BGENL1547-24_r_1.3_s_100	Andrena figurata	0	BGENL1547-24	1.3	100
9	9	data/BGE00189_MGE-BGE_r1_1.3_1.5_s50_100.fasta	None	Andrenidae	BLAST	family	COI-5P	656	1545	Andrenidae	BGENL1547-24_r_1.5_s_50	Andrena figurata	0	BGENL1547-24	1.5	50
7	8	data/BGE00189_MGE-BGE_r1_1.3_1.5_s50_100.fasta	None	Andrenidae	BLAST	family	COI-5P	656	1545	Andrenidae	BGENL1547-24_r_1.5_s_100	Andrena figurata	0	BGENL1547-24	1.5	100
0	0	data/BGE00189_MGE-BGE_r1_1.3_1.5_s50_100.fasta	None	Andrenidae	BLAST	family	COI-5P	656	1545	Andrenidae	BGENL1548-24_r_1_s_50	Andrena figurata	0	BGENL1548-24	1	50
0	0	data/BGE00189_MGE-BGE_r1_1.3_1.5_s50_100.fasta	None	Andrenidae	BLAST	family	COI-5P	656	1545	Andrenidae	BGENL1548-24_r_1_s_100	Andrena figurata	0	BGENL1548-24	1	100
0	0	data/BGE00189_MGE-BGE_r1_1.3_1.5_s50_100.fasta	None	Andrenidae	BLAST	family	COI-5P	656	1545	Andrenidae	BGENL1548-24_r_1.3_s_50	Andrena figurata	0	BGENL1548-24	1.3	50
0	0	data/BGE00189_MGE-BGE_r1_1.3_1.5_s50_100.fasta	None	Andrenidae	BLAST	family	COI-5P	656	1545	Andrenidae	BGENL1548-24_r_1.3_s_100	Andrena figurata	0	BGENL1548-24	1.3	100
0	0	data/BGE00189_MGE-BGE_r1_1.3_1.5_s50_100.fasta	None	Andrenidae	BLAST	family	COI-5P	656	1545	Andrenidae	BGENL1548-24_r_1.5_s_50	Andrena figurata	0	BGENL1548-24	1.5	50
0	0	data/BGE00189_MGE-BGE_r1_1.3_1.5_s50_100.fasta	None	Andrenidae	BLAST	family	COI-5P	656	1545	Andrenidae	BGENL1548-24_r_1.5_s_100	Andrena figurata	0	BGENL1548-24	1.5	100
0	0	data/BGE00189_MGE-BGE_r1_1.3_1.5_s50_100.fasta	None	Andrenidae	BLAST	family	COI-5P	656	1545	Andrenidae	BGENL1549-24_r_1_s_50	Andrena fallax	0	BGENL1549-24	1	50
0	0	data/BGE00189_MGE-BGE_r1_1.3_1.5_s50_100.fasta	None	Andrenidae	BLAST	family	COI-5P	656	1545	Andrenidae	BGENL1549-24_r_1_s_100	Andrena fallax	0	BGENL1549-24	1	100
0	0	data/BGE00189_MGE-BGE_r1_1.3_1.5_s50_100.fasta	None	Andrenidae	BLAST	family	COI-5P	656	1545	Andrenidae	BGENL1549-24_r_1.3_s_50	Andrena fallax	0	BGENL1549-24	1.3	50
0	0	data/BGE00189_MGE-BGE_r1_1.3_1.5_s50_100.fasta	None	Andrenidae	BLAST	family	COI-5P	656	1545	Andrenidae	BGENL1549-24_r_1.3_s_100	Andrena fallax	0	BGENL1549-24	1.3	100
0	0	data/BGE00189_MGE-BGE_r1_1.3_1.5_s50_100.fasta	None	Andrenidae	BLAST	family	COI-5P	656	1545	Andrenidae	BGENL1549-24_r_1.5_s_50	Andrena fallax	0	BGENL1549-24	1.5	50
0	0	data/BGE00189_MGE-BGE_r1_1.3_1.5_s50_100.fasta	None	Andrenidae	BLAST	family	COI-5P	656	1545	Andrenidae	BGENL1549-24_r_1.5_s_100	Andrena fallax	0	BGENL1549-24	1.5	100
0	0	data/BGE00189_MGE-BGE_r1_1.3_1.5_s50_100.fasta	None	Andrenidae	BLAST	family	COI-5P	655	1545	Andrenidae	BGENL1550-24_r_1_s_50	Andrena exigua	0	BGENL1550-24	1	50
0	0	data/BGE00189_MGE-BGE_r1_1.3_1.5_s50_100.fasta	None	Andrenidae	BLAST	family	COI-5P	655	1545	Andrenidae	BGENL1550-24_r_1_s_100	Andrena exigua	0	BGENL1550-24	1	100
0	0	data/BGE00189_MGE-BGE_r1_1.3_1.5_s50_100.fasta	None	Andrenidae	BLAST	family	COI-5P	655	1545	Andrenidae	BGENL1550-24_r_1.3_s_50	Andrena exigua	0	BGENL1550-24	1.3	50
0	0	data/BGE00189_MGE-BGE_r1_1.3_1.5_s50_100.fasta	None	Andrenidae	BLAST	family	COI-5P	655	1545	Andrenidae	BGENL1550-24_r_1.3_s_100	Andrena exigua	0	BGENL1550-24	1.3	100
0	0	data/BGE00189_MGE-BGE_r1_1.3_1.5_s50_100.fasta	None	Andrenidae	BLAST	family	COI-5P	655	1545	Andrenidae	BGENL1550-24_r_1.5_s_50	Andrena exigua	0	BGENL1550-24	1.5	50
0	0	data/BGE00189_MGE-BGE_r1_1.3_1.5_s50_100.fasta	None	Andrenidae	BLAST	family	COI-5P	655	1545	Andrenidae	BGENL1550-24_r_1.5_s_100	Andrena exigua	0	BGENL1550-24	1.5	100
0	0	data/BGE00189_MGE-BGE_r1_1.3_1.5_s50_100.fasta	None	Andrenidae	BLAST	family	COI-5P	655	1545	Andrenidae	BGENL1551-24_r_1_s_50	Andrena exigua	0	BGENL1551-24	1	50
0	0	data/BGE00189_MGE-BGE_r1_1.3_1.5_s50_100.fasta	None	Andrenidae	BLAST	family	COI-5P	655	1545	Andrenidae	BGENL1551-24_r_1_s_100	Andrena exigua	0	BGENL1551-24	1	100
0	0	data/BGE00189_MGE-BGE_r1_1.3_1.5_s50_100.fasta	None	Andrenidae	BLAST	family	COI-5P	655	1545	Andrenidae	BGENL1551-24_r_1.3_s_50	Andrena exigua	0	BGENL1551-24	1.3	50
0	0	data/BGE00189_MGE-BGE_r1_1.3_1.5_s50_100.fasta	None	Andrenidae	BLAST	family	COI-5P	655	1545	Andrenidae	BGENL1551-24_r_1.3_s_100	Andrena exigua	0	BGENL1551-24	1.3	100
0	0	data/BGE00189_MGE-BGE_r1_1.3_1.5_s50_100.fasta	None	Andrenidae	BLAST	family	COI-5P	655	1545	Andrenidae	BGENL1551-24_r_1.5_s_50	Andrena exigua	0	BGENL1551-24	1.5	50
0	0	data/BGE00189_MGE-BGE_r1_1.3_1.5_s50_100.fasta	None	Andrenidae	BLAST	family	COI-5P	655	1545	Andrenidae	BGENL1551-24_r_1.5_s_100	Andrena exigua	0	BGENL1551-24	1.5	100
0	0	data/BGE00189_MGE-BGE_r1_1.3_1.5_s50_100.fasta	None	Andrenidae	BLAST	family	COI-5P	655	1545	Andrenidae	BGENL1552-24_r_1_s_50	Andrena exigua	0	BGENL1552-24	1	50
0	0	data/BGE00189_MGE-BGE_r1_1.3_1.5_s50_100.fasta	None	Andrenidae	BLAST	family	COI-5P	655	1545	Andrenidae	BGENL1552-24_r_1_s_100	Andrena exigua	0	BGENL1552-24	1	100
0	0	data/BGE00189_MGE-BGE_r1_1.3_1.5_s50_100.fasta	None	Andrenidae	BLAST	family	COI-5P	655	1545	Andrenidae	BGENL1552-24_r_1.3_s_50	Andrena exigua	0	BGENL1552-24	1.3	50
0	0	data/BGE00189_MGE-BGE_r1_1.3_1.5_s50_100.fasta	None	Andrenidae	BLAST	family	COI-5P	655	1545	Andrenidae	BGENL1552-24_r_1.3_s_100	Andrena exigua	0	BGENL1552-24	1.3	100
0	0	data/BGE00189_MGE-BGE_r1_1.3_1.5_s50_100.fasta	None	Andrenidae	BLAST	family	COI-5P	655	1545	Andrenidae	BGENL1552-24_r_1.5_s_50	Andrena exigua	0	BGENL1552-24	1.5	50
0	0	data/BGE00189_MGE-BGE_r1_1.3_1.5_s50_100.fasta	None	Andrenidae	BLAST	family	COI-5P	655	1545	Andrenidae	BGENL1552-24_r_1.5_s_100	Andrena exigua	0	BGENL1552-24	1.5	100
0	24	data/BGE00189_MGE-BGE_r1_1.3_1.5_s50_100.fasta	None	Andrenidae	BLAST	family	COI-5P	656	1545	Andrenidae	BGENL1553-24_r_1_s_50	Andrena erberi	0	BGENL1553-24	1	50
0	19	data/BGE00189_MGE-BGE_r1_1.3_1.5_s50_100.fasta	None	Andrenidae	BLAST	family	COI-5P	656	1545	Andrenidae	BGENL1553-24_r_1_s_100	Andrena erberi	0	BGENL1553-24	1	100
0	0	data/BGE00189_MGE-BGE_r1_1.3_1.5_s50_100.fasta	None	Andrenidae	BLAST	family	COI-5P	656	1545	Andrenidae	BGENL1553-24_r_1.3_s_50	Andrena erberi	0	BGENL1553-24	1.3	50
0	0	data/BGE00189_MGE-BGE_r1_1.3_1.5_s50_100.fasta	None	Andrenidae	BLAST	family	COI-5P	656	1545	Andrenidae	BGENL1553-24_r_1.3_s_100	Andrena erberi	0	BGENL1553-24	1.3	100
0	0	data/BGE00189_MGE-BGE_r1_1.3_1.5_s50_100.fasta	None	Andrenidae	BLAST	family	COI-5P	656	1533	Andrenidae	BGENL1553-24_r_1.5_s_50	Andrena erberi	0	BGENL1553-24	1.5	50
0	0	data/BGE00189_MGE-BGE_r1_1.3_1.5_s50_100.fasta	None	Andrenidae	BLAST	family	COI-5P	656	1533	Andrenidae	BGENL1553-24_r_1.5_s_100	Andrena erberi	0	BGENL1553-24	1.5	100
10	23	data/BGE00189_MGE-BGE_r1_1.3_1.5_s50_100.fasta	None	Andrenidae	BLAST	family	COI-5P	656	1545	Andrenidae	BGENL1554-24_r_1_s_50	Andrena erberi	0	BGENL1554-24	1	50
8	17	data/BGE00189_MGE-BGE_r1_1.3_1.5_s50_100.fasta	None	Andrenidae	BLAST	family	COI-5P	656	1545	Andrenidae	BGENL1554-24_r_1_s_100	Andrena erberi	0	BGENL1554-24	1	100
0	0	data/BGE00189_MGE-BGE_r1_1.3_1.5_s50_100.fasta	None	Andrenidae	BLAST	family	COI-5P	656	1545	Andrenidae	BGENL1554-24_r_1.3_s_50	Andrena erberi	0	BGENL1554-24	1.3	50
1	2	data/BGE00189_MGE-BGE_r1_1.3_1.5_s50_100.fasta	None	Andrenidae	BLAST	family	COI-5P	656	1545	Andrenidae	BGENL1554-24_r_1.3_s_100	Andrena erberi	0	BGENL1554-24	1.3	100
0	0	data/BGE00189_MGE-BGE_r1_1.3_1.5_s50_100.fasta	None	Andrenidae	BLAST	family	COI-5P	656	1530	Andrenidae	BGENL1554-24_r_1.5_s_50	Andrena erberi	0	BGENL1554-24	1.5	50
0	0	data/BGE00189_MGE-BGE_r1_1.3_1.5_s50_100.fasta	None	Andrenidae	BLAST	family	COI-5P	656	1443	Andrenidae	BGENL1554-24_r_1.5_s_100	Andrena erberi	0	BGENL1554-24	1.5	100
6	36	data/BGE00189_MGE-BGE_r1_1.3_1.5_s50_100.fasta	None	Andrenidae	BLAST	family	COI-5P	655	1545	Andrenidae	BGENL1555-24_r_1_s_50	Andrena erberi	0	BGENL1555-24	1	50
4	32	data/BGE00189_MGE-BGE_r1_1.3_1.5_s50_100.fasta	None	Andrenidae	BLAST	family	COI-5P	655	1545	Andrenidae	BGENL1555-24_r_1_s_100	Andrena erberi	0	BGENL1555-24	1	100
0	0	data/BGE00189_MGE-BGE_r1_1.3_1.5_s50_100.fasta	None	Andrenidae	BLAST	family	COI-5P	656	1545	Andrenidae	BGENL1555-24_r_1.3_s_50	Andrena erberi	0	BGENL1555-24	1.3	50
1	2	data/BGE00189_MGE-BGE_r1_1.3_1.5_s50_100.fasta	None	Andrenidae	BLAST	family	COI-5P	656	1545	Andrenidae	BGENL1555-24_r_1.3_s_100	Andrena erberi	0	BGENL1555-24	1.3	100
0	0	data/BGE00189_MGE-BGE_r1_1.3_1.5_s50_100.fasta	None	Andrenidae	BLAST	family	COI-5P	656	1533	Andrenidae	BGENL1555-24_r_1.5_s_50	Andrena erberi	0	BGENL1555-24	1.5	50
0	0	data/BGE00189_MGE-BGE_r1_1.3_1.5_s50_100.fasta	None	Andrenidae	BLAST	family	COI-5P	656	1533	Andrenidae	BGENL1555-24_r_1.5_s_100	Andrena erberi	0	BGENL1555-24	1.5	100
0	16	data/BGE00189_MGE-BGE_r1_1.3_1.5_s50_100.fasta	None	Andrenidae	BLAST	family	COI-5P	657	1545	Andrenidae	BGENL1556-24_r_1_s_50	Andrena enslinella	0	BGENL1556-24	1	50
4	26	data/BGE00189_MGE-BGE_r1_1.3_1.5_s50_100.fasta	None	Andrenidae	BLAST	family	COI-5P	657	1545	Andrenidae	BGENL1556-24_r_1_s_100	Andrena enslinella	0	BGENL1556-24	1	100
0	0	data/BGE00189_MGE-BGE_r1_1.3_1.5_s50_100.fasta	None	Andrenidae	BLAST	family	COI-5P	657	1545	Andrenidae	BGENL1556-24_r_1.3_s_50	Andrena enslinella	0	BGENL1556-24	1.3	50
0	0	data/BGE00189_MGE-BGE_r1_1.3_1.5_s50_100.fasta	None	Andrenidae	BLAST	family	COI-5P	657	1545	Andrenidae	BGENL1556-24_r_1.3_s_100	Andrena enslinella	0	BGENL1556-24	1.3	100
0	0	data/BGE00189_MGE-BGE_r1_1.3_1.5_s50_100.fasta	None	Andrenidae	BLAST	family	COI-5P	657	1545	Andrenidae	BGENL1556-24_r_1.5_s_50	Andrena enslinella	0	BGENL1556-24	1.5	50
0	0	data/BGE00189_MGE-BGE_r1_1.3_1.5_s50_100.fasta	None	Andrenidae	BLAST	family	COI-5P	657	1545	Andrenidae	BGENL1556-24_r_1.5_s_100	Andrena enslinella	0	BGENL1556-24	1.5	100
0	0	data/BGE00189_MGE-BGE_r1_1.3_1.5_s50_100.fasta	None	Andrenidae	BLAST	family	COI-5P	657	1545	Andrenidae	BGENL1557-24_r_1_s_50	Andrena enslinella	0	BGENL1557-24	1	50
0	0	data/BGE00189_MGE-BGE_r1_1.3_1.5_s50_100.fasta	None	Andrenidae	BLAST	family	COI-5P	657	1545	Andrenidae	BGENL1557-24_r_1_s_100	Andrena enslinella	0	BGENL1557-24	1	100
0	0	data/BGE00189_MGE-BGE_r1_1.3_1.5_s50_100.fasta	None	Andrenidae	BLAST	family	COI-5P	657	1545	Andrenidae	BGENL1557-24_r_1.3_s_50	Andrena enslinella	0	BGENL1557-24	1.3	50
0	0	data/BGE00189_MGE-BGE_r1_1.3_1.5_s50_100.fasta	None	Andrenidae	BLAST	family	COI-5P	657	1545	Andrenidae	BGENL1557-24_r_1.3_s_100	Andrena enslinella	0	BGENL1557-24	1.3	100
0	0	data/BGE00189_MGE-BGE_r1_1.3_1.5_s50_100.fasta	None	Andrenidae	BLAST	family	COI-5P	657	1545	Andrenidae	BGENL1557-24_r_1.5_s_50	Andrena enslinella	0	BGENL1557-24	1.5	50
0	0	data/BGE00189_MGE-BGE_r1_1.3_1.5_s50_100.fasta	None	Andrenidae	BLAST	family	COI-5P	657	1545	Andrenidae	BGENL1557-24_r_1.5_s_100	Andrena enslinella	0	BGENL1557-24	1.5	100
0	0	data/BGE00189_MGE-BGE_r1_1.3_1.5_s50_100.fasta	None	Andrenidae	BLAST	family	COI-5P	657	1545	Andrenidae	BGENL1558-24_r_1_s_50	Andrena enslinella	0	BGENL1558-24	1	50
0	0	data/BGE00189_MGE-BGE_r1_1.3_1.5_s50_100.fasta	None	Andrenidae	BLAST	family	COI-5P	657	1545	Andrenidae	BGENL1558-24_r_1_s_100	Andrena enslinella	0	BGENL1558-24	1	100
0	0	data/BGE00189_MGE-BGE_r1_1.3_1.5_s50_100.fasta	None	Andrenidae	BLAST	family	COI-5P	657	1545	Andrenidae	BGENL1558-24_r_1.3_s_50	Andrena enslinella	0	BGENL1558-24	1.3	50
0	0	data/BGE00189_MGE-BGE_r1_1.3_1.5_s50_100.fasta	None	Andrenidae	BLAST	family	COI-5P	657	1545	Andrenidae	BGENL1558-24_r_1.3_s_100	Andrena enslinella	0	BGENL1558-24	1.3	100
0	0	data/BGE00189_MGE-BGE_r1_1.3_1.5_s50_100.fasta	None	Andrenidae	BLAST	family	COI-5P	657	1545	Andrenidae	BGENL1558-24_r_1.5_s_50	Andrena enslinella	0	BGENL1558-24	1.5	50
0	0	data/BGE00189_MGE-BGE_r1_1.3_1.5_s50_100.fasta	None	Andrenidae	BLAST	family	COI-5P	657	1545	Andrenidae	BGENL1558-24_r_1.5_s_100	Andrena enslinella	0	BGENL1558-24	1.5	100
0	2	data/BGE00189_MGE-BGE_r1_1.3_1.5_s50_100.fasta	None	Andrenidae	BLAST	family	COI-5P	656	1545	Andrenidae	BGENL1559-24_r_1_s_50	Andrena parviceps	0	BGENL1559-24	1	50
0	0	data/BGE00189_MGE-BGE_r1_1.3_1.5_s50_100.fasta	None	Andrenidae	BLAST	family	COI-5P	656	1545	Andrenidae	BGENL1559-24_r_1_s_100	Andrena parviceps	0	BGENL1559-24	1	100
0	1	data/BGE00189_MGE-BGE_r1_1.3_1.5_s50_100.fasta	None	Andrenidae	BLAST	family	COI-5P	656	1545	Andrenidae	BGENL1559-24_r_1.3_s_50	Andrena parviceps	0	BGENL1559-24	1.3	50
0	0	data/BGE00189_MGE-BGE_r1_1.3_1.5_s50_100.fasta	None	Andrenidae	BLAST	family	COI-5P	656	1545	Andrenidae	BGENL1559-24_r_1.3_s_100	Andrena parviceps	0	BGENL1559-24	1.3	100
0	1	data/BGE00189_MGE-BGE_r1_1.3_1.5_s50_100.fasta	None	Andrenidae	BLAST	family	COI-5P	656	1545	Andrenidae	BGENL1559-24_r_1.5_s_50	Andrena parviceps	0	BGENL1559-24	1.5	50
0	0	data/BGE00189_MGE-BGE_r1_1.3_1.5_s50_100.fasta	None	Andrenidae	BLAST	family	COI-5P	656	1545	Andrenidae	BGENL1559-24_r_1.5_s_100	Andrena parviceps	0	BGENL1559-24	1.5	100
0	0	data/BGE00189_MGE-BGE_r1_1.3_1.5_s50_100.fasta	None	Andrenidae	BLAST	family	COI-5P	656	1545	Andrenidae	BGENL1560-24_r_1_s_50	Andrena parviceps	0	BGENL1560-24	1	50
0	2	data/BGE00189_MGE-BGE_r1_1.3_1.5_s50_100.fasta	None	Andrenidae	BLAST	family	COI-5P	656	1545	Andrenidae	BGENL1560-24_r_1_s_100	Andrena parviceps	0	BGENL1560-24	1	100
0	0	data/BGE00189_MGE-BGE_r1_1.3_1.5_s50_100.fasta	None	Andrenidae	BLAST	family	COI-5P	656	1545	Andrenidae	BGENL1560-24_r_1.3_s_50	Andrena parviceps	0	BGENL1560-24	1.3	50
0	0	data/BGE00189_MGE-BGE_r1_1.3_1.5_s50_100.fasta	None	Andrenidae	BLAST	family	COI-5P	656	1545	Andrenidae	BGENL1560-24_r_1.3_s_100	Andrena parviceps	0	BGENL1560-24	1.3	100
0	1	data/BGE00189_MGE-BGE_r1_1.3_1.5_s50_100.fasta	None	Andrenidae	BLAST	family	COI-5P	656	1545	Andrenidae	BGENL1560-24_r_1.5_s_50	Andrena parviceps	0	BGENL1560-24	1.5	50
0	0	data/BGE00189_MGE-BGE_r1_1.3_1.5_s50_100.fasta	None	Andrenidae	BLAST	family	COI-5P	656	1545	Andrenidae	BGENL1560-24_r_1.5_s_100	Andrena parviceps	0	BGENL1560-24	1.5	100
0	3	data/BGE00189_MGE-BGE_r1_1.3_1.5_s50_100.fasta	None	Andrenidae	BLAST	family	COI-5P	656	1545	Andrenidae	BGENL1561-24_r_1_s_50	Andrena parviceps	0	BGENL1561-24	1	50
0	0	data/BGE00189_MGE-BGE_r1_1.3_1.5_s50_100.fasta	None	Andrenidae	BLAST	family	COI-5P	656	1545	Andrenidae	BGENL1561-24_r_1_s_100	Andrena parviceps	0	BGENL1561-24	1	100
0	0	data/BGE00189_MGE-BGE_r1_1.3_1.5_s50_100.fasta	None	Andrenidae	BLAST	family	COI-5P	656	1545	Andrenidae	BGENL1561-24_r_1.3_s_50	Andrena parviceps	0	BGENL1561-24	1.3	50
0	0	data/BGE00189_MGE-BGE_r1_1.3_1.5_s50_100.fasta	None	Andrenidae	BLAST	family	COI-5P	656	1545	Andrenidae	BGENL1561-24_r_1.3_s_100	Andrena parviceps	0	BGENL1561-24	1.3	100
0	0	data/BGE00189_MGE-BGE_r1_1.3_1.5_s50_100.fasta	None	Andrenidae	BLAST	family	COI-5P	656	1545	Andrenidae	BGENL1561-24_r_1.5_s_50	Andrena parviceps	0	BGENL1561-24	1.5	50
0	0	data/BGE00189_MGE-BGE_r1_1.3_1.5_s50_100.fasta	None	Andrenidae	BLAST	family	COI-5P	656	1545	Andrenidae	BGENL1561-24_r_1.5_s_100	Andrena parviceps	0	BGENL1561-24	1.5	100
0	0	data/BGE00189_MGE-BGE_r1_1.3_1.5_s50_100.fasta	None	Andrenidae	BLAST	family	COI-5P	655	1545	Andrenidae	BGENL1562-24_r_1_s_50	Andrena passerina	0	BGENL1562-24	1	50
0	2	data/BGE00189_MGE-BGE_r1_1.3_1.5_s50_100.fasta	None	Andrenidae	BLAST	family	COI-5P	655	1545	Andrenidae	BGENL1562-24_r_1_s_100	Andrena passerina	0	BGENL1562-24	1	100
0	0	data/BGE00189_MGE-BGE_r1_1.3_1.5_s50_100.fasta	None	Andrenidae	BLAST	family	COI-5P	655	1545	Andrenidae	BGENL1562-24_r_1.3_s_50	Andrena passerina	0	BGENL1562-24	1.3	50
0	0	data/BGE00189_MGE-BGE_r1_1.3_1.5_s50_100.fasta	None	Andrenidae	BLAST	family	COI-5P	655	1545	Andrenidae	BGENL1562-24_r_1.3_s_100	Andrena passerina	0	BGENL1562-24	1.3	100
0	0	data/BGE00189_MGE-BGE_r1_1.3_1.5_s50_100.fasta	None	Andrenidae	BLAST	family	COI-5P	655	1545	Andrenidae	BGENL1562-24_r_1.5_s_50	Andrena passerina	0	BGENL1562-24	1.5	50
0	0	data/BGE00189_MGE-BGE_r1_1.3_1.5_s50_100.fasta	None	Andrenidae	BLAST	family	COI-5P	655	1545	Andrenidae	BGENL1562-24_r_1.5_s_100	Andrena passerina	0	BGENL1562-24	1.5	100
0	0	data/BGE00189_MGE-BGE_r1_1.3_1.5_s50_100.fasta	None	Andrenidae	BLAST	family	COI-5P	655	1545	Andrenidae	BGENL1563-24_r_1_s_50	Andrena passerina	0	BGENL1563-24	1	50
0	0	data/BGE00189_MGE-BGE_r1_1.3_1.5_s50_100.fasta	None	Andrenidae	BLAST	family	COI-5P	655	1545	Andrenidae	BGENL1563-24_r_1_s_100	Andrena passerina	0	BGENL1563-24	1	100
0	0	data/BGE00189_MGE-BGE_r1_1.3_1.5_s50_100.fasta	None	Andrenidae	BLAST	family	COI-5P	655	1545	Andrenidae	BGENL1563-24_r_1.3_s_50	Andrena passerina	0	BGENL1563-24	1.3	50
0	0	data/BGE00189_MGE-BGE_r1_1.3_1.5_s50_100.fasta	None	Andrenidae	BLAST	family	COI-5P	655	1545	Andrenidae	BGENL1563-24_r_1.3_s_100	Andrena passerina	0	BGENL1563-24	1.3	100
0	0	data/BGE00189_MGE-BGE_r1_1.3_1.5_s50_100.fasta	None	Andrenidae	BLAST	family	COI-5P	655	1545	Andrenidae	BGENL1563-24_r_1.5_s_50	Andrena passerina	0	BGENL1563-24	1.5	50
0	0	data/BGE00189_MGE-BGE_r1_1.3_1.5_s50_100.fasta	None	Andrenidae	BLAST	family	COI-5P	655	1545	Andrenidae	BGENL1563-24_r_1.5_s_100	Andrena passerina	0	BGENL1563-24	1.5	100
1	1	data/BGE00189_MGE-BGE_r1_1.3_1.5_s50_100.fasta	None	Andrenidae	BLAST	family	COI-5P	655	1545	Andrenidae	BGENL1564-24_r_1_s_50	Andrena passerina	0	BGENL1564-24	1	50
0	0	data/BGE00189_MGE-BGE_r1_1.3_1.5_s50_100.fasta	None	Andrenidae	BLAST	family	COI-5P	655	1545	Andrenidae	BGENL1564-24_r_1_s_100	Andrena passerina	0	BGENL1564-24	1	100
0	0	data/BGE00189_MGE-BGE_r1_1.3_1.5_s50_100.fasta	None	Andrenidae	BLAST	family	COI-5P	655	1545	Andrenidae	BGENL1564-24_r_1.3_s_50	Andrena passerina	0	BGENL1564-24	1.3	50
0	0	data/BGE00189_MGE-BGE_r1_1.3_1.5_s50_100.fasta	None	Andrenidae	BLAST	family	COI-5P	655	1545	Andrenidae	BGENL1564-24_r_1.3_s_100	Andrena passerina	0	BGENL1564-24	1.3	100
0	0	data/BGE00189_MGE-BGE_r1_1.3_1.5_s50_100.fasta	None	Andrenidae	BLAST	family	COI-5P	655	1545	Andrenidae	BGENL1564-24_r_1.5_s_50	Andrena passerina	0	BGENL1564-24	1.5	50
0	0	data/BGE00189_MGE-BGE_r1_1.3_1.5_s50_100.fasta	None	Andrenidae	BLAST	family	COI-5P	655	1545	Andrenidae	BGENL1564-24_r_1.5_s_100	Andrena passerina	0	BGENL1564-24	1.5	100
18	52	data/BGE00189_MGE-BGE_r1_1.3_1.5_s50_100.fasta	None	Andrenidae	BLAST	family	COI-5P	655	1545	Andrenidae	BGENL1565-24_r_1_s_50	Andrena pellucens	0	BGENL1565-24	1	50
13	36	data/BGE00189_MGE-BGE_r1_1.3_1.5_s50_100.fasta	None	Andrenidae	BLAST	family	COI-5P	655	1545	Andrenidae	BGENL1565-24_r_1_s_100	Andrena pellucens	1	BGENL1565-24	1	100
5	5	data/BGE00189_MGE-BGE_r1_1.3_1.5_s50_100.fasta	None	Andrenidae	BLAST	family	COI-5P	655	1545	Andrenidae	BGENL1565-24_r_1.3_s_50	Andrena pellucens	0	BGENL1565-24	1.3	50
3	3	data/BGE00189_MGE-BGE_r1_1.3_1.5_s50_100.fasta	None	Andrenidae	BLAST	family	COI-5P	655	1545	Andrenidae	BGENL1565-24_r_1.3_s_100	Andrena pellucens	0	BGENL1565-24	1.3	100
0	0	data/BGE00189_MGE-BGE_r1_1.3_1.5_s50_100.fasta	None	Andrenidae	BLAST	family	COI-5P	655	1545	Andrenidae	BGENL1565-24_r_1.5_s_50	Andrena pellucens	0	BGENL1565-24	1.5	50
0	0	data/BGE00189_MGE-BGE_r1_1.3_1.5_s50_100.fasta	None	Andrenidae	BLAST	family	COI-5P	655	1545	Andrenidae	BGENL1565-24_r_1.5_s_100	Andrena pellucens	0	BGENL1565-24	1.5	100
0	0	data/BGE00189_MGE-BGE_r1_1.3_1.5_s50_100.fasta	None	Andrenidae	BLAST	family	COI-5P	655	1545	Andrenidae	BGENL1566-24_r_1_s_50	Andrena pellucens	0	BGENL1566-24	1	50
0	0	data/BGE00189_MGE-BGE_r1_1.3_1.5_s50_100.fasta	None	Andrenidae	BLAST	family	COI-5P	655	1545	Andrenidae	BGENL1566-24_r_1_s_100	Andrena pellucens	0	BGENL1566-24	1	100
0	0	data/BGE00189_MGE-BGE_r1_1.3_1.5_s50_100.fasta	None	Andrenidae	BLAST	family	COI-5P	655	1545	Andrenidae	BGENL1566-24_r_1.3_s_50	Andrena pellucens	0	BGENL1566-24	1.3	50
0	0	data/BGE00189_MGE-BGE_r1_1.3_1.5_s50_100.fasta	None	Andrenidae	BLAST	family	COI-5P	655	1545	Andrenidae	BGENL1566-24_r_1.3_s_100	Andrena pellucens	0	BGENL1566-24	1.3	100
0	0	data/BGE00189_MGE-BGE_r1_1.3_1.5_s50_100.fasta	None	Andrenidae	BLAST	family	COI-5P	655	1545	Andrenidae	BGENL1566-24_r_1.5_s_50	Andrena pellucens	0	BGENL1566-24	1.5	50
0	0	data/BGE00189_MGE-BGE_r1_1.3_1.5_s50_100.fasta	None	Andrenidae	BLAST	family	COI-5P	655	1545	Andrenidae	BGENL1566-24_r_1.5_s_100	Andrena pellucens	0	BGENL1566-24	1.5	100
0	0	data/BGE00189_MGE-BGE_r1_1.3_1.5_s50_100.fasta	None	Andrenidae	BLAST	family	COI-5P	655	1545	Andrenidae	BGENL1567-24_r_1_s_50	Andrena pellucens	0	BGENL1567-24	1	50
0	0	data/BGE00189_MGE-BGE_r1_1.3_1.5_s50_100.fasta	None	Andrenidae	BLAST	family	COI-5P	655	1545	Andrenidae	BGENL1567-24_r_1_s_100	Andrena pellucens	0	BGENL1567-24	1	100
0	0	data/BGE00189_MGE-BGE_r1_1.3_1.5_s50_100.fasta	None	Andrenidae	BLAST	family	COI-5P	655	1545	Andrenidae	BGENL1567-24_r_1.3_s_50	Andrena pellucens	0	BGENL1567-24	1.3	50
0	0	data/BGE00189_MGE-BGE_r1_1.3_1.5_s50_100.fasta	None	Andrenidae	BLAST	family	COI-5P	655	1545	Andrenidae	BGENL1567-24_r_1.3_s_100	Andrena pellucens	0	BGENL1567-24	1.3	100
0	0	data/BGE00189_MGE-BGE_r1_1.3_1.5_s50_100.fasta	None	Andrenidae	BLAST	family	COI-5P	655	1545	Andrenidae	BGENL1567-24_r_1.5_s_50	Andrena pellucens	0	BGENL1567-24	1.5	50
0	0	data/BGE00189_MGE-BGE_r1_1.3_1.5_s50_100.fasta	None	Andrenidae	BLAST	family	COI-5P	655	1545	Andrenidae	BGENL1567-24_r_1.5_s_100	Andrena pellucens	0	BGENL1567-24	1.5	100
0	0	data/BGE00189_MGE-BGE_r1_1.3_1.5_s50_100.fasta	None	Andrenidae	BLAST	family	COI-5P	656	1545	Andrenidae	BGENL1568-24_r_1_s_50	Andrena kornosica	0	BGENL1568-24	1	50
0	0	data/BGE00189_MGE-BGE_r1_1.3_1.5_s50_100.fasta	None	Andrenidae	BLAST	family	COI-5P	656	1545	Andrenidae	BGENL1568-24_r_1_s_100	Andrena kornosica	0	BGENL1568-24	1	100
0	0	data/BGE00189_MGE-BGE_r1_1.3_1.5_s50_100.fasta	None	Andrenidae	BLAST	family	COI-5P	656	1545	Andrenidae	BGENL1568-24_r_1.3_s_50	Andrena kornosica	0	BGENL1568-24	1.3	50
0	0	data/BGE00189_MGE-BGE_r1_1.3_1.5_s50_100.fasta	None	Andrenidae	BLAST	family	COI-5P	656	1545	Andrenidae	BGENL1568-24_r_1.3_s_100	Andrena kornosica	0	BGENL1568-24	1.3	100
0	0	data/BGE00189_MGE-BGE_r1_1.3_1.5_s50_100.fasta	None	Andrenidae	BLAST	family	COI-5P	656	1545	Andrenidae	BGENL1568-24_r_1.5_s_50	Andrena kornosica	0	BGENL1568-24	1.5	50
0	0	data/BGE00189_MGE-BGE_r1_1.3_1.5_s50_100.fasta	None	Andrenidae	BLAST	family	COI-5P	656	1545	Andrenidae	BGENL1568-24_r_1.5_s_100	Andrena kornosica	0	BGENL1568-24	1.5	100
None	0	data/BGE00189_MGE-BGE_r1_1.3_1.5_s50_100.fasta	Local BLAST failed for sequence ''	Andrenidae	BLAST	family	COI-5P	None	0		BGENL1569-24_r_1_s_50	Andrena kornosica	0	BGENL1569-24	1	50
None	0	data/BGE00189_MGE-BGE_r1_1.3_1.5_s50_100.fasta	Local BLAST failed for sequence ''	Andrenidae	BLAST	family	COI-5P	None	0		BGENL1569-24_r_1_s_100	Andrena kornosica	0	BGENL1569-24	1	100
None	0	data/BGE00189_MGE-BGE_r1_1.3_1.5_s50_100.fasta	Local BLAST failed for sequence ''	Andrenidae	BLAST	family	COI-5P	None	0		BGENL1569-24_r_1.3_s_50	Andrena kornosica	0	BGENL1569-24	1.3	50
None	0	data/BGE00189_MGE-BGE_r1_1.3_1.5_s50_100.fasta	Local BLAST failed for sequence ''	Andrenidae	BLAST	family	COI-5P	None	0		BGENL1569-24_r_1.3_s_100	Andrena kornosica	0	BGENL1569-24	1.3	100
None	0	data/BGE00189_MGE-BGE_r1_1.3_1.5_s50_100.fasta	Local BLAST failed for sequence ''	Andrenidae	BLAST	family	COI-5P	None	0		BGENL1569-24_r_1.5_s_50	Andrena kornosica	0	BGENL1569-24	1.5	50
None	0	data/BGE00189_MGE-BGE_r1_1.3_1.5_s50_100.fasta	Local BLAST failed for sequence ''	Andrenidae	BLAST	family	COI-5P	None	0		BGENL1569-24_r_1.5_s_100	Andrena kornosica	0	BGENL1569-24	1.5	100
0	0	data/BGE00189_MGE-BGE_r1_1.3_1.5_s50_100.fasta	None	Andrenidae	BLAST	family	COI-5P	656	1545	Andrenidae	BGENL1570-24_r_1_s_50	Andrena kornosica	0	BGENL1570-24	1	50
0	0	data/BGE00189_MGE-BGE_r1_1.3_1.5_s50_100.fasta	None	Andrenidae	BLAST	family	COI-5P	656	1545	Andrenidae	BGENL1570-24_r_1_s_100	Andrena kornosica	0	BGENL1570-24	1	100
0	0	data/BGE00189_MGE-BGE_r1_1.3_1.5_s50_100.fasta	None	Andrenidae	BLAST	family	COI-5P	656	1545	Andrenidae	BGENL1570-24_r_1.3_s_50	Andrena kornosica	0	BGENL1570-24	1.3	50
0	0	data/BGE00189_MGE-BGE_r1_1.3_1.5_s50_100.fasta	None	Andrenidae	BLAST	family	COI-5P	656	1545	Andrenidae	BGENL1570-24_r_1.3_s_100	Andrena kornosica	0	BGENL1570-24	1.3	100
0	0	data/BGE00189_MGE-BGE_r1_1.3_1.5_s50_100.fasta	None	Andrenidae	BLAST	family	COI-5P	656	1545	Andrenidae	BGENL1570-24_r_1.5_s_50	Andrena kornosica	0	BGENL1570-24	1.5	50
0	0	data/BGE00189_MGE-BGE_r1_1.3_1.5_s50_100.fasta	None	Andrenidae	BLAST	family	COI-5P	656	1545	Andrenidae	BGENL1570-24_r_1.5_s_100	Andrena kornosica	0	BGENL1570-24	1.5	100
0	0	data/BGE00189_MGE-BGE_r1_1.3_1.5_s50_100.fasta	None	Andrenidae	BLAST	family	COI-5P	655	1545	Andrenidae	BGENL1571-24_r_1_s_50	Andrena flavobila	0	BGENL1571-24	1	50
0	0	data/BGE00189_MGE-BGE_r1_1.3_1.5_s50_100.fasta	None	Andrenidae	BLAST	family	COI-5P	655	1545	Andrenidae	BGENL1571-24_r_1_s_100	Andrena flavobila	0	BGENL1571-24	1	100
0	0	data/BGE00189_MGE-BGE_r1_1.3_1.5_s50_100.fasta	None	Andrenidae	BLAST	family	COI-5P	655	1545	Andrenidae	BGENL1571-24_r_1.3_s_50	Andrena flavobila	0	BGENL1571-24	1.3	50
0	0	data/BGE00189_MGE-BGE_r1_1.3_1.5_s50_100.fasta	None	Andrenidae	BLAST	family	COI-5P	655	1545	Andrenidae	BGENL1571-24_r_1.3_s_100	Andrena flavobila	0	BGENL1571-24	1.3	100
0	0	data/BGE00189_MGE-BGE_r1_1.3_1.5_s50_100.fasta	None	Andrenidae	BLAST	family	COI-5P	655	1545	Andrenidae	BGENL1571-24_r_1.5_s_50	Andrena flavobila	0	BGENL1571-24	1.5	50
0	0	data/BGE00189_MGE-BGE_r1_1.3_1.5_s50_100.fasta	None	Andrenidae	BLAST	family	COI-5P	655	1545	Andrenidae	BGENL1571-24_r_1.5_s_100	Andrena flavobila	0	BGENL1571-24	1.5	100
0	0	data/BGE00189_MGE-BGE_r1_1.3_1.5_s50_100.fasta	None	Andrenidae	BLAST	family	COI-5P	655	1545	Andrenidae	BGENL1572-24_r_1_s_50	Andrena flavobila	0	BGENL1572-24	1	50
0	0	data/BGE00189_MGE-BGE_r1_1.3_1.5_s50_100.fasta	None	Andrenidae	BLAST	family	COI-5P	655	1545	Andrenidae	BGENL1572-24_r_1_s_100	Andrena flavobila	0	BGENL1572-24	1	100
0	0	data/BGE00189_MGE-BGE_r1_1.3_1.5_s50_100.fasta	None	Andrenidae	BLAST	family	COI-5P	655	1545	Andrenidae	BGENL1572-24_r_1.3_s_50	Andrena flavobila	0	BGENL1572-24	1.3	50
0	0	data/BGE00189_MGE-BGE_r1_1.3_1.5_s50_100.fasta	None	Andrenidae	BLAST	family	COI-5P	655	1545	Andrenidae	BGENL1572-24_r_1.3_s_100	Andrena flavobila	0	BGENL1572-24	1.3	100
0	0	data/BGE00189_MGE-BGE_r1_1.3_1.5_s50_100.fasta	None	Andrenidae	BLAST	family	COI-5P	655	1545	Andrenidae	BGENL1572-24_r_1.5_s_50	Andrena flavobila	0	BGENL1572-24	1.5	50
0	0	data/BGE00189_MGE-BGE_r1_1.3_1.5_s50_100.fasta	None	Andrenidae	BLAST	family	COI-5P	655	1545	Andrenidae	BGENL1572-24_r_1.5_s_100	Andrena flavobila	0	BGENL1572-24	1.5	100
2	2	data/BGE00189_MGE-BGE_r1_1.3_1.5_s50_100.fasta	None	Andrenidae	BLAST	family	COI-5P	655	1545	Andrenidae	BGENL1573-24_r_1_s_50	Andrena flavobila	0	BGENL1573-24	1	50
0	0	data/BGE00189_MGE-BGE_r1_1.3_1.5_s50_100.fasta	None	Andrenidae	BLAST	family	COI-5P	655	1545	Andrenidae	BGENL1573-24_r_1_s_100	Andrena flavobila	0	BGENL1573-24	1	100
0	0	data/BGE00189_MGE-BGE_r1_1.3_1.5_s50_100.fasta	None	Andrenidae	BLAST	family	COI-5P	655	1545	Andrenidae	BGENL1573-24_r_1.3_s_50	Andrena flavobila	0	BGENL1573-24	1.3	50
0	0	data/BGE00189_MGE-BGE_r1_1.3_1.5_s50_100.fasta	None	Andrenidae	BLAST	family	COI-5P	655	1545	Andrenidae	BGENL1573-24_r_1.3_s_100	Andrena flavobila	0	BGENL1573-24	1.3	100
0	0	data/BGE00189_MGE-BGE_r1_1.3_1.5_s50_100.fasta	None	Andrenidae	BLAST	family	COI-5P	655	1545	Andrenidae	BGENL1573-24_r_1.5_s_50	Andrena flavobila	0	BGENL1573-24	1.5	50
0	0	data/BGE00189_MGE-BGE_r1_1.3_1.5_s50_100.fasta	None	Andrenidae	BLAST	family	COI-5P	655	1545	Andrenidae	BGENL1573-24_r_1.5_s_100	Andrena flavobila	0	BGENL1573-24	1.5	100
0	0	data/BGE00189_MGE-BGE_r1_1.3_1.5_s50_100.fasta	None	Andrenidae	BLAST	family	COI-5P	655	1545	Andrenidae	BGENL1574-24_r_1_s_50	Andrena nucleola	0	BGENL1574-24	1	50
0	0	data/BGE00189_MGE-BGE_r1_1.3_1.5_s50_100.fasta	None	Andrenidae	BLAST	family	COI-5P	655	1545	Andrenidae	BGENL1574-24_r_1_s_100	Andrena nucleola	0	BGENL1574-24	1	100
0	0	data/BGE00189_MGE-BGE_r1_1.3_1.5_s50_100.fasta	None	Andrenidae	BLAST	family	COI-5P	655	1545	Andrenidae	BGENL1574-24_r_1.3_s_50	Andrena nucleola	0	BGENL1574-24	1.3	50
0	0	data/BGE00189_MGE-BGE_r1_1.3_1.5_s50_100.fasta	None	Andrenidae	BLAST	family	COI-5P	655	1545	Andrenidae	BGENL1574-24_r_1.3_s_100	Andrena nucleola	0	BGENL1574-24	1.3	100
0	0	data/BGE00189_MGE-BGE_r1_1.3_1.5_s50_100.fasta	None	Andrenidae	BLAST	family	COI-5P	655	1545	Andrenidae	BGENL1574-24_r_1.5_s_50	Andrena nucleola	0	BGENL1574-24	1.5	50
0	0	data/BGE00189_MGE-BGE_r1_1.3_1.5_s50_100.fasta	None	Andrenidae	BLAST	family	COI-5P	655	1545	Andrenidae	BGENL1574-24_r_1.5_s_100	Andrena nucleola	0	BGENL1574-24	1.5	100
0	0	data/BGE00189_MGE-BGE_r1_1.3_1.5_s50_100.fasta	None	Andrenidae	BLAST	family	COI-5P	656	1545	Andrenidae	BGENL1575-24_r_1_s_50	Andrena nobilis	0	BGENL1575-24	1	50
0	0	data/BGE00189_MGE-BGE_r1_1.3_1.5_s50_100.fasta	None	Andrenidae	BLAST	family	COI-5P	656	1545	Andrenidae	BGENL1575-24_r_1_s_100	Andrena nobilis	0	BGENL1575-24	1	100
0	0	data/BGE00189_MGE-BGE_r1_1.3_1.5_s50_100.fasta	None	Andrenidae	BLAST	family	COI-5P	656	1545	Andrenidae	BGENL1575-24_r_1.3_s_50	Andrena nobilis	0	BGENL1575-24	1.3	50
0	0	data/BGE00189_MGE-BGE_r1_1.3_1.5_s50_100.fasta	None	Andrenidae	BLAST	family	COI-5P	656	1545	Andrenidae	BGENL1575-24_r_1.3_s_100	Andrena nobilis	0	BGENL1575-24	1.3	100
0	0	data/BGE00189_MGE-BGE_r1_1.3_1.5_s50_100.fasta	None	Andrenidae	BLAST	family	COI-5P	656	1545	Andrenidae	BGENL1575-24_r_1.5_s_50	Andrena nobilis	0	BGENL1575-24	1.5	50
0	0	data/BGE00189_MGE-BGE_r1_1.3_1.5_s50_100.fasta	None	Andrenidae	BLAST	family	COI-5P	656	1545	Andrenidae	BGENL1575-24_r_1.5_s_100	Andrena nobilis	0	BGENL1575-24	1.5	100
0	0	data/BGE00189_MGE-BGE_r1_1.3_1.5_s50_100.fasta	None	Andrenidae	BLAST	family	COI-5P	656	1545	Andrenidae	BGENL1576-24_r_1_s_50	Andrena nobilis	0	BGENL1576-24	1	50
0	0	data/BGE00189_MGE-BGE_r1_1.3_1.5_s50_100.fasta	None	Andrenidae	BLAST	family	COI-5P	656	1545	Andrenidae	BGENL1576-24_r_1_s_100	Andrena nobilis	0	BGENL1576-24	1	100
0	0	data/BGE00189_MGE-BGE_r1_1.3_1.5_s50_100.fasta	None	Andrenidae	BLAST	family	COI-5P	656	1545	Andrenidae	BGENL1576-24_r_1.3_s_50	Andrena nobilis	0	BGENL1576-24	1.3	50
0	0	data/BGE00189_MGE-BGE_r1_1.3_1.5_s50_100.fasta	None	Andrenidae	BLAST	family	COI-5P	656	1545	Andrenidae	BGENL1576-24_r_1.3_s_100	Andrena nobilis	0	BGENL1576-24	1.3	100
0	0	data/BGE00189_MGE-BGE_r1_1.3_1.5_s50_100.fasta	None	Andrenidae	BLAST	family	COI-5P	656	1545	Andrenidae	BGENL1576-24_r_1.5_s_50	Andrena nobilis	0	BGENL1576-24	1.5	50
0	0	data/BGE00189_MGE-BGE_r1_1.3_1.5_s50_100.fasta	None	Andrenidae	BLAST	family	COI-5P	656	1545	Andrenidae	BGENL1576-24_r_1.5_s_100	Andrena nobilis	0	BGENL1576-24	1.5	100
0	0	data/BGE00189_MGE-BGE_r1_1.3_1.5_s50_100.fasta	None	Andrenidae	BLAST	family	COI-5P	656	1545	Andrenidae	BGENL1577-24_r_1_s_50	Andrena nobilis	0	BGENL1577-24	1	50
0	0	data/BGE00189_MGE-BGE_r1_1.3_1.5_s50_100.fasta	None	Andrenidae	BLAST	family	COI-5P	656	1545	Andrenidae	BGENL1577-24_r_1_s_100	Andrena nobilis	0	BGENL1577-24	1	100
0	0	data/BGE00189_MGE-BGE_r1_1.3_1.5_s50_100.fasta	None	Andrenidae	BLAST	family	COI-5P	656	1545	Andrenidae	BGENL1577-24_r_1.3_s_50	Andrena nobilis	0	BGENL1577-24	1.3	50
0	0	data/BGE00189_MGE-BGE_r1_1.3_1.5_s50_100.fasta	None	Andrenidae	BLAST	family	COI-5P	656	1545	Andrenidae	BGENL1577-24_r_1.3_s_100	Andrena nobilis	0	BGENL1577-24	1.3	100
0	0	data/BGE00189_MGE-BGE_r1_1.3_1.5_s50_100.fasta	None	Andrenidae	BLAST	family	COI-5P	656	1545	Andrenidae	BGENL1577-24_r_1.5_s_50	Andrena nobilis	0	BGENL1577-24	1.5	50
0	0	data/BGE00189_MGE-BGE_r1_1.3_1.5_s50_100.fasta	None	Andrenidae	BLAST	family	COI-5P	656	1545	Andrenidae	BGENL1577-24_r_1.5_s_100	Andrena nobilis	0	BGENL1577-24	1.5	100
4	24	data/BGE00189_MGE-BGE_r1_1.3_1.5_s50_100.fasta	None	Andrenidae	BLAST	family	COI-5P	657	1545	Andrenidae	BGENL1578-24_r_1_s_50	Andrena fria	0	BGENL1578-24	1	50
2	25	data/BGE00189_MGE-BGE_r1_1.3_1.5_s50_100.fasta	None	Andrenidae	BLAST	family	COI-5P	657	1545	Andrenidae	BGENL1578-24_r_1_s_100	Andrena fria	0	BGENL1578-24	1	100
1	8	data/BGE00189_MGE-BGE_r1_1.3_1.5_s50_100.fasta	None	Andrenidae	BLAST	family	COI-5P	657	1545	Andrenidae	BGENL1578-24_r_1.3_s_50	Andrena fria	0	BGENL1578-24	1.3	50
1	4	data/BGE00189_MGE-BGE_r1_1.3_1.5_s50_100.fasta	None	Andrenidae	BLAST	family	COI-5P	657	1545	Andrenidae	BGENL1578-24_r_1.3_s_100	Andrena fria	0	BGENL1578-24	1.3	100
0	1	data/BGE00189_MGE-BGE_r1_1.3_1.5_s50_100.fasta	None	Andrenidae	BLAST	family	COI-5P	657	1500	Andrenidae	BGENL1578-24_r_1.5_s_50	Andrena fria	0	BGENL1578-24	1.5	50
0	1	data/BGE00189_MGE-BGE_r1_1.3_1.5_s50_100.fasta	None	Andrenidae	BLAST	family	COI-5P	657	1500	Andrenidae	BGENL1578-24_r_1.5_s_100	Andrena fria	0	BGENL1578-24	1.5	100
0	6	data/BGE00189_MGE-BGE_r1_1.3_1.5_s50_100.fasta	None	Andrenidae	BLAST	family	COI-5P	657	1545	Andrenidae	BGENL1579-24_r_1_s_50	Andrena fria	0	BGENL1579-24	1	50
0	8	data/BGE00189_MGE-BGE_r1_1.3_1.5_s50_100.fasta	None	Andrenidae	BLAST	family	COI-5P	657	1545	Andrenidae	BGENL1579-24_r_1_s_100	Andrena fria	0	BGENL1579-24	1	100
0	0	data/BGE00189_MGE-BGE_r1_1.3_1.5_s50_100.fasta	None	Andrenidae	BLAST	family	COI-5P	657	1545	Andrenidae	BGENL1579-24_r_1.3_s_50	Andrena fria	0	BGENL1579-24	1.3	50
0	0	data/BGE00189_MGE-BGE_r1_1.3_1.5_s50_100.fasta	None	Andrenidae	BLAST	family	COI-5P	657	1545	Andrenidae	BGENL1579-24_r_1.3_s_100	Andrena fria	0	BGENL1579-24	1.3	100
0	0	data/BGE00189_MGE-BGE_r1_1.3_1.5_s50_100.fasta	None	Andrenidae	BLAST	family	COI-5P	657	1524	Andrenidae	BGENL1579-24_r_1.5_s_50	Andrena fria	0	BGENL1579-24	1.5	50
0	0	data/BGE00189_MGE-BGE_r1_1.3_1.5_s50_100.fasta	None	Andrenidae	BLAST	family	COI-5P	657	1524	Andrenidae	BGENL1579-24_r_1.5_s_100	Andrena fria	0	BGENL1579-24	1.5	100
0	0	data/BGE00189_MGE-BGE_r1_1.3_1.5_s50_100.fasta	None	Andrenidae	BLAST	family	COI-5P	657	1545	Andrenidae	BGENL1580-24_r_1_s_50	Andrena fria	0	BGENL1580-24	1	50
0	0	data/BGE00189_MGE-BGE_r1_1.3_1.5_s50_100.fasta	None	Andrenidae	BLAST	family	COI-5P	657	1545	Andrenidae	BGENL1580-24_r_1_s_100	Andrena fria	0	BGENL1580-24	1	100
0	0	data/BGE00189_MGE-BGE_r1_1.3_1.5_s50_100.fasta	None	Andrenidae	BLAST	family	COI-5P	657	1545	Andrenidae	BGENL1580-24_r_1.3_s_50	Andrena fria	0	BGENL1580-24	1.3	50
0	0	data/BGE00189_MGE-BGE_r1_1.3_1.5_s50_100.fasta	None	Andrenidae	BLAST	family	COI-5P	657	1545	Andrenidae	BGENL1580-24_r_1.3_s_100	Andrena fria	0	BGENL1580-24	1.3	100
0	0	data/BGE00189_MGE-BGE_r1_1.3_1.5_s50_100.fasta	None	Andrenidae	BLAST	family	COI-5P	657	1533	Andrenidae	BGENL1580-24_r_1.5_s_50	Andrena fria	0	BGENL1580-24	1.5	50
0	0	data/BGE00189_MGE-BGE_r1_1.3_1.5_s50_100.fasta	None	Andrenidae	BLAST	family	COI-5P	657	1533	Andrenidae	BGENL1580-24_r_1.5_s_100	Andrena fria	0	BGENL1580-24	1.5	100
0	0	data/BGE00189_MGE-BGE_r1_1.3_1.5_s50_100.fasta	None	Andrenidae	BLAST	family	COI-5P	656	1545	Andrenidae	BGENL1581-24_r_1_s_50	Andrena neocypriaca	0	BGENL1581-24	1	50
0	0	data/BGE00189_MGE-BGE_r1_1.3_1.5_s50_100.fasta	None	Andrenidae	BLAST	family	COI-5P	656	1545	Andrenidae	BGENL1581-24_r_1_s_100	Andrena neocypriaca	0	BGENL1581-24	1	100
0	0	data/BGE00189_MGE-BGE_r1_1.3_1.5_s50_100.fasta	None	Andrenidae	BLAST	family	COI-5P	656	1545	Andrenidae	BGENL1581-24_r_1.3_s_50	Andrena neocypriaca	0	BGENL1581-24	1.3	50
0	0	data/BGE00189_MGE-BGE_r1_1.3_1.5_s50_100.fasta	None	Andrenidae	BLAST	family	COI-5P	656	1545	Andrenidae	BGENL1581-24_r_1.3_s_100	Andrena neocypriaca	0	BGENL1581-24	1.3	100
0	0	data/BGE00189_MGE-BGE_r1_1.3_1.5_s50_100.fasta	None	Andrenidae	BLAST	family	COI-5P	656	1545	Andrenidae	BGENL1581-24_r_1.5_s_50	Andrena neocypriaca	0	BGENL1581-24	1.5	50
0	0	data/BGE00189_MGE-BGE_r1_1.3_1.5_s50_100.fasta	None	Andrenidae	BLAST	family	COI-5P	656	1545	Andrenidae	BGENL1581-24_r_1.5_s_100	Andrena neocypriaca	0	BGENL1581-24	1.5	100
0	0	data/BGE00189_MGE-BGE_r1_1.3_1.5_s50_100.fasta	None	Andrenidae	BLAST	family	COI-5P	656	1545	Andrenidae	BGENL1582-24_r_1_s_50	Andrena neocypriaca	0	BGENL1582-24	1	50
0	0	data/BGE00189_MGE-BGE_r1_1.3_1.5_s50_100.fasta	None	Andrenidae	BLAST	family	COI-5P	656	1545	Andrenidae	BGENL1582-24_r_1_s_100	Andrena neocypriaca	0	BGENL1582-24	1	100
0	0	data/BGE00189_MGE-BGE_r1_1.3_1.5_s50_100.fasta	None	Andrenidae	BLAST	family	COI-5P	656	1545	Andrenidae	BGENL1582-24_r_1.3_s_50	Andrena neocypriaca	0	BGENL1582-24	1.3	50
0	0	data/BGE00189_MGE-BGE_r1_1.3_1.5_s50_100.fasta	None	Andrenidae	BLAST	family	COI-5P	656	1545	Andrenidae	BGENL1582-24_r_1.3_s_100	Andrena neocypriaca	0	BGENL1582-24	1.3	100
0	0	data/BGE00189_MGE-BGE_r1_1.3_1.5_s50_100.fasta	None	Andrenidae	BLAST	family	COI-5P	656	1545	Andrenidae	BGENL1582-24_r_1.5_s_50	Andrena neocypriaca	0	BGENL1582-24	1.5	50
0	0	data/BGE00189_MGE-BGE_r1_1.3_1.5_s50_100.fasta	None	Andrenidae	BLAST	family	COI-5P	656	1545	Andrenidae	BGENL1582-24_r_1.5_s_100	Andrena neocypriaca	0	BGENL1582-24	1.5	100
0	0	data/BGE00189_MGE-BGE_r1_1.3_1.5_s50_100.fasta	None	Andrenidae	BLAST	family	COI-5P	656	1545	Andrenidae	BGENL1583-24_r_1_s_50	Andrena neocypriaca	0	BGENL1583-24	1	50
0	0	data/BGE00189_MGE-BGE_r1_1.3_1.5_s50_100.fasta	None	Andrenidae	BLAST	family	COI-5P	656	1545	Andrenidae	BGENL1583-24_r_1_s_100	Andrena neocypriaca	0	BGENL1583-24	1	100
0	0	data/BGE00189_MGE-BGE_r1_1.3_1.5_s50_100.fasta	None	Andrenidae	BLAST	family	COI-5P	656	1545	Andrenidae	BGENL1583-24_r_1.3_s_50	Andrena neocypriaca	0	BGENL1583-24	1.3	50
0	0	data/BGE00189_MGE-BGE_r1_1.3_1.5_s50_100.fasta	None	Andrenidae	BLAST	family	COI-5P	656	1545	Andrenidae	BGENL1583-24_r_1.3_s_100	Andrena neocypriaca	0	BGENL1583-24	1.3	100
0	0	data/BGE00189_MGE-BGE_r1_1.3_1.5_s50_100.fasta	None	Andrenidae	BLAST	family	COI-5P	656	1545	Andrenidae	BGENL1583-24_r_1.5_s_50	Andrena neocypriaca	0	BGENL1583-24	1.5	50
0	0	data/BGE00189_MGE-BGE_r1_1.3_1.5_s50_100.fasta	None	Andrenidae	BLAST	family	COI-5P	656	1545	Andrenidae	BGENL1583-24_r_1.5_s_100	Andrena neocypriaca	0	BGENL1583-24	1.5	100
0	0	data/BGE00189_MGE-BGE_r1_1.3_1.5_s50_100.fasta	None	Andrenidae	BLAST	family	COI-5P	657	1545	Andrenidae	BGENL1584-24_r_1_s_50	Andrena muscaria	0	BGENL1584-24	1	50
0	0	data/BGE00189_MGE-BGE_r1_1.3_1.5_s50_100.fasta	None	Andrenidae	BLAST	family	COI-5P	657	1545	Andrenidae	BGENL1584-24_r_1_s_100	Andrena muscaria	0	BGENL1584-24	1	100
0	0	data/BGE00189_MGE-BGE_r1_1.3_1.5_s50_100.fasta	None	Andrenidae	BLAST	family	COI-5P	657	1545	Andrenidae	BGENL1584-24_r_1.3_s_50	Andrena muscaria	0	BGENL1584-24	1.3	50
0	0	data/BGE00189_MGE-BGE_r1_1.3_1.5_s50_100.fasta	None	Andrenidae	BLAST	family	COI-5P	657	1545	Andrenidae	BGENL1584-24_r_1.3_s_100	Andrena muscaria	0	BGENL1584-24	1.3	100
0	0	data/BGE00189_MGE-BGE_r1_1.3_1.5_s50_100.fasta	None	Andrenidae	BLAST	family	COI-5P	657	1545	Andrenidae	BGENL1584-24_r_1.5_s_50	Andrena muscaria	0	BGENL1584-24	1.5	50
0	0	data/BGE00189_MGE-BGE_r1_1.3_1.5_s50_100.fasta	None	Andrenidae	BLAST	family	COI-5P	657	1545	Andrenidae	BGENL1584-24_r_1.5_s_100	Andrena muscaria	0	BGENL1584-24	1.5	100
0	0	data/BGE00189_MGE-BGE_r1_1.3_1.5_s50_100.fasta	None	Andrenidae	BLAST	family	COI-5P	656	1545	Andrenidae	BGENL1585-24_r_1_s_50	Andrena muscaria	0	BGENL1585-24	1	50
0	0	data/BGE00189_MGE-BGE_r1_1.3_1.5_s50_100.fasta	None	Andrenidae	BLAST	family	COI-5P	656	1545	Andrenidae	BGENL1585-24_r_1_s_100	Andrena muscaria	0	BGENL1585-24	1	100
0	0	data/BGE00189_MGE-BGE_r1_1.3_1.5_s50_100.fasta	None	Andrenidae	BLAST	family	COI-5P	656	1545	Andrenidae	BGENL1585-24_r_1.3_s_50	Andrena muscaria	0	BGENL1585-24	1.3	50
0	0	data/BGE00189_MGE-BGE_r1_1.3_1.5_s50_100.fasta	None	Andrenidae	BLAST	family	COI-5P	656	1545	Andrenidae	BGENL1585-24_r_1.3_s_100	Andrena muscaria	0	BGENL1585-24	1.3	100
0	0	data/BGE00189_MGE-BGE_r1_1.3_1.5_s50_100.fasta	None	Andrenidae	BLAST	family	COI-5P	656	1545	Andrenidae	BGENL1585-24_r_1.5_s_50	Andrena muscaria	0	BGENL1585-24	1.5	50
0	0	data/BGE00189_MGE-BGE_r1_1.3_1.5_s50_100.fasta	None	Andrenidae	BLAST	family	COI-5P	656	1545	Andrenidae	BGENL1585-24_r_1.5_s_100	Andrena muscaria	0	BGENL1585-24	1.5	100
2	4	data/BGE00189_MGE-BGE_r1_1.3_1.5_s50_100.fasta	None	Andrenidae	BLAST	family	COI-5P	657	1545	Andrenidae	BGENL1586-24_r_1_s_50	Andrena muscaria	0	BGENL1586-24	1	50
0	0	data/BGE00189_MGE-BGE_r1_1.3_1.5_s50_100.fasta	None	Andrenidae	BLAST	family	COI-5P	657	1545	Andrenidae	BGENL1586-24_r_1_s_100	Andrena muscaria	0	BGENL1586-24	1	100
0	0	data/BGE00189_MGE-BGE_r1_1.3_1.5_s50_100.fasta	None	Andrenidae	BLAST	family	COI-5P	657	1545	Andrenidae	BGENL1586-24_r_1.3_s_50	Andrena muscaria	0	BGENL1586-24	1.3	50
0	0	data/BGE00189_MGE-BGE_r1_1.3_1.5_s50_100.fasta	None	Andrenidae	BLAST	family	COI-5P	657	1545	Andrenidae	BGENL1586-24_r_1.3_s_100	Andrena muscaria	0	BGENL1586-24	1.3	100
0	0	data/BGE00189_MGE-BGE_r1_1.3_1.5_s50_100.fasta	None	Andrenidae	BLAST	family	COI-5P	657	1545	Andrenidae	BGENL1586-24_r_1.5_s_50	Andrena muscaria	0	BGENL1586-24	1.5	50
0	0	data/BGE00189_MGE-BGE_r1_1.3_1.5_s50_100.fasta	None	Andrenidae	BLAST	family	COI-5P	657	1545	Andrenidae	BGENL1586-24_r_1.5_s_100	Andrena muscaria	0	BGENL1586-24	1.5	100
0	0	data/BGE00189_MGE-BGE_r1_1.3_1.5_s50_100.fasta	None	Megachilidae	BLAST	family	COI-5P	656	1536	Apidae,Megachilidae	BGENL1587-24_r_1_s_50	Hofferia schmiedeknechti	0	BGENL1587-24	1	50
0	0	data/BGE00189_MGE-BGE_r1_1.3_1.5_s50_100.fasta	None	Megachilidae	BLAST	family	COI-5P	656	1536	Apidae,Megachilidae	BGENL1587-24_r_1_s_100	Hofferia schmiedeknechti	0	BGENL1587-24	1	100
0	0	data/BGE00189_MGE-BGE_r1_1.3_1.5_s50_100.fasta	None	Megachilidae	BLAST	family	COI-5P	656	1536	Apidae,Megachilidae	BGENL1587-24_r_1.3_s_50	Hofferia schmiedeknechti	0	BGENL1587-24	1.3	50
0	0	data/BGE00189_MGE-BGE_r1_1.3_1.5_s50_100.fasta	None	Megachilidae	BLAST	family	COI-5P	656	1536	Apidae,Megachilidae	BGENL1587-24_r_1.3_s_100	Hofferia schmiedeknechti	0	BGENL1587-24	1.3	100
0	0	data/BGE00189_MGE-BGE_r1_1.3_1.5_s50_100.fasta	None	Megachilidae	BLAST	family	COI-5P	656	1506	Apidae,Megachilidae	BGENL1587-24_r_1.5_s_50	Hofferia schmiedeknechti	0	BGENL1587-24	1.5	50
0	0	data/BGE00189_MGE-BGE_r1_1.3_1.5_s50_100.fasta	None	Megachilidae	BLAST	family	COI-5P	656	1476	Apidae,Megachilidae	BGENL1587-24_r_1.5_s_100	Hofferia schmiedeknechti	0	BGENL1587-24	1.5	100
0	0	data/BGE00189_MGE-BGE_r1_1.3_1.5_s50_100.fasta	None	Megachilidae	BLAST	family	COI-5P	656	1536	Apidae,Megachilidae	BGENL1588-24_r_1_s_50	Hofferia schmiedeknechti	0	BGENL1588-24	1	50
0	0	data/BGE00189_MGE-BGE_r1_1.3_1.5_s50_100.fasta	None	Megachilidae	BLAST	family	COI-5P	656	1536	Apidae,Megachilidae	BGENL1588-24_r_1_s_100	Hofferia schmiedeknechti	0	BGENL1588-24	1	100
0	0	data/BGE00189_MGE-BGE_r1_1.3_1.5_s50_100.fasta	None	Megachilidae	BLAST	family	COI-5P	656	1536	Apidae,Megachilidae	BGENL1588-24_r_1.3_s_50	Hofferia schmiedeknechti	0	BGENL1588-24	1.3	50
0	0	data/BGE00189_MGE-BGE_r1_1.3_1.5_s50_100.fasta	None	Megachilidae	BLAST	family	COI-5P	656	1536	Apidae,Megachilidae	BGENL1588-24_r_1.3_s_100	Hofferia schmiedeknechti	0	BGENL1588-24	1.3	100
0	0	data/BGE00189_MGE-BGE_r1_1.3_1.5_s50_100.fasta	None	Megachilidae	BLAST	family	COI-5P	656	1509	Apidae,Megachilidae	BGENL1588-24_r_1.5_s_50	Hofferia schmiedeknechti	0	BGENL1588-24	1.5	50
0	0	data/BGE00189_MGE-BGE_r1_1.3_1.5_s50_100.fasta	None	Megachilidae	BLAST	family	COI-5P	656	1419	Apidae,Megachilidae	BGENL1588-24_r_1.5_s_100	Hofferia schmiedeknechti	0	BGENL1588-24	1.5	100
0	0	data/BGE00189_MGE-BGE_r1_1.3_1.5_s50_100.fasta	None	Megachilidae	BLAST	family	COI-5P	656	1536	Apidae,Megachilidae	BGENL1589-24_r_1_s_50	Hofferia schmiedeknechti	0	BGENL1589-24	1	50
0	0	data/BGE00189_MGE-BGE_r1_1.3_1.5_s50_100.fasta	None	Megachilidae	BLAST	family	COI-5P	656	1536	Apidae,Megachilidae	BGENL1589-24_r_1_s_100	Hofferia schmiedeknechti	0	BGENL1589-24	1	100
0	0	data/BGE00189_MGE-BGE_r1_1.3_1.5_s50_100.fasta	None	Megachilidae	BLAST	family	COI-5P	656	1536	Apidae,Megachilidae	BGENL1589-24_r_1.3_s_50	Hofferia schmiedeknechti	0	BGENL1589-24	1.3	50
0	0	data/BGE00189_MGE-BGE_r1_1.3_1.5_s50_100.fasta	None	Megachilidae	BLAST	family	COI-5P	656	1536	Apidae,Megachilidae	BGENL1589-24_r_1.3_s_100	Hofferia schmiedeknechti	0	BGENL1589-24	1.3	100
0	0	data/BGE00189_MGE-BGE_r1_1.3_1.5_s50_100.fasta	None	Megachilidae	BLAST	family	COI-5P	656	1458	Apidae,Megachilidae	BGENL1589-24_r_1.5_s_50	Hofferia schmiedeknechti	0	BGENL1589-24	1.5	50
0	0	data/BGE00189_MGE-BGE_r1_1.3_1.5_s50_100.fasta	None	Megachilidae	BLAST	family	COI-5P	656	1410	Apidae,Megachilidae	BGENL1589-24_r_1.5_s_100	Hofferia schmiedeknechti	0	BGENL1589-24	1.5	100
4	16	data/BGE00189_MGE-BGE_r1_1.3_1.5_s50_100.fasta	None	Megachilidae	BLAST	family	COI-5P	656	1533	Apidae,Megachilidae	BGENL1590-24_r_1_s_50	Haetosmia circumventa	0	BGENL1590-24	1	50
5	25	data/BGE00189_MGE-BGE_r1_1.3_1.5_s50_100.fasta	None	Megachilidae	BLAST	family	COI-5P	656	1533	Apidae,Megachilidae	BGENL1590-24_r_1_s_100	Haetosmia circumventa	0	BGENL1590-24	1	100
1	4	data/BGE00189_MGE-BGE_r1_1.3_1.5_s50_100.fasta	None	Megachilidae	BLAST	family	COI-5P	656	1533	Apidae,Megachilidae	BGENL1590-24_r_1.3_s_50	Haetosmia circumventa	0	BGENL1590-24	1.3	50
1	3	data/BGE00189_MGE-BGE_r1_1.3_1.5_s50_100.fasta	None	Megachilidae	BLAST	family	COI-5P	656	1533	Apidae,Megachilidae	BGENL1590-24_r_1.3_s_100	Haetosmia circumventa	0	BGENL1590-24	1.3	100
0	3	data/BGE00189_MGE-BGE_r1_1.3_1.5_s50_100.fasta	None	Megachilidae	BLAST	family	COI-5P	656	1512	Apidae,Megachilidae	BGENL1590-24_r_1.5_s_50	Haetosmia circumventa	0	BGENL1590-24	1.5	50
0	0	data/BGE00189_MGE-BGE_r1_1.3_1.5_s50_100.fasta	None	Megachilidae	BLAST	family	COI-5P	656	1512	Apidae,Megachilidae	BGENL1590-24_r_1.5_s_100	Haetosmia circumventa	0	BGENL1590-24	1.5	100
0	7	data/BGE00189_MGE-BGE_r1_1.3_1.5_s50_100.fasta	None	Megachilidae	BLAST	family	COI-5P	656	1533	Apidae,Megachilidae	BGENL1591-24_r_1_s_50	Haetosmia circumventa	0	BGENL1591-24	1	50
0	11	data/BGE00189_MGE-BGE_r1_1.3_1.5_s50_100.fasta	None	Megachilidae	BLAST	family	COI-5P	656	1533	Apidae,Megachilidae	BGENL1591-24_r_1_s_100	Haetosmia circumventa	0	BGENL1591-24	1	100
0	3	data/BGE00189_MGE-BGE_r1_1.3_1.5_s50_100.fasta	None	Megachilidae	BLAST	family	COI-5P	656	1533	Apidae,Megachilidae	BGENL1591-24_r_1.3_s_50	Haetosmia circumventa	0	BGENL1591-24	1.3	50
0	1	data/BGE00189_MGE-BGE_r1_1.3_1.5_s50_100.fasta	None	Megachilidae	BLAST	family	COI-5P	656	1533	Apidae,Megachilidae	BGENL1591-24_r_1.3_s_100	Haetosmia circumventa	0	BGENL1591-24	1.3	100
0	2	data/BGE00189_MGE-BGE_r1_1.3_1.5_s50_100.fasta	None	Megachilidae	BLAST	family	COI-5P	656	1530	Apidae,Megachilidae	BGENL1591-24_r_1.5_s_50	Haetosmia circumventa	0	BGENL1591-24	1.5	50
0	2	data/BGE00189_MGE-BGE_r1_1.3_1.5_s50_100.fasta	None	Megachilidae	BLAST	family	COI-5P	656	1503	Apidae,Megachilidae	BGENL1591-24_r_1.5_s_100	Haetosmia circumventa	0	BGENL1591-24	1.5	100
16	33	data/BGE00189_MGE-BGE_r1_1.3_1.5_s50_100.fasta	None	Megachilidae	BLAST	family	COI-5P	655	1533	Apidae,Megachilidae	BGENL1592-24_r_1_s_50	Haetosmia circumventa	0	BGENL1592-24	1	50
10	30	data/BGE00189_MGE-BGE_r1_1.3_1.5_s50_100.fasta	None	Megachilidae	BLAST	family	COI-5P	655	1533	Apidae,Megachilidae	BGENL1592-24_r_1_s_100	Haetosmia circumventa	0	BGENL1592-24	1	100
2	2	data/BGE00189_MGE-BGE_r1_1.3_1.5_s50_100.fasta	None	Megachilidae	BLAST	family	COI-5P	655	1533	Apidae,Megachilidae	BGENL1592-24_r_1.3_s_50	Haetosmia circumventa	0	BGENL1592-24	1.3	50
4	4	data/BGE00189_MGE-BGE_r1_1.3_1.5_s50_100.fasta	None	Megachilidae	BLAST	family	COI-5P	656	1533	Apidae,Megachilidae	BGENL1592-24_r_1.3_s_100	Haetosmia circumventa	0	BGENL1592-24	1.3	100
0	1	data/BGE00189_MGE-BGE_r1_1.3_1.5_s50_100.fasta	None	Megachilidae	BLAST	family	COI-5P	656	1476	Apidae,Megachilidae	BGENL1592-24_r_1.5_s_50	Haetosmia circumventa	0	BGENL1592-24	1.5	50
0	0	data/BGE00189_MGE-BGE_r1_1.3_1.5_s50_100.fasta	None	Megachilidae	BLAST	family	COI-5P	656	1425	Apidae,Megachilidae	BGENL1592-24_r_1.5_s_100	Haetosmia circumventa	0	BGENL1592-24	1.5	100
0	0	data/BGE00189_MGE-BGE_r1_1.3_1.5_s50_100.fasta	None	Megachilidae	BLAST	family	COI-5P	655	1539	Apidae,Megachilidae	BGENL1593-24_r_1_s_50	Trachusa dumerlei	0	BGENL1593-24	1	50
0	0	data/BGE00189_MGE-BGE_r1_1.3_1.5_s50_100.fasta	None	Megachilidae	BLAST	family	COI-5P	655	1539	Apidae,Megachilidae	BGENL1593-24_r_1_s_100	Trachusa dumerlei	0	BGENL1593-24	1	100
0	0	data/BGE00189_MGE-BGE_r1_1.3_1.5_s50_100.fasta	None	Megachilidae	BLAST	family	COI-5P	655	1536	Apidae,Megachilidae	BGENL1593-24_r_1.3_s_50	Trachusa dumerlei	0	BGENL1593-24	1.3	50
0	0	data/BGE00189_MGE-BGE_r1_1.3_1.5_s50_100.fasta	None	Megachilidae	BLAST	family	COI-5P	655	1536	Apidae,Megachilidae	BGENL1593-24_r_1.3_s_100	Trachusa dumerlei	0	BGENL1593-24	1.3	100
0	1	data/BGE00189_MGE-BGE_r1_1.3_1.5_s50_100.fasta	None	Megachilidae	BLAST	family	COI-5P	652	1527	Apidae,Megachilidae	BGENL1593-24_r_1.5_s_50	Trachusa dumerlei	0	BGENL1593-24	1.5	50
0	0	data/BGE00189_MGE-BGE_r1_1.3_1.5_s50_100.fasta	None	Megachilidae	BLAST	family	COI-5P	652	1524	Apidae,Megachilidae	BGENL1593-24_r_1.5_s_100	Trachusa dumerlei	0	BGENL1593-24	1.5	100
0	0	data/BGE00189_MGE-BGE_r1_1.3_1.5_s50_100.fasta	None	Megachilidae	BLAST	family	COI-5P	655	1539	Apidae,Megachilidae	BGENL1594-24_r_1_s_50	Trachusa dumerlei	0	BGENL1594-24	1	50
0	0	data/BGE00189_MGE-BGE_r1_1.3_1.5_s50_100.fasta	None	Megachilidae	BLAST	family	COI-5P	655	1539	Apidae,Megachilidae	BGENL1594-24_r_1_s_100	Trachusa dumerlei	0	BGENL1594-24	1	100
0	0	data/BGE00189_MGE-BGE_r1_1.3_1.5_s50_100.fasta	None	Megachilidae	BLAST	family	COI-5P	655	1536	Apidae,Megachilidae	BGENL1594-24_r_1.3_s_50	Trachusa dumerlei	0	BGENL1594-24	1.3	50
0	0	data/BGE00189_MGE-BGE_r1_1.3_1.5_s50_100.fasta	None	Megachilidae	BLAST	family	COI-5P	655	1536	Apidae,Megachilidae	BGENL1594-24_r_1.3_s_100	Trachusa dumerlei	0	BGENL1594-24	1.3	100
0	0	data/BGE00189_MGE-BGE_r1_1.3_1.5_s50_100.fasta	None	Megachilidae	BLAST	family	COI-5P	649	1515	Apidae,Megachilidae	BGENL1594-24_r_1.5_s_50	Trachusa dumerlei	0	BGENL1594-24	1.5	50
0	0	data/BGE00189_MGE-BGE_r1_1.3_1.5_s50_100.fasta	None	Megachilidae	BLAST	family	COI-5P	649	1506	Apidae,Megachilidae	BGENL1594-24_r_1.5_s_100	Trachusa dumerlei	0	BGENL1594-24	1.5	100
0	1	data/BGE00189_MGE-BGE_r1_1.3_1.5_s50_100.fasta	None	Megachilidae	BLAST	family	COI-5P	655	1536	Apidae,Megachilidae	BGENL1595-24_r_1_s_50	Trachusa dumerlei	0	BGENL1595-24	1	50
0	0	data/BGE00189_MGE-BGE_r1_1.3_1.5_s50_100.fasta	None	Megachilidae	BLAST	family	COI-5P	655	1539	Apidae,Megachilidae	BGENL1595-24_r_1_s_100	Trachusa dumerlei	0	BGENL1595-24	1	100
0	1	data/BGE00189_MGE-BGE_r1_1.3_1.5_s50_100.fasta	None	Megachilidae	BLAST	family	COI-5P	655	1536	Apidae,Megachilidae	BGENL1595-24_r_1.3_s_50	Trachusa dumerlei	0	BGENL1595-24	1.3	50
0	0	data/BGE00189_MGE-BGE_r1_1.3_1.5_s50_100.fasta	None	Megachilidae	BLAST	family	COI-5P	655	1533	Apidae,Megachilidae	BGENL1595-24_r_1.3_s_100	Trachusa dumerlei	0	BGENL1595-24	1.3	100
0	1	data/BGE00189_MGE-BGE_r1_1.3_1.5_s50_100.fasta	None	Megachilidae	BLAST	family	COI-5P	625	1449	Apidae,Megachilidae	BGENL1595-24_r_1.5_s_50	Trachusa dumerlei	0	BGENL1595-24	1.5	50
2	2	data/BGE00189_MGE-BGE_r1_1.3_1.5_s50_100.fasta	None	Megachilidae	BLAST	family	COI-5P	604	1404	Apidae,Megachilidae	BGENL1595-24_r_1.5_s_100	Trachusa dumerlei	0	BGENL1595-24	1.5	100
0	1	data/BGE00189_MGE-BGE_r1_1.3_1.5_s50_100.fasta	None	Megachilidae	BLAST	family	COI-5P	657	1539	Apidae,Megachilidae	BGENL1596-24_r_1_s_50	Trachusa laticeps	0	BGENL1596-24	1	50
0	0	data/BGE00189_MGE-BGE_r1_1.3_1.5_s50_100.fasta	None	Megachilidae	BLAST	family	COI-5P	657	1536	Apidae,Megachilidae	BGENL1596-24_r_1_s_100	Trachusa laticeps	0	BGENL1596-24	1	100
0	1	data/BGE00189_MGE-BGE_r1_1.3_1.5_s50_100.fasta	None	Megachilidae	BLAST	family	COI-5P	657	1539	Apidae,Megachilidae	BGENL1596-24_r_1.3_s_50	Trachusa laticeps	0	BGENL1596-24	1.3	50
0	0	data/BGE00189_MGE-BGE_r1_1.3_1.5_s50_100.fasta	None	Megachilidae	BLAST	family	COI-5P	657	1536	Apidae,Megachilidae	BGENL1596-24_r_1.3_s_100	Trachusa laticeps	0	BGENL1596-24	1.3	100
0	0	data/BGE00189_MGE-BGE_r1_1.3_1.5_s50_100.fasta	None	Megachilidae	BLAST	family	COI-5P	651	1521	Apidae,Megachilidae	BGENL1596-24_r_1.5_s_50	Trachusa laticeps	0	BGENL1596-24	1.5	50
0	0	data/BGE00189_MGE-BGE_r1_1.3_1.5_s50_100.fasta	None	Megachilidae	BLAST	family	COI-5P	651	1518	Apidae,Megachilidae	BGENL1596-24_r_1.5_s_100	Trachusa laticeps	0	BGENL1596-24	1.5	100
0	0	data/BGE00189_MGE-BGE_r1_1.3_1.5_s50_100.fasta	None	Megachilidae	BLAST	family	COI-5P	657	1539	Apidae,Megachilidae	BGENL1597-24_r_1_s_50	Trachusa laticeps	0	BGENL1597-24	1	50
0	1	data/BGE00189_MGE-BGE_r1_1.3_1.5_s50_100.fasta	None	Megachilidae	BLAST	family	COI-5P	657	1530	Apidae,Megachilidae	BGENL1597-24_r_1_s_100	Trachusa laticeps	0	BGENL1597-24	1	100
0	0	data/BGE00189_MGE-BGE_r1_1.3_1.5_s50_100.fasta	None	Megachilidae	BLAST	family	COI-5P	657	1533	Apidae,Megachilidae	BGENL1597-24_r_1.3_s_50	Trachusa laticeps	0	BGENL1597-24	1.3	50
0	0	data/BGE00189_MGE-BGE_r1_1.3_1.5_s50_100.fasta	None	Megachilidae	BLAST	family	COI-5P	657	1527	Apidae,Megachilidae	BGENL1597-24_r_1.3_s_100	Trachusa laticeps	0	BGENL1597-24	1.3	100
0	0	data/BGE00189_MGE-BGE_r1_1.3_1.5_s50_100.fasta	None	Megachilidae	BLAST	family	COI-5P	651	1518	Apidae,Megachilidae	BGENL1597-24_r_1.5_s_50	Trachusa laticeps	0	BGENL1597-24	1.5	50
0	0	data/BGE00189_MGE-BGE_r1_1.3_1.5_s50_100.fasta	None	Megachilidae	BLAST	family	COI-5P	651	1512	Apidae,Megachilidae	BGENL1597-24_r_1.5_s_100	Trachusa laticeps	0	BGENL1597-24	1.5	100
0	0	data/BGE00189_MGE-BGE_r1_1.3_1.5_s50_100.fasta	None	Megachilidae	BLAST	family	COI-5P	657	1533	Apidae,Megachilidae	BGENL1598-24_r_1_s_50	Trachusa laticeps	0	BGENL1598-24	1	50
0	0	data/BGE00189_MGE-BGE_r1_1.3_1.5_s50_100.fasta	None	Megachilidae	BLAST	family	COI-5P	657	1521	Apidae,Megachilidae	BGENL1598-24_r_1_s_100	Trachusa laticeps	0	BGENL1598-24	1	100
0	0	data/BGE00189_MGE-BGE_r1_1.3_1.5_s50_100.fasta	None	Megachilidae	BLAST	family	COI-5P	657	1533	Apidae,Megachilidae	BGENL1598-24_r_1.3_s_50	Trachusa laticeps	0	BGENL1598-24	1.3	50
0	0	data/BGE00189_MGE-BGE_r1_1.3_1.5_s50_100.fasta	None	Megachilidae	BLAST	family	COI-5P	657	1521	Apidae,Megachilidae	BGENL1598-24_r_1.3_s_100	Trachusa laticeps	0	BGENL1598-24	1.3	100
0	0	data/BGE00189_MGE-BGE_r1_1.3_1.5_s50_100.fasta	None	Megachilidae	BLAST	family	COI-5P	636	1485	Apidae,Megachilidae	BGENL1598-24_r_1.5_s_50	Trachusa laticeps	0	BGENL1598-24	1.5	50
0	0	data/BGE00189_MGE-BGE_r1_1.3_1.5_s50_100.fasta	None	Megachilidae	BLAST	family	COI-5P	636	1476	Apidae,Megachilidae	BGENL1598-24_r_1.5_s_100	Trachusa laticeps	0	BGENL1598-24	1.5	100
0	0	data/BGE00189_MGE-BGE_r1_1.3_1.5_s50_100.fasta	None	Megachilidae	BLAST	family	COI-5P	656	1521	Apidae,Megachilidae	BGENL1599-24_r_1_s_50	Trachusa pubescens	0	BGENL1599-24	1	50
0	0	data/BGE00189_MGE-BGE_r1_1.3_1.5_s50_100.fasta	None	Megachilidae	BLAST	family	COI-5P	656	1521	Apidae,Megachilidae	BGENL1599-24_r_1_s_100	Trachusa pubescens	0	BGENL1599-24	1	100
0	0	data/BGE00189_MGE-BGE_r1_1.3_1.5_s50_100.fasta	None	Megachilidae	BLAST	family	COI-5P	656	1521	Apidae,Megachilidae	BGENL1599-24_r_1.3_s_50	Trachusa pubescens	0	BGENL1599-24	1.3	50
0	0	data/BGE00189_MGE-BGE_r1_1.3_1.5_s50_100.fasta	None	Megachilidae	BLAST	family	COI-5P	656	1521	Apidae,Megachilidae	BGENL1599-24_r_1.3_s_100	Trachusa pubescens	0	BGENL1599-24	1.3	100
0	4	data/BGE00189_MGE-BGE_r1_1.3_1.5_s50_100.fasta	None	Megachilidae	BLAST	family	COI-5P	626	1485	Megachilidae	BGENL1599-24_r_1.5_s_50	Trachusa pubescens	0	BGENL1599-24	1.5	50
0	2	data/BGE00189_MGE-BGE_r1_1.3_1.5_s50_100.fasta	None	Megachilidae	BLAST	family	COI-5P	626	1440	Apidae,Megachilidae	BGENL1599-24_r_1.5_s_100	Trachusa pubescens	0	BGENL1599-24	1.5	100
0	0	data/BGE00189_MGE-BGE_r1_1.3_1.5_s50_100.fasta	None	Megachilidae	BLAST	family	COI-5P	656	1521	Apidae,Megachilidae	BGENL1600-24_r_1_s_50	Trachusa pubescens	0	BGENL1600-24	1	50
0	0	data/BGE00189_MGE-BGE_r1_1.3_1.5_s50_100.fasta	None	Megachilidae	BLAST	family	COI-5P	656	1521	Apidae,Megachilidae	BGENL1600-24_r_1_s_100	Trachusa pubescens	0	BGENL1600-24	1	100
0	0	data/BGE00189_MGE-BGE_r1_1.3_1.5_s50_100.fasta	None	Megachilidae	BLAST	family	COI-5P	656	1521	Apidae,Megachilidae	BGENL1600-24_r_1.3_s_50	Trachusa pubescens	0	BGENL1600-24	1.3	50
0	0	data/BGE00189_MGE-BGE_r1_1.3_1.5_s50_100.fasta	None	Megachilidae	BLAST	family	COI-5P	656	1521	Apidae,Megachilidae	BGENL1600-24_r_1.3_s_100	Trachusa pubescens	0	BGENL1600-24	1.3	100
0	0	data/BGE00189_MGE-BGE_r1_1.3_1.5_s50_100.fasta	None	Megachilidae	BLAST	family	COI-5P	641	1506	Apidae,Megachilidae	BGENL1600-24_r_1.5_s_50	Trachusa pubescens	0	BGENL1600-24	1.5	50
0	0	data/BGE00189_MGE-BGE_r1_1.3_1.5_s50_100.fasta	None	Megachilidae	BLAST	family	COI-5P	641	1479	Apidae,Megachilidae	BGENL1600-24_r_1.5_s_100	Trachusa pubescens	0	BGENL1600-24	1.5	100
0	0	data/BGE00189_MGE-BGE_r1_1.3_1.5_s50_100.fasta	None	Megachilidae	BLAST	family	COI-5P	656	1524	Apidae,Megachilidae	BGENL1601-24_r_1_s_50	Trachusa pubescens	0	BGENL1601-24	1	50
0	0	data/BGE00189_MGE-BGE_r1_1.3_1.5_s50_100.fasta	None	Megachilidae	BLAST	family	COI-5P	656	1524	Apidae,Megachilidae	BGENL1601-24_r_1_s_100	Trachusa pubescens	0	BGENL1601-24	1	100
0	0	data/BGE00189_MGE-BGE_r1_1.3_1.5_s50_100.fasta	None	Megachilidae	BLAST	family	COI-5P	656	1521	Apidae,Megachilidae	BGENL1601-24_r_1.3_s_50	Trachusa pubescens	0	BGENL1601-24	1.3	50
0	0	data/BGE00189_MGE-BGE_r1_1.3_1.5_s50_100.fasta	None	Megachilidae	BLAST	family	COI-5P	656	1521	Apidae,Megachilidae	BGENL1601-24_r_1.3_s_100	Trachusa pubescens	0	BGENL1601-24	1.3	100
0	0	data/BGE00189_MGE-BGE_r1_1.3_1.5_s50_100.fasta	None	Megachilidae	BLAST	family	COI-5P	647	1485	Megachilidae,Colletidae	BGENL1601-24_r_1.5_s_50	Trachusa pubescens	0	BGENL1601-24	1.5	50
0	0	data/BGE00189_MGE-BGE_r1_1.3_1.5_s50_100.fasta	None	Megachilidae	BLAST	family	COI-5P	647	1485	Megachilidae,Colletidae	BGENL1601-24_r_1.5_s_100	Trachusa pubescens	0	BGENL1601-24	1.5	100
0	0	data/BGE00189_MGE-BGE_r1_1.3_1.5_s50_100.fasta	None	Megachilidae	BLAST	family	COI-5P	655	1557	Apidae,Megachilidae	BGENL1602-24_r_1_s_50	Dioxys ardens	0	BGENL1602-24	1	50
0	0	data/BGE00189_MGE-BGE_r1_1.3_1.5_s50_100.fasta	None	Megachilidae	BLAST	family	COI-5P	655	1509	Megachilidae	BGENL1602-24_r_1_s_100	Dioxys ardens	0	BGENL1602-24	1	100
0	0	data/BGE00189_MGE-BGE_r1_1.3_1.5_s50_100.fasta	None	Megachilidae	BLAST	family	COI-5P	655	1485	Apidae,Megachilidae	BGENL1602-24_r_1.3_s_50	Dioxys ardens	0	BGENL1602-24	1.3	50
0	0	data/BGE00189_MGE-BGE_r1_1.3_1.5_s50_100.fasta	None	Megachilidae	BLAST	family	COI-5P	655	1476	Apidae,Megachilidae	BGENL1602-24_r_1.3_s_100	Dioxys ardens	0	BGENL1602-24	1.3	100
0	0	data/BGE00189_MGE-BGE_r1_1.3_1.5_s50_100.fasta	None	Megachilidae	BLAST	family	COI-5P	652	1473	Apidae,Megachilidae	BGENL1602-24_r_1.5_s_50	Dioxys ardens	0	BGENL1602-24	1.5	50
0	0	data/BGE00189_MGE-BGE_r1_1.3_1.5_s50_100.fasta	None	Megachilidae	BLAST	family	COI-5P	652	1428	Apidae,Megachilidae	BGENL1602-24_r_1.5_s_100	Dioxys ardens	0	BGENL1602-24	1.5	100
0	0	data/BGE00189_MGE-BGE_r1_1.3_1.5_s50_100.fasta	None	Megachilidae	BLAST	family	COI-5P	655	1551	Megachilidae	BGENL1603-24_r_1_s_50	Dioxys ardens	0	BGENL1603-24	1	50
0	0	data/BGE00189_MGE-BGE_r1_1.3_1.5_s50_100.fasta	None	Megachilidae	BLAST	family	COI-5P	655	1509	Megachilidae	BGENL1603-24_r_1_s_100	Dioxys ardens	0	BGENL1603-24	1	100
0	0	data/BGE00189_MGE-BGE_r1_1.3_1.5_s50_100.fasta	None	Megachilidae	BLAST	family	COI-5P	655	1515	Apidae,Megachilidae	BGENL1603-24_r_1.3_s_50	Dioxys ardens	0	BGENL1603-24	1.3	50
0	0	data/BGE00189_MGE-BGE_r1_1.3_1.5_s50_100.fasta	None	Megachilidae	BLAST	family	COI-5P	655	1476	Apidae,Megachilidae	BGENL1603-24_r_1.3_s_100	Dioxys ardens	0	BGENL1603-24	1.3	100
0	0	data/BGE00189_MGE-BGE_r1_1.3_1.5_s50_100.fasta	None	Megachilidae	BLAST	family	COI-5P	652	1506	Apidae,Megachilidae	BGENL1603-24_r_1.5_s_50	Dioxys ardens	0	BGENL1603-24	1.5	50
0	0	data/BGE00189_MGE-BGE_r1_1.3_1.5_s50_100.fasta	None	Megachilidae	BLAST	family	COI-5P	652	1425	Apidae,Megachilidae	BGENL1603-24_r_1.5_s_100	Dioxys ardens	0	BGENL1603-24	1.5	100
0	0	data/BGE00189_MGE-BGE_r1_1.3_1.5_s50_100.fasta	None	Megachilidae	BLAST	family	COI-5P	655	1560	Apidae,Megachilidae	BGENL1604-24_r_1_s_50	Dioxys ardens	0	BGENL1604-24	1	50
0	0	data/BGE00189_MGE-BGE_r1_1.3_1.5_s50_100.fasta	None	Megachilidae	BLAST	family	COI-5P	655	1509	Apidae,Megachilidae	BGENL1604-24_r_1_s_100	Dioxys ardens	0	BGENL1604-24	1	100
0	0	data/BGE00189_MGE-BGE_r1_1.3_1.5_s50_100.fasta	None	Megachilidae	BLAST	family	COI-5P	655	1497	Apidae,Megachilidae	BGENL1604-24_r_1.3_s_50	Dioxys ardens	0	BGENL1604-24	1.3	50
0	0	data/BGE00189_MGE-BGE_r1_1.3_1.5_s50_100.fasta	None	Megachilidae	BLAST	family	COI-5P	655	1476	Apidae,Megachilidae	BGENL1604-24_r_1.3_s_100	Dioxys ardens	0	BGENL1604-24	1.3	100
0	0	data/BGE00189_MGE-BGE_r1_1.3_1.5_s50_100.fasta	None	Megachilidae	BLAST	family	COI-5P	652	1473	Apidae,Megachilidae	BGENL1604-24_r_1.5_s_50	Dioxys ardens	0	BGENL1604-24	1.5	50
0	0	data/BGE00189_MGE-BGE_r1_1.3_1.5_s50_100.fasta	None	Megachilidae	BLAST	family	COI-5P	652	1428	Apidae,Megachilidae	BGENL1604-24_r_1.5_s_100	Dioxys ardens	0	BGENL1604-24	1.5	100
0	0	data/BGE00189_MGE-BGE_r1_1.3_1.5_s50_100.fasta	None	Megachilidae	BLAST	family	COI-5P	657	1545	Apidae,Megachilidae	BGENL1605-24_r_1_s_50	Dioxys chalicoda	0	BGENL1605-24	1	50
0	0	data/BGE00189_MGE-BGE_r1_1.3_1.5_s50_100.fasta	None	Megachilidae	BLAST	family	COI-5P	657	1512	Apidae,Megachilidae	BGENL1605-24_r_1_s_100	Dioxys chalicoda	0	BGENL1605-24	1	100
0	0	data/BGE00189_MGE-BGE_r1_1.3_1.5_s50_100.fasta	None	Megachilidae	BLAST	family	COI-5P	657	1488	Apidae,Megachilidae	BGENL1605-24_r_1.3_s_50	Dioxys chalicoda	0	BGENL1605-24	1.3	50
0	0	data/BGE00189_MGE-BGE_r1_1.3_1.5_s50_100.fasta	None	Megachilidae	BLAST	family	COI-5P	657	1476	Apidae,Megachilidae	BGENL1605-24_r_1.3_s_100	Dioxys chalicoda	0	BGENL1605-24	1.3	100
0	2	data/BGE00189_MGE-BGE_r1_1.3_1.5_s50_100.fasta	None	Megachilidae	BLAST	family	COI-5P	657	1476	Apidae,Megachilidae	BGENL1605-24_r_1.5_s_50	Dioxys chalicoda	0	BGENL1605-24	1.5	50
0	0	data/BGE00189_MGE-BGE_r1_1.3_1.5_s50_100.fasta	None	Megachilidae	BLAST	family	COI-5P	657	1428	Apidae,Megachilidae	BGENL1605-24_r_1.5_s_100	Dioxys chalicoda	0	BGENL1605-24	1.5	100
23	80	data/BGE00189_MGE-BGE_r1_1.3_1.5_s50_100.fasta	None	Megachilidae	BLAST	family	COI-5P	656	1521	Megachilidae,Colletidae	BGENL1606-24_r_1_s_50	Dioxys moestus	0	BGENL1606-24	1	50
21	73	data/BGE00189_MGE-BGE_r1_1.3_1.5_s50_100.fasta	None	Megachilidae	BLAST	family	COI-5P	656	1509	Megachilidae	BGENL1606-24_r_1_s_100	Dioxys moestus	0	BGENL1606-24	1	100
6	7	data/BGE00189_MGE-BGE_r1_1.3_1.5_s50_100.fasta	None	Megachilidae	BLAST	family	COI-5P	656	1476	Apidae,Megachilidae	BGENL1606-24_r_1.3_s_50	Dioxys moestus	0	BGENL1606-24	1.3	50
2	3	data/BGE00189_MGE-BGE_r1_1.3_1.5_s50_100.fasta	None	Megachilidae	BLAST	family	COI-5P	657	1476	Apidae,Megachilidae	BGENL1606-24_r_1.3_s_100	Dioxys moestus	0	BGENL1606-24	1.3	100
0	4	data/BGE00189_MGE-BGE_r1_1.3_1.5_s50_100.fasta	None	Megachilidae	BLAST	family	COI-5P	648	1380	Apidae,Halictidae,Megachilidae,Pteromalidae,Trichogrammatidae,Eulophidae	BGENL1606-24_r_1.5_s_50	Dioxys moestus	0	BGENL1606-24	1.5	50
0	0	data/BGE00189_MGE-BGE_r1_1.3_1.5_s50_100.fasta	None	Megachilidae	BLAST	family	COI-5P	648	1362	Apidae,Halictidae,Megachilidae,Pteromalidae,Trichogrammatidae,Agaonidae,Eulophidae	BGENL1606-24_r_1.5_s_100	Dioxys moestus	0	BGENL1606-24	1.5	100
0	0	data/BGE00189_MGE-BGE_r1_1.3_1.5_s50_100.fasta	None	Megachilidae	BLAST	family	COI-5P	657	1557	Apidae,Megachilidae	BGENL1607-24_r_1_s_50	Dioxys moestus	0	BGENL1607-24	1	50
0	0	data/BGE00189_MGE-BGE_r1_1.3_1.5_s50_100.fasta	None	Megachilidae	BLAST	family	COI-5P	657	1494	Apidae,Megachilidae	BGENL1607-24_r_1_s_100	Dioxys moestus	0	BGENL1607-24	1	100
0	0	data/BGE00189_MGE-BGE_r1_1.3_1.5_s50_100.fasta	None	Megachilidae	BLAST	family	COI-5P	657	1476	Apidae,Megachilidae	BGENL1607-24_r_1.3_s_50	Dioxys moestus	0	BGENL1607-24	1.3	50
0	0	data/BGE00189_MGE-BGE_r1_1.3_1.5_s50_100.fasta	None	Megachilidae	BLAST	family	COI-5P	657	1476	Apidae,Megachilidae	BGENL1607-24_r_1.3_s_100	Dioxys moestus	0	BGENL1607-24	1.3	100
0	3	data/BGE00189_MGE-BGE_r1_1.3_1.5_s50_100.fasta	None	Megachilidae	BLAST	family	COI-5P	657	1470	Apidae,Megachilidae	BGENL1607-24_r_1.5_s_50	Dioxys moestus	0	BGENL1607-24	1.5	50
0	0	data/BGE00189_MGE-BGE_r1_1.3_1.5_s50_100.fasta	None	Megachilidae	BLAST	family	COI-5P	657	1422	Apidae,Megachilidae	BGENL1607-24_r_1.5_s_100	Dioxys moestus	0	BGENL1607-24	1.5	100
0	0	data/BGE00189_MGE-BGE_r1_1.3_1.5_s50_100.fasta	None	Megachilidae	BLAST	family	COI-5P	657	1530	Apidae,Megachilidae,Colletidae	BGENL1608-24_r_1_s_50	Dioxys pumilus	0	BGENL1608-24	1	50
0	0	data/BGE00189_MGE-BGE_r1_1.3_1.5_s50_100.fasta	None	Megachilidae	BLAST	family	COI-5P	657	1530	Apidae,Megachilidae,Colletidae	BGENL1608-24_r_1_s_100	Dioxys pumilus	0	BGENL1608-24	1	100
0	0	data/BGE00189_MGE-BGE_r1_1.3_1.5_s50_100.fasta	None	Megachilidae	BLAST	family	COI-5P	657	1485	Apidae,Megachilidae	BGENL1608-24_r_1.3_s_50	Dioxys pumilus	0	BGENL1608-24	1.3	50
0	0	data/BGE00189_MGE-BGE_r1_1.3_1.5_s50_100.fasta	None	Megachilidae	BLAST	family	COI-5P	657	1485	Apidae,Megachilidae	BGENL1608-24_r_1.3_s_100	Dioxys pumilus	0	BGENL1608-24	1.3	100
0	0	data/BGE00189_MGE-BGE_r1_1.3_1.5_s50_100.fasta	None	Megachilidae	BLAST	family	COI-5P	657	1476	Apidae,Megachilidae,Colletidae	BGENL1608-24_r_1.5_s_50	Dioxys pumilus	0	BGENL1608-24	1.5	50
0	0	data/BGE00189_MGE-BGE_r1_1.3_1.5_s50_100.fasta	None	Megachilidae	BLAST	family	COI-5P	657	1461	Apidae,Megachilidae	BGENL1608-24_r_1.5_s_100	Dioxys pumilus	0	BGENL1608-24	1.5	100
0	0	data/BGE00189_MGE-BGE_r1_1.3_1.5_s50_100.fasta	None	Megachilidae	BLAST	family	COI-5P	657	1530	Apidae,Megachilidae,Colletidae	BGENL1609-24_r_1_s_50	Dioxys pumilus	0	BGENL1609-24	1	50
0	0	data/BGE00189_MGE-BGE_r1_1.3_1.5_s50_100.fasta	None	Megachilidae	BLAST	family	COI-5P	657	1530	Apidae,Megachilidae,Colletidae	BGENL1609-24_r_1_s_100	Dioxys pumilus	0	BGENL1609-24	1	100
0	0	data/BGE00189_MGE-BGE_r1_1.3_1.5_s50_100.fasta	None	Megachilidae	BLAST	family	COI-5P	657	1491	Apidae,Megachilidae	BGENL1609-24_r_1.3_s_50	Dioxys pumilus	0	BGENL1609-24	1.3	50
0	0	data/BGE00189_MGE-BGE_r1_1.3_1.5_s50_100.fasta	None	Megachilidae	BLAST	family	COI-5P	657	1485	Apidae,Megachilidae	BGENL1609-24_r_1.3_s_100	Dioxys pumilus	0	BGENL1609-24	1.3	100
0	0	data/BGE00189_MGE-BGE_r1_1.3_1.5_s50_100.fasta	None	Megachilidae	BLAST	family	COI-5P	657	1491	Apidae,Megachilidae	BGENL1609-24_r_1.5_s_50	Dioxys pumilus	0	BGENL1609-24	1.5	50
0	0	data/BGE00189_MGE-BGE_r1_1.3_1.5_s50_100.fasta	None	Megachilidae	BLAST	family	COI-5P	657	1461	Apidae,Megachilidae	BGENL1609-24_r_1.5_s_100	Dioxys pumilus	0	BGENL1609-24	1.5	100
1	21	data/BGE00189_MGE-BGE_r1_1.3_1.5_s50_100.fasta	None	Megachilidae	BLAST	family	COI-5P	632	1380	Chrysomelidae,Curculionidae,Crabronidae,Encyrtidae,Stenopsychidae	BGENL1610-24_r_1_s_50	Dioxys pumilus	0	BGENL1610-24	1	50
2	15	data/BGE00189_MGE-BGE_r1_1.3_1.5_s50_100.fasta	None	Megachilidae	BLAST	family	COI-5P	571	1278	Chrysomelidae,Curculionidae,Crabronidae,Encyrtidae,Stenopsychidae	BGENL1610-24_r_1_s_100	Dioxys pumilus	0	BGENL1610-24	1	100
0	20	data/BGE00189_MGE-BGE_r1_1.3_1.5_s50_100.fasta	None	Megachilidae	BLAST	family	COI-5P	585	1188	Megachilidae	BGENL1610-24_r_1.3_s_50	Dioxys pumilus	0	BGENL1610-24	1.3	50
0	1	data/BGE00189_MGE-BGE_r1_1.3_1.5_s50_100.fasta	None	Megachilidae	BLAST	family	COI-5P	469	1056	Megachilidae,Stenopsychidae	BGENL1610-24_r_1.3_s_100	Dioxys pumilus	0	BGENL1610-24	1.3	100
1	4	data/BGE00189_MGE-BGE_r1_1.3_1.5_s50_100.fasta	None	Megachilidae	BLAST	family	COI-5P	508	945	Apidae,Megachilidae	BGENL1610-24_r_1.5_s_50	Dioxys pumilus	0	BGENL1610-24	1.5	50
0	3	data/BGE00189_MGE-BGE_r1_1.3_1.5_s50_100.fasta	None	Megachilidae	BLAST	family	COI-5P	201	546	Hydrophilidae,Asilidae,Muscidae,Crabronidae,Andrenidae,Scoliidae	BGENL1610-24_r_1.5_s_100	Dioxys pumilus	0	BGENL1610-24	1.5	100
0	1	data/BGE00189_MGE-BGE_r1_1.3_1.5_s50_100.fasta	None	Megachilidae	BLAST	family	COI-5P	657	1503	Apidae,Megachilidae	BGENL1611-24_r_1_s_50	Dioxys atlanticus	0	BGENL1611-24	1	50
0	0	data/BGE00189_MGE-BGE_r1_1.3_1.5_s50_100.fasta	None	Megachilidae	BLAST	family	COI-5P	657	1503	Apidae,Megachilidae	BGENL1611-24_r_1_s_100	Dioxys atlanticus	0	BGENL1611-24	1	100
0	0	data/BGE00189_MGE-BGE_r1_1.3_1.5_s50_100.fasta	None	Megachilidae	BLAST	family	COI-5P	657	1479	Apidae,Megachilidae	BGENL1611-24_r_1.3_s_50	Dioxys atlanticus	0	BGENL1611-24	1.3	50
0	0	data/BGE00189_MGE-BGE_r1_1.3_1.5_s50_100.fasta	None	Megachilidae	BLAST	family	COI-5P	657	1476	Apidae,Megachilidae	BGENL1611-24_r_1.3_s_100	Dioxys atlanticus	0	BGENL1611-24	1.3	100
0	0	data/BGE00189_MGE-BGE_r1_1.3_1.5_s50_100.fasta	None	Megachilidae	BLAST	family	COI-5P	657	1476	Apidae	BGENL1611-24_r_1.5_s_50	Dioxys atlanticus	0	BGENL1611-24	1.5	50
0	0	data/BGE00189_MGE-BGE_r1_1.3_1.5_s50_100.fasta	None	Megachilidae	BLAST	family	COI-5P	654	1419	Apidae	BGENL1611-24_r_1.5_s_100	Dioxys atlanticus	0	BGENL1611-24	1.5	100
0	0	data/BGE00189_MGE-BGE_r1_1.3_1.5_s50_100.fasta	None	Apidae	BLAST	family	COI-5P	653	1539	Apidae	BGENL1612-24_r_1_s_50	Anthophora fulvipes	0	BGENL1612-24	1	50
0	0	data/BGE00189_MGE-BGE_r1_1.3_1.5_s50_100.fasta	None	Apidae	BLAST	family	COI-5P	653	1539	Apidae	BGENL1612-24_r_1_s_100	Anthophora fulvipes	0	BGENL1612-24	1	100
0	2	data/BGE00189_MGE-BGE_r1_1.3_1.5_s50_100.fasta	None	Apidae	BLAST	family	COI-5P	653	1539	Apidae	BGENL1612-24_r_1.3_s_50	Anthophora fulvipes	0	BGENL1612-24	1.3	50
0	0	data/BGE00189_MGE-BGE_r1_1.3_1.5_s50_100.fasta	None	Apidae	BLAST	family	COI-5P	653	1533	Apidae	BGENL1612-24_r_1.3_s_100	Anthophora fulvipes	0	BGENL1612-24	1.3	100
0	0	data/BGE00189_MGE-BGE_r1_1.3_1.5_s50_100.fasta	None	Apidae	BLAST	family	COI-5P	653	1449	Apidae	BGENL1612-24_r_1.5_s_50	Anthophora fulvipes	0	BGENL1612-24	1.5	50
0	0	data/BGE00189_MGE-BGE_r1_1.3_1.5_s50_100.fasta	None	Apidae	BLAST	family	COI-5P	653	1419	Apidae	BGENL1612-24_r_1.5_s_100	Anthophora fulvipes	0	BGENL1612-24	1.5	100
0	4	data/BGE00189_MGE-BGE_r1_1.3_1.5_s50_100.fasta	None	Apidae	BLAST	family	COI-5P	653	1533	Apidae	BGENL1613-24_r_1_s_50	Anthophora fulvipes	0	BGENL1613-24	1	50
2	7	data/BGE00189_MGE-BGE_r1_1.3_1.5_s50_100.fasta	None	Apidae	BLAST	family	COI-5P	653	1524	Apidae	BGENL1613-24_r_1_s_100	Anthophora fulvipes	0	BGENL1613-24	1	100
0	0	data/BGE00189_MGE-BGE_r1_1.3_1.5_s50_100.fasta	None	Apidae	BLAST	family	COI-5P	653	1506	Apidae	BGENL1613-24_r_1.3_s_50	Anthophora fulvipes	0	BGENL1613-24	1.3	50
0	0	data/BGE00189_MGE-BGE_r1_1.3_1.5_s50_100.fasta	None	Apidae	BLAST	family	COI-5P	653	1398	Apidae	BGENL1613-24_r_1.3_s_100	Anthophora fulvipes	0	BGENL1613-24	1.3	100
0	0	data/BGE00189_MGE-BGE_r1_1.3_1.5_s50_100.fasta	None	Apidae	BLAST	family	COI-5P	653	1365	Apidae	BGENL1613-24_r_1.5_s_50	Anthophora fulvipes	0	BGENL1613-24	1.5	50
0	0	data/BGE00189_MGE-BGE_r1_1.3_1.5_s50_100.fasta	None	Apidae	BLAST	family	COI-5P	653	1266	Apidae	BGENL1613-24_r_1.5_s_100	Anthophora fulvipes	0	BGENL1613-24	1.5	100
10	23	data/BGE00189_MGE-BGE_r1_1.3_1.5_s50_100.fasta	None	Apidae	BLAST	family	COI-5P	653	1533	Apidae	BGENL1614-24_r_1_s_50	Anthophora fulvipes	0	BGENL1614-24	1	50
1	5	data/BGE00189_MGE-BGE_r1_1.3_1.5_s50_100.fasta	None	Apidae	BLAST	family	COI-5P	653	1533	Apidae	BGENL1614-24_r_1_s_100	Anthophora fulvipes	0	BGENL1614-24	1	100
1	7	data/BGE00189_MGE-BGE_r1_1.3_1.5_s50_100.fasta	None	Apidae	BLAST	family	COI-5P	653	1461	Apidae	BGENL1614-24_r_1.3_s_50	Anthophora fulvipes	0	BGENL1614-24	1.3	50
0	0	data/BGE00189_MGE-BGE_r1_1.3_1.5_s50_100.fasta	None	Apidae	BLAST	family	COI-5P	653	1317	Apidae	BGENL1614-24_r_1.3_s_100	Anthophora fulvipes	0	BGENL1614-24	1.3	100
3	15	data/BGE00189_MGE-BGE_r1_1.3_1.5_s50_100.fasta	None	Apidae	BLAST	family	COI-5P	626	1392	Apidae	BGENL1614-24_r_1.5_s_50	Anthophora fulvipes	0	BGENL1614-24	1.5	50
0	0	data/BGE00189_MGE-BGE_r1_1.3_1.5_s50_100.fasta	None	Apidae	BLAST	family	COI-5P	473	1110	Apidae	BGENL1614-24_r_1.5_s_100	Anthophora fulvipes	0	BGENL1614-24	1.5	100
0	3	data/BGE00189_MGE-BGE_r1_1.3_1.5_s50_100.fasta	None	Apidae	BLAST	family	COI-5P	655	1542	Apidae	BGENL1615-24_r_1_s_50	Anthophora crassipes	0	BGENL1615-24	1	50
0	0	data/BGE00189_MGE-BGE_r1_1.3_1.5_s50_100.fasta	None	Apidae	BLAST	family	COI-5P	655	1536	Apidae	BGENL1615-24_r_1_s_100	Anthophora crassipes	0	BGENL1615-24	1	100
0	3	data/BGE00189_MGE-BGE_r1_1.3_1.5_s50_100.fasta	None	Apidae	BLAST	family	COI-5P	655	1530	Apidae	BGENL1615-24_r_1.3_s_50	Anthophora crassipes	0	BGENL1615-24	1.3	50
0	0	data/BGE00189_MGE-BGE_r1_1.3_1.5_s50_100.fasta	None	Apidae	BLAST	family	COI-5P	655	1524	Apidae	BGENL1615-24_r_1.3_s_100	Anthophora crassipes	0	BGENL1615-24	1.3	100
0	2	data/BGE00189_MGE-BGE_r1_1.3_1.5_s50_100.fasta	None	Apidae	BLAST	family	COI-5P	655	1512	Apidae	BGENL1615-24_r_1.5_s_50	Anthophora crassipes	0	BGENL1615-24	1.5	50
0	0	data/BGE00189_MGE-BGE_r1_1.3_1.5_s50_100.fasta	None	Apidae	BLAST	family	COI-5P	655	1419	Apidae	BGENL1615-24_r_1.5_s_100	Anthophora crassipes	0	BGENL1615-24	1.5	100
