,Filename,Process ID,n_reads,n_aligned,skipped_reads_low_rel,length,cov_min,cov_max,cov_avg,cov_med,fasta_header
0,BBIOP2677-24_r_1_s_100_BBIOP2677-24,BBIOP2677-24,2541411,47,23,1533,0.0,10.0,3.078277886497065,2.0,>BBIOP2677-24_r_1_s_100_BBIOP2677-24
1,BBIOP2745-24_r_1_s_50_BBIOP2745-24,BBIOP2745-24,7269236,1360,359,1533,1.0,169.0,66.25440313111547,61.0,>BBIOP2745-24_r_1_s_50_BBIOP2745-24
2,BBIOP2735-24_r_1.5_s_100_BBIOP2735-24,BBIOP2735-24,6948727,988,22,1530,24.0,124.0,63.31764705882353,59.0,>BBIOP2735-24_r_1.5_s_100_BBIOP2735-24
3,BBIOP2754-24_r_1_s_100_BBIOP2754-24,BBIOP2754-24,6363041,1216,170,1530,21.0,136.0,65.49607843137255,60.0,>BBIOP2754-24_r_1_s_100_BBIOP2754-24
4,BBIOP2720-24_r_1_s_100_BBIOP2720-24,BBIOP2720-24,7662572,475,40,1530,5.0,56.0,27.05686274509804,27.0,>BBIOP2720-24_r_1_s_100_BBIOP2720-24
5,BBIOP2730-24_r_1.5_s_50_BBIOP2730-24,BBIOP2730-24,7918029,1911,10,1530,78.0,191.0,138.77450980392155,141.0,>BBIOP2730-24_r_1.5_s_50_BBIOP2730-24
6,BBIOP2729-24_r_1_s_100_BBIOP2729-24,BBIOP2729-24,7095987,1074,97,1530,23.0,132.0,59.266666666666666,57.0,>BBIOP2729-24_r_1_s_100_BBIOP2729-24
7,BBIOP2677-24_r_1.3_s_100_BBIOP2677-24,BBIOP2677-24,2541411,45,23,1533,0.0,10.0,2.851272015655577,2.0,>BBIOP2677-24_r_1.3_s_100_BBIOP2677-24
8,BBIOP2745-24_r_1.3_s_50_BBIOP2745-24,BBIOP2745-24,7269236,1288,359,1533,1.0,168.0,63.29158512720157,58.0,>BBIOP2745-24_r_1.3_s_50_BBIOP2745-24
9,BGE00582-NC_r_1.3_s_50_BGE00582-NC,BGE00582-NC,1397765,120,281,1539,0.0,35.0,4.582846003898635,0.0,>BGE00582-NC_r_1.3_s_50_BGE00582-NC
10,BBIOP2683-24_r_1.5_s_50_BBIOP2683-24,BBIOP2683-24,5581537,322,332,1536,0.0,76.0,14.474609375,8.0,>BBIOP2683-24_r_1.5_s_50_BBIOP2683-24
11,BBIOP2665-24_r_1.5_s_50_BBIOP2665-24,BBIOP2665-24,4048465,41,238,1536,0.0,11.0,2.06640625,1.0,>BBIOP2665-24_r_1.5_s_50_BBIOP2665-24
12,BBIOP2704-24_r_1.3_s_100_BBIOP2704-24,BBIOP2704-24,6562477,196,64,1536,0.0,50.0,12.26953125,9.0,>BBIOP2704-24_r_1.3_s_100_BBIOP2704-24
13,BBIOP2748-24_r_1_s_100_BBIOP2748-24,BBIOP2748-24,5463294,2195,35,1533,1.0,240.0,151.9549902152642,144.0,>BBIOP2748-24_r_1_s_100_BBIOP2748-24
14,BBIOP2745-24_r_1.5_s_100_BBIOP2745-24,BBIOP2745-24,7269236,701,359,1533,1.0,94.0,42.94911937377691,40.0,>BBIOP2745-24_r_1.5_s_100_BBIOP2745-24
15,BBIOP2673-24_r_1.3_s_50_BBIOP2673-24,BBIOP2673-24,2124165,232,4,1536,0.0,31.0,10.79296875,10.0,>BBIOP2673-24_r_1.3_s_50_BBIOP2673-24
16,BBIOP2685-24_r_1.3_s_50_BBIOP2685-24,BBIOP2685-24,5162208,2557,11,1551,1.0,260.0,162.56286266924565,168.0,>BBIOP2685-24_r_1.3_s_50_BBIOP2685-24
17,BBIOP2682-24_r_1.3_s_50_BBIOP2682-24,BBIOP2682-24,1409598,100,38,1536,0.0,17.0,5.82421875,5.0,>BBIOP2682-24_r_1.3_s_50_BBIOP2682-24
18,BBIOP2675-24_r_1_s_100_BBIOP2675-24,BBIOP2675-24,499458,48,61,1533,0.0,14.0,3.5694716242661446,2.0,>BBIOP2675-24_r_1_s_100_BBIOP2675-24
19,BBIOP2709-24_r_1.3_s_50_BBIOP2709-24,BBIOP2709-24,6936314,1152,457,1533,0.0,136.0,71.98043052837573,65.0,>BBIOP2709-24_r_1.3_s_50_BBIOP2709-24
20,BBIOP2749-24_r_1.3_s_100_BBIOP2749-24,BBIOP2749-24,5334651,842,234,1533,0.0,121.0,52.95303326810176,51.0,>BBIOP2749-24_r_1.3_s_100_BBIOP2749-24
21,BBIOP2686-24_r_1.5_s_100_BBIOP2686-24,BBIOP2686-24,5469468,541,27,1530,0.0,73.0,32.115686274509805,33.0,>BBIOP2686-24_r_1.5_s_100_BBIOP2686-24
22,BBIOP2731-24_r_1.3_s_100_BBIOP2731-24,BBIOP2731-24,5403906,1534,92,1530,41.0,135.0,100.86666666666666,101.0,>BBIOP2731-24_r_1.3_s_100_BBIOP2731-24
23,BBIOP2748-24_r_1.3_s_100_BBIOP2748-24,BBIOP2748-24,5463294,2177,35,1533,1.0,240.0,150.4931506849315,142.0,>BBIOP2748-24_r_1.3_s_100_BBIOP2748-24
24,BBIOP2710-24_r_1.5_s_100_BBIOP2710-24,BBIOP2710-24,5667083,1792,25,1533,0.0,201.0,108.92954990215264,107.0,>BBIOP2710-24_r_1.5_s_100_BBIOP2710-24
25,BBIOP2727-24_r_1.5_s_100_BBIOP2727-24,BBIOP2727-24,7234776,1763,36,1530,0.0,163.0,114.79803921568627,114.0,>BBIOP2727-24_r_1.5_s_100_BBIOP2727-24
26,BBIOP2674-24_r_1_s_100_BBIOP2674-24,BBIOP2674-24,6898869,978,236,1536,0.0,123.0,58.669921875,53.0,>BBIOP2674-24_r_1_s_100_BBIOP2674-24
27,BBIOP2739-24_r_1_s_50_BBIOP2739-24,BBIOP2739-24,7754033,411,408,1533,5.0,66.0,20.859099804305284,17.0,>BBIOP2739-24_r_1_s_50_BBIOP2739-24
28,BBIOP2664-24_r_1.3_s_100_BBIOP2664-24,BBIOP2664-24,1444089,17,4,1536,0.0,4.0,1.1953125,1.0,>BBIOP2664-24_r_1.3_s_100_BBIOP2664-24
29,BBIOP2707-24_r_1.3_s_100_BBIOP2707-24,BBIOP2707-24,4383106,978,134,1533,0.0,128.0,69.84931506849315,66.0,>BBIOP2707-24_r_1.3_s_100_BBIOP2707-24
30,BBIOP2687-24_r_1.5_s_100_BBIOP2687-24,BBIOP2687-24,5921088,4035,237,1533,111.0,545.0,288.99608610567515,284.0,>BBIOP2687-24_r_1.5_s_100_BBIOP2687-24
31,BBIOP2701-24_r_1_s_50_BBIOP2701-24,BBIOP2701-24,3840312,504,210,1536,1.0,50.0,31.796875,33.0,>BBIOP2701-24_r_1_s_50_BBIOP2701-24
32,BBIOP2692-24_r_1.3_s_50_BBIOP2692-24,BBIOP2692-24,4773382,424,193,1530,2.0,42.0,19.87843137254902,20.0,>BBIOP2692-24_r_1.3_s_50_BBIOP2692-24
33,BBIOP2667-24_r_1.5_s_100_BBIOP2667-24,BBIOP2667-24,3462768,813,178,1530,25.0,94.0,59.61372549019608,57.0,>BBIOP2667-24_r_1.5_s_100_BBIOP2667-24
34,BBIOP2729-24_r_1.5_s_100_BBIOP2729-24,BBIOP2729-24,7095987,1024,97,1530,19.0,130.0,55.6843137254902,55.0,>BBIOP2729-24_r_1.5_s_100_BBIOP2729-24
35,BBIOP2713-24_r_1.3_s_100_BBIOP2713-24,BBIOP2713-24,4849536,2173,236,1527,0.0,294.0,173.53831041257368,175.0,>BBIOP2713-24_r_1.3_s_100_BBIOP2713-24
36,BBIOP2721-24_r_1.3_s_50_BBIOP2721-24,BBIOP2721-24,6257433,1685,235,1530,55.0,161.0,106.96274509803922,106.0,>BBIOP2721-24_r_1.3_s_50_BBIOP2721-24
37,BBIOP2722-24_r_1_s_50_BBIOP2722-24,BBIOP2722-24,7140477,1307,22,1530,38.0,166.0,78.35098039215686,70.0,>BBIOP2722-24_r_1_s_50_BBIOP2722-24
38,BBIOP2663-24_r_1.5_s_50_BBIOP2663-24,BBIOP2663-24,2054991,24,8,1536,0.0,5.0,1.0,0.0,>BBIOP2663-24_r_1.5_s_50_BBIOP2663-24
39,BBIOP2676-24_r_1.3_s_100_BBIOP2676-24,BBIOP2676-24,4676648,279,411,1533,0.0,44.0,18.365949119373777,18.0,>BBIOP2676-24_r_1.3_s_100_BBIOP2676-24
40,BBIOP2693-24_r_1.5_s_100_BBIOP2693-24,BBIOP2693-24,1459622,239,2,1530,0.0,33.0,17.435294117647057,18.0,>BBIOP2693-24_r_1.5_s_100_BBIOP2693-24
41,BBIOP2752-24_r_1.5_s_50_BBIOP2752-24,BBIOP2752-24,8031340,2098,454,1530,67.0,236.0,134.01568627450982,131.0,>BBIOP2752-24_r_1.5_s_50_BBIOP2752-24
42,BBIOP2715-24_r_1.3_s_100_BBIOP2715-24,BBIOP2715-24,8121684,1263,16,1530,30.0,144.0,83.22941176470589,85.0,>BBIOP2715-24_r_1.3_s_100_BBIOP2715-24
43,BBIOP2691-24_r_1.3_s_50_BBIOP2691-24,BBIOP2691-24,1595524,1373,36,1530,54.0,125.0,89.41960784313726,90.0,>BBIOP2691-24_r_1.3_s_50_BBIOP2691-24
44,BBIOP2703-24_r_1.3_s_50_BBIOP2703-24,BBIOP2703-24,2583152,917,68,1536,0.0,102.0,49.3359375,49.0,>BBIOP2703-24_r_1.3_s_50_BBIOP2703-24
45,BBIOP2729-24_r_1_s_50_BBIOP2729-24,BBIOP2729-24,7095987,1700,97,1530,28.0,157.0,79.20980392156862,81.0,>BBIOP2729-24_r_1_s_50_BBIOP2729-24
46,BBIOP2741-24_r_1.5_s_100_BBIOP2741-24,BBIOP2741-24,8282988,5234,800,1533,0.0,628.0,463.37181996086105,458.0,>BBIOP2741-24_r_1.5_s_100_BBIOP2741-24
47,BBIOP2705-24_r_1.5_s_100_BBIOP2705-24,BBIOP2705-24,8143405,302,326,1536,0.0,70.0,19.4296875,17.0,>BBIOP2705-24_r_1.5_s_100_BBIOP2705-24
48,BBIOP2723-24_r_1_s_50_BBIOP2723-24,BBIOP2723-24,7627253,212,9,1530,0.0,27.0,9.649019607843137,9.0,>BBIOP2723-24_r_1_s_50_BBIOP2723-24
49,BBIOP2672-24_r_1.3_s_50_BBIOP2672-24,BBIOP2672-24,1445505,258,116,1536,0.0,30.0,16.4375,16.0,>BBIOP2672-24_r_1.3_s_50_BBIOP2672-24
50,BBIOP2693-24_r_1.3_s_50_BBIOP2693-24,BBIOP2693-24,1459622,295,2,1530,7.0,36.0,20.211764705882352,19.0,>BBIOP2693-24_r_1.3_s_50_BBIOP2693-24
51,BBIOP2722-24_r_1.5_s_100_BBIOP2722-24,BBIOP2722-24,7140477,995,22,1530,31.0,126.0,67.55098039215686,57.0,>BBIOP2722-24_r_1.5_s_100_BBIOP2722-24
52,BBIOP2709-24_r_1.3_s_100_BBIOP2709-24,BBIOP2709-24,6936314,890,457,1533,0.0,115.0,64.17221135029354,59.0,>BBIOP2709-24_r_1.3_s_100_BBIOP2709-24
53,BBIOP2754-24_r_1_s_50_BBIOP2754-24,BBIOP2754-24,6363041,2041,170,1530,39.0,182.0,92.49803921568628,86.0,>BBIOP2754-24_r_1_s_50_BBIOP2754-24
54,BBIOP2683-24_r_1_s_50_BBIOP2683-24,BBIOP2683-24,5581537,553,332,1536,0.0,83.0,28.173828125,23.0,>BBIOP2683-24_r_1_s_50_BBIOP2683-24
55,BBIOP2718-24_r_1.5_s_50_BBIOP2718-24,BBIOP2718-24,1619907,63,338,1530,0.0,15.0,4.005882352941176,3.0,>BBIOP2718-24_r_1.5_s_50_BBIOP2718-24
56,BBIOP2721-24_r_1.5_s_100_BBIOP2721-24,BBIOP2721-24,6257433,1413,235,1530,53.0,146.0,97.93921568627452,97.5,>BBIOP2721-24_r_1.5_s_100_BBIOP2721-24
57,BBIOP2712-24_r_1.3_s_100_BBIOP2712-24,BBIOP2712-24,6643834,1712,4,1527,0.0,181.0,119.78978388998036,118.0,>BBIOP2712-24_r_1.3_s_100_BBIOP2712-24
58,BBIOP2727-24_r_1_s_50_BBIOP2727-24,BBIOP2727-24,7234776,2189,36,1530,0.0,184.0,129.38823529411764,129.0,>BBIOP2727-24_r_1_s_50_BBIOP2727-24
59,BGE00582-NC_r_1_s_50_BGE00582-NC,BGE00582-NC,1397765,317,281,1539,0.0,78.0,18.4541910331384,11.0,>BGE00582-NC_r_1_s_50_BGE00582-NC
60,BBIOP2736-24_r_1.3_s_50_BBIOP2736-24,BBIOP2736-24,8289325,1421,147,1530,35.0,167.0,71.78627450980392,69.0,>BBIOP2736-24_r_1.3_s_50_BBIOP2736-24
61,BBIOP2692-24_r_1_s_50_BBIOP2692-24,BBIOP2692-24,4773382,483,193,1530,5.0,53.0,23.41176470588235,23.0,>BBIOP2692-24_r_1_s_50_BBIOP2692-24
62,BBIOP2719-24_r_1.3_s_100_BBIOP2719-24,BBIOP2719-24,7689618,310,158,1530,4.0,41.0,19.53921568627451,18.0,>BBIOP2719-24_r_1.3_s_100_BBIOP2719-24
63,BBIOP2709-24_r_1.5_s_50_BBIOP2709-24,BBIOP2709-24,6936314,1038,457,1533,0.0,135.0,65.29158512720157,60.0,>BBIOP2709-24_r_1.5_s_50_BBIOP2709-24
64,BBIOP2701-24_r_1.3_s_100_BBIOP2701-24,BBIOP2701-24,3840312,309,210,1536,0.0,36.0,22.01953125,24.0,>BBIOP2701-24_r_1.3_s_100_BBIOP2701-24
65,BBIOP2675-24_r_1.5_s_100_BBIOP2675-24,BBIOP2675-24,499458,16,61,1533,0.0,6.0,0.949119373776908,0.0,>BBIOP2675-24_r_1.5_s_100_BBIOP2675-24
66,BBIOP2731-24_r_1_s_50_BBIOP2731-24,BBIOP2731-24,5403906,2074,92,1530,65.0,167.0,119.02156862745096,117.5,>BBIOP2731-24_r_1_s_50_BBIOP2731-24
67,BBIOP2693-24_r_1_s_50_BBIOP2693-24,BBIOP2693-24,1459622,314,2,1530,8.0,37.0,21.15686274509804,20.0,>BBIOP2693-24_r_1_s_50_BBIOP2693-24
68,BBIOP2671-24_r_1.3_s_100_BBIOP2671-24,BBIOP2671-24,1461663,20,98,1533,0.0,7.0,1.4951076320939334,0.0,>BBIOP2671-24_r_1.3_s_100_BBIOP2671-24
69,BBIOP2720-24_r_1.5_s_50_BBIOP2720-24,BBIOP2720-24,7662572,625,40,1530,5.0,95.0,30.34705882352941,29.0,>BBIOP2720-24_r_1.5_s_50_BBIOP2720-24
70,BBIOP2713-24_r_1_s_50_BBIOP2713-24,BBIOP2713-24,4849536,2557,236,1527,0.0,328.0,185.8998035363458,185.0,>BBIOP2713-24_r_1_s_50_BBIOP2713-24
71,BBIOP2689-24_r_1_s_50_BBIOP2689-24,BBIOP2689-24,1714545,78,65,1533,0.0,13.0,3.898238747553816,3.0,>BBIOP2689-24_r_1_s_50_BBIOP2689-24
72,BBIOP2727-24_r_1_s_100_BBIOP2727-24,BBIOP2727-24,7234776,1792,36,1530,0.0,163.0,116.90588235294118,117.0,>BBIOP2727-24_r_1_s_100_BBIOP2727-24
73,BBIOP2723-24_r_1.5_s_50_BBIOP2723-24,BBIOP2723-24,7627253,149,9,1530,0.0,17.0,7.545098039215686,7.0,>BBIOP2723-24_r_1.5_s_50_BBIOP2723-24
74,BBIOP2738-24_r_1_s_100_BBIOP2738-24,BBIOP2738-24,6844412,2767,474,1533,82.0,274.0,169.86105675146771,163.0,>BBIOP2738-24_r_1_s_100_BBIOP2738-24
75,BBIOP2720-24_r_1.3_s_50_BBIOP2720-24,BBIOP2720-24,7662572,672,40,1530,5.0,97.0,32.45294117647059,30.0,>BBIOP2720-24_r_1.3_s_50_BBIOP2720-24
76,BBIOP2730-24_r_1_s_50_BBIOP2730-24,BBIOP2730-24,7918029,2222,10,1530,87.0,256.0,150.37843137254902,150.0,>BBIOP2730-24_r_1_s_50_BBIOP2730-24
77,BBIOP2708-24_r_1.5_s_100_BBIOP2708-24,BBIOP2708-24,5836135,1317,17,1533,0.0,149.0,92.5283757338552,91.0,>BBIOP2708-24_r_1.5_s_100_BBIOP2708-24
78,BBIOP2728-24_r_1_s_50_BBIOP2728-24,BBIOP2728-24,8826069,2524,60,1530,102.0,285.0,169.28823529411764,168.0,>BBIOP2728-24_r_1_s_50_BBIOP2728-24
79,BBIOP2664-24_r_1_s_50_BBIOP2664-24,BBIOP2664-24,1444089,73,4,1536,0.0,15.0,3.05078125,2.0,>BBIOP2664-24_r_1_s_50_BBIOP2664-24
80,BBIOP2690-24_r_1.3_s_100_BBIOP2690-24,BBIOP2690-24,1686103,1182,60,1530,43.0,135.0,86.45098039215686,86.0,>BBIOP2690-24_r_1.3_s_100_BBIOP2690-24
81,BBIOP2669-24_r_1.5_s_100_BBIOP2669-24,BBIOP2669-24,2119918,263,219,1533,0.0,45.0,19.77495107632094,19.0,>BBIOP2669-24_r_1.5_s_100_BBIOP2669-24
82,BBIOP2694-24_r_1.3_s_50_BBIOP2694-24,BBIOP2694-24,3367895,503,187,1536,0.0,66.0,29.119140625,27.0,>BBIOP2694-24_r_1.3_s_50_BBIOP2694-24
83,BBIOP2672-24_r_1.3_s_100_BBIOP2672-24,BBIOP2672-24,1445505,211,116,1536,0.0,29.0,14.896484375,15.0,>BBIOP2672-24_r_1.3_s_100_BBIOP2672-24
84,BBIOP2686-24_r_1_s_100_BBIOP2686-24,BBIOP2686-24,5469468,607,27,1530,8.0,73.0,37.062745098039215,35.0,>BBIOP2686-24_r_1_s_100_BBIOP2686-24
85,BBIOP2698-24_r_1.5_s_100_BBIOP2698-24,BBIOP2698-24,8184503,343,364,1536,0.0,70.0,21.03125,16.5,>BBIOP2698-24_r_1.5_s_100_BBIOP2698-24
86,BBIOP2730-24_r_1.3_s_50_BBIOP2730-24,BBIOP2730-24,7918029,1987,10,1530,82.0,192.0,142.73921568627452,144.0,>BBIOP2730-24_r_1.3_s_50_BBIOP2730-24
87,BBIOP2738-24_r_1_s_50_BBIOP2738-24,BBIOP2738-24,6844412,3718,474,1533,106.0,303.0,200.6379647749511,197.0,>BBIOP2738-24_r_1_s_50_BBIOP2738-24
88,BBIOP2746-24_r_1_s_100_BBIOP2746-24,BBIOP2746-24,5980749,3658,206,1533,0.0,407.0,286.6771037181996,275.0,>BBIOP2746-24_r_1_s_100_BBIOP2746-24
89,BBIOP2661-24_r_1.3_s_100_BBIOP2661-24,BBIOP2661-24,2902294,533,192,1536,0.0,62.0,31.31640625,29.0,>BBIOP2661-24_r_1.3_s_100_BBIOP2661-24
90,BBIOP2753-24_r_1.5_s_100_BBIOP2753-24,BBIOP2753-24,8943289,2679,136,1530,127.0,293.0,202.04117647058823,202.0,>BBIOP2753-24_r_1.5_s_100_BBIOP2753-24
91,BBIOP2678-24_r_1_s_100_BBIOP2678-24,BBIOP2678-24,1822565,28,0,1533,0.0,8.0,1.9471624266144811,1.0,>BBIOP2678-24_r_1_s_100_BBIOP2678-24
92,BBIOP2674-24_r_1.3_s_50_BBIOP2674-24,BBIOP2674-24,6898869,1417,236,1536,0.0,139.0,70.5,61.5,>BBIOP2674-24_r_1.3_s_50_BBIOP2674-24
93,BBIOP2724-24_r_1_s_100_BBIOP2724-24,BBIOP2724-24,6462941,89,183,1530,0.0,19.0,6.790196078431372,6.0,>BBIOP2724-24_r_1_s_100_BBIOP2724-24
94,BBIOP2688-24_r_1.5_s_100_BBIOP2688-24,BBIOP2688-24,1530325,43,37,1533,0.0,7.0,2.7729941291585125,3.0,>BBIOP2688-24_r_1.5_s_100_BBIOP2688-24
95,BBIOP2667-24_r_1_s_50_BBIOP2667-24,BBIOP2667-24,3462768,1108,178,1530,43.0,102.0,70.46470588235294,71.0,>BBIOP2667-24_r_1_s_50_BBIOP2667-24
96,BBIOP2699-24_r_1.5_s_50_BBIOP2699-24,BBIOP2699-24,5041778,632,817,1536,0.0,94.0,36.69921875,39.0,>BBIOP2699-24_r_1.5_s_50_BBIOP2699-24
97,BBIOP2755-24_r_1.3_s_50_BBIOP2755-24,BBIOP2755-24,4683805,2088,81,1530,53.0,184.0,105.86078431372547,99.0,>BBIOP2755-24_r_1.3_s_50_BBIOP2755-24
98,BBIOP2690-24_r_1.5_s_50_BBIOP2690-24,BBIOP2690-24,1686103,1329,60,1530,46.0,139.0,90.51176470588236,90.0,>BBIOP2690-24_r_1.5_s_50_BBIOP2690-24
99,BBIOP2690-24_r_1_s_100_BBIOP2690-24,BBIOP2690-24,1686103,1197,60,1530,43.0,138.0,87.70980392156862,87.0,>BBIOP2690-24_r_1_s_100_BBIOP2690-24
100,BBIOP2734-24_r_1.5_s_100_BBIOP2734-24,BBIOP2734-24,7310069,1820,23,1530,73.0,212.0,130.10980392156864,128.0,>BBIOP2734-24_r_1.5_s_100_BBIOP2734-24
101,BBIOP2664-24_r_1_s_100_BBIOP2664-24,BBIOP2664-24,1444089,19,4,1536,0.0,4.0,1.373046875,1.0,>BBIOP2664-24_r_1_s_100_BBIOP2664-24
102,BBIOP2744-24_r_1.3_s_50_BBIOP2744-24,BBIOP2744-24,6481435,1322,84,1533,0.0,145.0,78.91780821917808,75.0,>BBIOP2744-24_r_1.3_s_50_BBIOP2744-24
103,BBIOP2690-24_r_1.3_s_50_BBIOP2690-24,BBIOP2690-24,1686103,1351,60,1530,46.0,141.0,91.55490196078432,91.0,>BBIOP2690-24_r_1.3_s_50_BBIOP2690-24
104,BBIOP2755-24_r_1_s_50_BBIOP2755-24,BBIOP2755-24,4683805,2161,81,1530,54.0,184.0,109.57254901960783,105.0,>BBIOP2755-24_r_1_s_50_BBIOP2755-24
105,BBIOP2695-24_r_1_s_100_BBIOP2695-24,BBIOP2695-24,7535731,727,167,1536,0.0,88.0,44.72265625,44.0,>BBIOP2695-24_r_1_s_100_BBIOP2695-24
106,BBIOP2687-24_r_1.3_s_50_BBIOP2687-24,BBIOP2687-24,5921088,4746,237,1533,129.0,572.0,313.49510763209395,305.0,>BBIOP2687-24_r_1.3_s_50_BBIOP2687-24
107,BBIOP2704-24_r_1.5_s_50_BBIOP2704-24,BBIOP2704-24,6562477,240,64,1536,0.0,56.0,11.384765625,7.0,>BBIOP2704-24_r_1.5_s_50_BBIOP2704-24
108,BBIOP2718-24_r_1_s_50_BBIOP2718-24,BBIOP2718-24,1619907,230,338,1530,0.0,76.0,14.041176470588235,7.0,>BBIOP2718-24_r_1_s_50_BBIOP2718-24
109,BBIOP2698-24_r_1.5_s_50_BBIOP2698-24,BBIOP2698-24,8184503,556,364,1536,0.0,70.0,27.265625,23.0,>BBIOP2698-24_r_1.5_s_50_BBIOP2698-24
110,BBIOP2702-24_r_1.5_s_100_BBIOP2702-24,BBIOP2702-24,6399592,1161,287,1536,0.0,178.0,81.09765625,83.0,>BBIOP2702-24_r_1.5_s_100_BBIOP2702-24
111,BBIOP2727-24_r_1.3_s_50_BBIOP2727-24,BBIOP2727-24,7234776,2122,36,1530,0.0,184.0,126.55490196078432,127.0,>BBIOP2727-24_r_1.3_s_50_BBIOP2727-24
112,BBIOP2678-24_r_1.5_s_100_BBIOP2678-24,BBIOP2678-24,1822565,26,0,1533,0.0,8.0,1.8258317025440316,1.0,>BBIOP2678-24_r_1.5_s_100_BBIOP2678-24
113,BBIOP2726-24_r_1.3_s_50_BBIOP2726-24,BBIOP2726-24,6693846,2707,16,1530,0.0,235.0,176.1137254901961,174.5,>BBIOP2726-24_r_1.3_s_50_BBIOP2726-24
114,BBIOP2723-24_r_1_s_100_BBIOP2723-24,BBIOP2723-24,7627253,113,9,1530,0.0,15.0,6.694117647058824,6.0,>BBIOP2723-24_r_1_s_100_BBIOP2723-24
115,BBIOP2694-24_r_1_s_100_BBIOP2694-24,BBIOP2694-24,3367895,406,187,1536,0.0,55.0,27.794921875,27.0,>BBIOP2694-24_r_1_s_100_BBIOP2694-24
116,BBIOP2716-24_r_1.3_s_50_BBIOP2716-24,BBIOP2716-24,8433272,3105,646,1530,137.0,294.0,215.18823529411765,212.5,>BBIOP2716-24_r_1.3_s_50_BBIOP2716-24
117,BBIOP2746-24_r_1.5_s_100_BBIOP2746-24,BBIOP2746-24,5980749,3464,206,1533,0.0,402.0,272.5303326810176,260.0,>BBIOP2746-24_r_1.5_s_100_BBIOP2746-24
118,BBIOP2732-24_r_1_s_100_BBIOP2732-24,BBIOP2732-24,4675715,1771,44,1530,72.0,181.0,121.70196078431373,121.5,>BBIOP2732-24_r_1_s_100_BBIOP2732-24
119,BBIOP2726-24_r_1.5_s_100_BBIOP2726-24,BBIOP2726-24,6693846,2301,16,1530,0.0,222.0,162.55882352941177,161.0,>BBIOP2726-24_r_1.5_s_100_BBIOP2726-24
120,BBIOP2670-24_r_1_s_100_BBIOP2670-24,BBIOP2670-24,1407467,483,86,1533,6.0,68.0,37.11741682974559,37.0,>BBIOP2670-24_r_1_s_100_BBIOP2670-24
121,BBIOP2750-24_r_1_s_50_BBIOP2750-24,BBIOP2750-24,5827746,4119,67,1533,12.0,431.0,284.46771037182,281.0,>BBIOP2750-24_r_1_s_50_BBIOP2750-24
122,BBIOP2741-24_r_1.3_s_100_BBIOP2741-24,BBIOP2741-24,8282988,5450,800,1533,0.0,629.0,478.8062622309197,473.0,>BBIOP2741-24_r_1.3_s_100_BBIOP2741-24
123,BBIOP2711-24_r_1_s_50_BBIOP2711-24,BBIOP2711-24,7242811,3118,561,1533,57.0,350.0,159.41878669275928,140.0,>BBIOP2711-24_r_1_s_50_BBIOP2711-24
124,BBIOP2722-24_r_1.5_s_50_BBIOP2722-24,BBIOP2722-24,7140477,1195,22,1530,35.0,158.0,73.61372549019607,61.0,>BBIOP2722-24_r_1.5_s_50_BBIOP2722-24
125,BBIOP2668-24_r_1_s_100_BBIOP2668-24,BBIOP2668-24,1797069,297,16,1533,3.0,47.0,21.164383561643834,20.0,>BBIOP2668-24_r_1_s_100_BBIOP2668-24
126,BBIOP2687-24_r_1_s_50_BBIOP2687-24,BBIOP2687-24,5921088,4832,237,1533,130.0,579.0,317.54598825831704,308.0,>BBIOP2687-24_r_1_s_50_BBIOP2687-24
127,BBIOP2698-24_r_1.3_s_50_BBIOP2698-24,BBIOP2698-24,8184503,765,364,1536,0.0,84.0,39.1953125,36.0,>BBIOP2698-24_r_1.3_s_50_BBIOP2698-24
128,BBIOP2665-24_r_1_s_50_BBIOP2665-24,BBIOP2665-24,4048465,136,238,1536,0.0,17.0,6.7734375,7.0,>BBIOP2665-24_r_1_s_50_BBIOP2665-24
129,BBIOP2672-24_r_1.5_s_100_BBIOP2672-24,BBIOP2672-24,1445505,179,116,1536,0.0,29.0,12.12109375,12.0,>BBIOP2672-24_r_1.5_s_100_BBIOP2672-24
130,BBIOP2723-24_r_1.3_s_100_BBIOP2723-24,BBIOP2723-24,7627253,112,9,1530,0.0,15.0,6.637254901960785,6.0,>BBIOP2723-24_r_1.3_s_100_BBIOP2723-24
131,BBIOP2692-24_r_1.5_s_100_BBIOP2692-24,BBIOP2692-24,4773382,254,193,1530,0.0,35.0,14.052941176470588,14.0,>BBIOP2692-24_r_1.5_s_100_BBIOP2692-24
132,BBIOP2685-24_r_1_s_50_BBIOP2685-24,BBIOP2685-24,5162208,2627,11,1551,2.0,261.0,165.87234042553192,171.0,>BBIOP2685-24_r_1_s_50_BBIOP2685-24
133,BBIOP2740-24_r_1.5_s_100_BBIOP2740-24,BBIOP2740-24,6010578,843,63,1533,19.0,100.0,59.64579256360079,62.0,>BBIOP2740-24_r_1.5_s_100_BBIOP2740-24
134,BBIOP2674-24_r_1_s_50_BBIOP2674-24,BBIOP2674-24,6898869,1547,236,1536,0.0,140.0,77.765625,74.0,>BBIOP2674-24_r_1_s_50_BBIOP2674-24
135,BBIOP2732-24_r_1.3_s_100_BBIOP2732-24,BBIOP2732-24,4675715,1757,44,1530,71.0,181.0,120.41764705882352,120.0,>BBIOP2732-24_r_1.3_s_100_BBIOP2732-24
136,BBIOP2706-24_r_1.5_s_50_BBIOP2706-24,BBIOP2706-24,4295596,733,158,1536,0.0,237.0,40.0078125,37.0,>BBIOP2706-24_r_1.5_s_50_BBIOP2706-24
137,BGE00582-NC_r_1.5_s_100_BGE00582-NC,BGE00582-NC,1397765,19,281,1539,0.0,9.0,0.9551656920077972,0.0,>BGE00582-NC_r_1.5_s_100_BGE00582-NC
138,BBIOP2734-24_r_1_s_50_BBIOP2734-24,BBIOP2734-24,7310069,2278,23,1530,84.0,218.0,145.27254901960785,146.0,>BBIOP2734-24_r_1_s_50_BBIOP2734-24
139,BBIOP2680-24_r_1_s_50_BBIOP2680-24,BBIOP2680-24,2002984,723,13,1536,0.0,86.0,39.7421875,38.0,>BBIOP2680-24_r_1_s_50_BBIOP2680-24
140,BBIOP2741-24_r_1_s_50_BBIOP2741-24,BBIOP2741-24,8282988,6072,800,1533,0.0,689.0,498.5303326810176,491.0,>BBIOP2741-24_r_1_s_50_BBIOP2741-24
141,BBIOP2676-24_r_1.5_s_100_BBIOP2676-24,BBIOP2676-24,4676648,240,411,1533,0.0,44.0,15.909980430528377,16.0,>BBIOP2676-24_r_1.5_s_100_BBIOP2676-24
142,BBIOP2697-24_r_1.3_s_50_BBIOP2697-24,BBIOP2697-24,4681127,566,299,1536,0.0,61.0,32.537109375,34.0,>BBIOP2697-24_r_1.3_s_50_BBIOP2697-24
143,BBIOP2695-24_r_1.5_s_50_BBIOP2695-24,BBIOP2695-24,7535731,775,167,1536,0.0,93.0,36.6953125,36.0,>BBIOP2695-24_r_1.5_s_50_BBIOP2695-24
144,BBIOP2743-24_r_1_s_50_BBIOP2743-24,BBIOP2743-24,4668923,952,315,1533,0.0,130.0,52.00587084148728,42.0,>BBIOP2743-24_r_1_s_50_BBIOP2743-24
145,BBIOP2692-24_r_1_s_100_BBIOP2692-24,BBIOP2692-24,4773382,291,193,1530,2.0,46.0,17.515686274509804,17.0,>BBIOP2692-24_r_1_s_100_BBIOP2692-24
146,BBIOP2746-24_r_1.3_s_50_BBIOP2746-24,BBIOP2746-24,5980749,4253,206,1533,0.0,430.0,304.5812133072407,296.0,>BBIOP2746-24_r_1.3_s_50_BBIOP2746-24
147,BBIOP2737-24_r_1.3_s_100_BBIOP2737-24,BBIOP2737-24,6705435,1857,248,1530,64.0,234.0,143.71372549019608,140.0,>BBIOP2737-24_r_1.3_s_100_BBIOP2737-24
148,BBIOP2700-24_r_1.3_s_100_BBIOP2700-24,BBIOP2700-24,5329419,653,60,1536,0.0,85.0,46.388671875,48.0,>BBIOP2700-24_r_1.3_s_100_BBIOP2700-24
149,BBIOP2742-24_r_1.5_s_50_BBIOP2742-24,BBIOP2742-24,7241565,825,476,1533,0.0,157.0,43.0958904109589,32.0,>BBIOP2742-24_r_1.5_s_50_BBIOP2742-24
150,BBIOP2741-24_r_1.5_s_50_BBIOP2741-24,BBIOP2741-24,8282988,5686,800,1533,0.0,674.0,476.7221135029354,472.0,>BBIOP2741-24_r_1.5_s_50_BBIOP2741-24
151,BBIOP2724-24_r_1.3_s_100_BBIOP2724-24,BBIOP2724-24,6462941,84,183,1530,0.0,19.0,6.311764705882353,5.0,>BBIOP2724-24_r_1.3_s_100_BBIOP2724-24
152,BBIOP2718-24_r_1.3_s_100_BBIOP2718-24,BBIOP2718-24,1619907,43,338,1530,0.0,16.0,3.743137254901961,2.0,>BBIOP2718-24_r_1.3_s_100_BBIOP2718-24
153,BBIOP2699-24_r_1.3_s_50_BBIOP2699-24,BBIOP2699-24,5041778,867,817,1536,0.0,107.0,51.271484375,52.0,>BBIOP2699-24_r_1.3_s_50_BBIOP2699-24
154,BBIOP2680-24_r_1_s_100_BBIOP2680-24,BBIOP2680-24,2002984,529,13,1536,0.0,54.0,33.482421875,33.0,>BBIOP2680-24_r_1_s_100_BBIOP2680-24
155,BBIOP2719-24_r_1_s_50_BBIOP2719-24,BBIOP2719-24,7689618,491,158,1530,6.0,70.0,24.88823529411765,24.0,>BBIOP2719-24_r_1_s_50_BBIOP2719-24
156,BBIOP2706-24_r_1_s_100_BBIOP2706-24,BBIOP2706-24,4295596,657,158,1536,0.0,84.0,50.158203125,50.0,>BBIOP2706-24_r_1_s_100_BBIOP2706-24
157,BBIOP2666-24_r_1.3_s_100_BBIOP2666-24,BBIOP2666-24,2423480,668,30,1530,20.0,69.0,46.062745098039215,47.0,>BBIOP2666-24_r_1.3_s_100_BBIOP2666-24
158,BBIOP2703-24_r_1_s_50_BBIOP2703-24,BBIOP2703-24,2583152,1084,68,1536,0.0,109.0,59.294921875,58.0,>BBIOP2703-24_r_1_s_50_BBIOP2703-24
159,BBIOP2676-24_r_1.3_s_50_BBIOP2676-24,BBIOP2676-24,4676648,428,411,1533,0.0,52.0,23.10371819960861,24.0,>BBIOP2676-24_r_1.3_s_50_BBIOP2676-24
160,BBIOP2711-24_r_1_s_100_BBIOP2711-24,BBIOP2711-24,7242811,2215,561,1533,25.0,295.0,129.99021526418787,114.0,>BBIOP2711-24_r_1_s_100_BBIOP2711-24
161,BBIOP2696-24_r_1_s_100_BBIOP2696-24,BBIOP2696-24,4473110,769,100,1536,0.0,113.0,64.318359375,61.0,>BBIOP2696-24_r_1_s_100_BBIOP2696-24
162,BBIOP2662-24_r_1.3_s_100_BBIOP2662-24,BBIOP2662-24,1920386,66,4,1536,0.0,17.0,6.013671875,6.0,>BBIOP2662-24_r_1.3_s_100_BBIOP2662-24
163,BBIOP2744-24_r_1.3_s_100_BBIOP2744-24,BBIOP2744-24,6481435,1063,84,1533,0.0,133.0,70.93150684931507,67.0,>BBIOP2744-24_r_1.3_s_100_BBIOP2744-24
164,BBIOP2749-24_r_1.5_s_50_BBIOP2749-24,BBIOP2749-24,5334651,1001,234,1533,0.0,135.0,52.98043052837573,48.0,>BBIOP2749-24_r_1.5_s_50_BBIOP2749-24
165,BBIOP2714-24_r_1.5_s_100_BBIOP2714-24,BBIOP2714-24,6839720,897,23,1530,22.0,100.0,61.81764705882353,62.0,>BBIOP2714-24_r_1.5_s_100_BBIOP2714-24
166,BBIOP2688-24_r_1_s_100_BBIOP2688-24,BBIOP2688-24,1530325,48,37,1533,0.0,7.0,3.1545988258317026,3.0,>BBIOP2688-24_r_1_s_100_BBIOP2688-24
167,BBIOP2742-24_r_1_s_100_BBIOP2742-24,BBIOP2742-24,7241565,660,476,1533,0.0,119.0,39.56947162426614,29.0,>BBIOP2742-24_r_1_s_100_BBIOP2742-24
168,BBIOP2713-24_r_1.3_s_50_BBIOP2713-24,BBIOP2713-24,4849536,2488,236,1527,0.0,327.0,183.13948919449905,181.0,>BBIOP2713-24_r_1.3_s_50_BBIOP2713-24
169,BBIOP2752-24_r_1_s_50_BBIOP2752-24,BBIOP2752-24,8031340,2331,454,1530,95.0,236.0,145.54117647058823,142.0,>BBIOP2752-24_r_1_s_50_BBIOP2752-24
170,BBIOP2719-24_r_1.5_s_100_BBIOP2719-24,BBIOP2719-24,7689618,304,158,1530,4.0,41.0,19.22745098039216,18.0,>BBIOP2719-24_r_1.5_s_100_BBIOP2719-24
171,BBIOP2670-24_r_1_s_50_BBIOP2670-24,BBIOP2670-24,1407467,613,86,1533,18.0,71.0,41.62622309197652,40.0,>BBIOP2670-24_r_1_s_50_BBIOP2670-24
172,BBIOP2720-24_r_1_s_50_BBIOP2720-24,BBIOP2720-24,7662572,740,40,1530,5.0,103.0,35.11176470588235,33.0,>BBIOP2720-24_r_1_s_50_BBIOP2720-24
173,BBIOP2755-24_r_1.5_s_50_BBIOP2755-24,BBIOP2755-24,4683805,1916,81,1530,29.0,184.0,97.07254901960783,93.0,>BBIOP2755-24_r_1.5_s_50_BBIOP2755-24
174,BBIOP2700-24_r_1_s_100_BBIOP2700-24,BBIOP2700-24,5329419,728,60,1536,0.0,99.0,53.66015625,54.5,>BBIOP2700-24_r_1_s_100_BBIOP2700-24
175,BBIOP2690-24_r_1.5_s_100_BBIOP2690-24,BBIOP2690-24,1686103,1173,60,1530,43.0,134.0,85.83725490196079,85.0,>BBIOP2690-24_r_1.5_s_100_BBIOP2690-24
176,BBIOP2687-24_r_1_s_100_BBIOP2687-24,BBIOP2687-24,5921088,4123,237,1533,120.0,548.0,295.1252446183953,291.0,>BBIOP2687-24_r_1_s_100_BBIOP2687-24
177,BBIOP2700-24_r_1.3_s_50_BBIOP2700-24,BBIOP2700-24,5329419,853,60,1536,0.0,98.0,52.86328125,52.0,>BBIOP2700-24_r_1.3_s_50_BBIOP2700-24
178,BBIOP2703-24_r_1.3_s_100_BBIOP2703-24,BBIOP2703-24,2583152,600,68,1536,0.0,83.0,39.078125,36.5,>BBIOP2703-24_r_1.3_s_100_BBIOP2703-24
179,BBIOP2719-24_r_1_s_100_BBIOP2719-24,BBIOP2719-24,7689618,315,158,1530,4.0,42.0,19.94117647058824,18.0,>BBIOP2719-24_r_1_s_100_BBIOP2719-24
180,BBIOP2676-24_r_1.5_s_50_BBIOP2676-24,BBIOP2676-24,4676648,336,411,1533,0.0,51.0,18.87866927592955,17.0,>BBIOP2676-24_r_1.5_s_50_BBIOP2676-24
181,BBIOP2732-24_r_1_s_50_BBIOP2732-24,BBIOP2732-24,4675715,2213,44,1530,78.0,209.0,135.58235294117648,135.5,>BBIOP2732-24_r_1_s_50_BBIOP2732-24
182,BBIOP2749-24_r_1.5_s_100_BBIOP2749-24,BBIOP2749-24,5334651,703,234,1533,0.0,116.0,43.87671232876713,38.0,>BBIOP2749-24_r_1.5_s_100_BBIOP2749-24
183,BBIOP2687-24_r_1.5_s_50_BBIOP2687-24,BBIOP2687-24,5921088,4637,237,1533,120.0,572.0,307.87279843444225,296.0,>BBIOP2687-24_r_1.5_s_50_BBIOP2687-24
184,BBIOP2737-24_r_1_s_100_BBIOP2737-24,BBIOP2737-24,6705435,1866,248,1530,64.0,234.0,144.54509803921567,141.0,>BBIOP2737-24_r_1_s_100_BBIOP2737-24
185,BBIOP2711-24_r_1.5_s_50_BBIOP2711-24,BBIOP2711-24,7242811,2755,561,1533,47.0,343.0,141.86497064579257,126.0,>BBIOP2711-24_r_1.5_s_50_BBIOP2711-24
186,BBIOP2729-24_r_1.5_s_50_BBIOP2729-24,BBIOP2729-24,7095987,1479,97,1530,19.0,155.0,69.99607843137255,69.5,>BBIOP2729-24_r_1.5_s_50_BBIOP2729-24
187,BBIOP2753-24_r_1_s_100_BBIOP2753-24,BBIOP2753-24,8943289,2811,136,1530,133.0,295.0,211.3470588235294,210.0,>BBIOP2753-24_r_1_s_100_BBIOP2753-24
188,BBIOP2736-24_r_1.5_s_100_BBIOP2736-24,BBIOP2736-24,8289325,954,147,1530,22.0,120.0,55.13333333333333,53.0,>BBIOP2736-24_r_1.5_s_100_BBIOP2736-24
189,BBIOP2707-24_r_1_s_100_BBIOP2707-24,BBIOP2707-24,4383106,999,134,1533,0.0,134.0,72.54990215264188,67.0,>BBIOP2707-24_r_1_s_100_BBIOP2707-24
190,BBIOP2726-24_r_1.5_s_50_BBIOP2726-24,BBIOP2726-24,6693846,2619,16,1530,0.0,235.0,172.22941176470587,170.0,>BBIOP2726-24_r_1.5_s_50_BBIOP2726-24
191,BBIOP2686-24_r_1.3_s_50_BBIOP2686-24,BBIOP2686-24,5469468,880,27,1530,6.0,103.0,44.82156862745098,41.0,>BBIOP2686-24_r_1.3_s_50_BBIOP2686-24
192,BBIOP2688-24_r_1.3_s_50_BBIOP2688-24,BBIOP2688-24,1530325,61,37,1533,0.0,11.0,3.324853228962818,3.0,>BBIOP2688-24_r_1.3_s_50_BBIOP2688-24
193,BBIOP2738-24_r_1.5_s_50_BBIOP2738-24,BBIOP2738-24,6844412,3397,474,1533,71.0,299.0,186.6379647749511,182.0,>BBIOP2738-24_r_1.5_s_50_BBIOP2738-24
194,BBIOP2739-24_r_1.3_s_50_BBIOP2739-24,BBIOP2739-24,7754033,332,408,1533,4.0,64.0,17.013698630136986,14.0,>BBIOP2739-24_r_1.3_s_50_BBIOP2739-24
195,BBIOP2744-24_r_1_s_50_BBIOP2744-24,BBIOP2744-24,6481435,1361,84,1533,0.0,145.0,80.18786692759295,76.0,>BBIOP2744-24_r_1_s_50_BBIOP2744-24
196,BBIOP2670-24_r_1.3_s_100_BBIOP2670-24,BBIOP2670-24,1407467,457,86,1533,0.0,68.0,35.21526418786693,36.0,>BBIOP2670-24_r_1.3_s_100_BBIOP2670-24
197,BBIOP2709-24_r_1_s_50_BBIOP2709-24,BBIOP2709-24,6936314,1241,457,1533,0.0,136.0,75.27592954990216,69.0,>BBIOP2709-24_r_1_s_50_BBIOP2709-24
198,BBIOP2747-24_r_1_s_50_BBIOP2747-24,BBIOP2747-24,8224913,2830,189,1533,1.0,292.0,213.48923679060664,207.0,>BBIOP2747-24_r_1_s_50_BBIOP2747-24
199,BBIOP2664-24_r_1.5_s_100_BBIOP2664-24,BBIOP2664-24,1444089,12,4,1536,0.0,3.0,0.83984375,1.0,>BBIOP2664-24_r_1.5_s_100_BBIOP2664-24
200,BBIOP2662-24_r_1.5_s_50_BBIOP2662-24,BBIOP2662-24,1920386,38,4,1536,0.0,11.0,3.1796875,2.0,>BBIOP2662-24_r_1.5_s_50_BBIOP2662-24
201,BBIOP2688-24_r_1.5_s_50_BBIOP2688-24,BBIOP2688-24,1530325,55,37,1533,0.0,11.0,3.131115459882583,3.0,>BBIOP2688-24_r_1.5_s_50_BBIOP2688-24
202,BBIOP2707-24_r_1.5_s_100_BBIOP2707-24,BBIOP2707-24,4383106,920,134,1533,0.0,126.0,66.44031311154599,63.0,>BBIOP2707-24_r_1.5_s_100_BBIOP2707-24
203,BBIOP2733-24_r_1_s_50_BBIOP2733-24,BBIOP2733-24,5439039,2155,326,1530,87.0,225.0,138.37058823529412,133.0,>BBIOP2733-24_r_1_s_50_BBIOP2733-24
204,BBIOP2725-24_r_1.5_s_100_BBIOP2725-24,BBIOP2725-24,7207981,1154,266,1530,0.0,118.0,80.06078431372549,81.0,>BBIOP2725-24_r_1.5_s_100_BBIOP2725-24
205,BBIOP2676-24_r_1_s_100_BBIOP2676-24,BBIOP2676-24,4676648,330,411,1533,0.0,51.0,23.338551859099805,22.0,>BBIOP2676-24_r_1_s_100_BBIOP2676-24
206,BBIOP2682-24_r_1_s_100_BBIOP2682-24,BBIOP2682-24,1409598,86,38,1536,0.0,15.0,6.09375,6.0,>BBIOP2682-24_r_1_s_100_BBIOP2682-24
207,BBIOP2663-24_r_1_s_100_BBIOP2663-24,BBIOP2663-24,2054991,27,8,1536,0.0,9.0,1.74609375,1.0,>BBIOP2663-24_r_1_s_100_BBIOP2663-24
208,BBIOP2732-24_r_1.5_s_100_BBIOP2732-24,BBIOP2732-24,4675715,1745,44,1530,69.0,181.0,119.58235294117648,119.0,>BBIOP2732-24_r_1.5_s_100_BBIOP2732-24
209,BBIOP2728-24_r_1.5_s_100_BBIOP2728-24,BBIOP2728-24,8826069,2017,60,1530,88.0,261.0,152.27058823529413,153.0,>BBIOP2728-24_r_1.5_s_100_BBIOP2728-24
210,BBIOP2684-24_r_1.5_s_100_BBIOP2684-24,BBIOP2684-24,1156022,655,119,1551,0.0,82.0,46.60348162475822,49.0,>BBIOP2684-24_r_1.5_s_100_BBIOP2684-24
211,BBIOP2735-24_r_1.3_s_50_BBIOP2735-24,BBIOP2735-24,6948727,1290,22,1530,28.0,131.0,73.25490196078431,67.0,>BBIOP2735-24_r_1.3_s_50_BBIOP2735-24
212,BBIOP2708-24_r_1_s_100_BBIOP2708-24,BBIOP2708-24,5836135,1403,17,1533,0.0,149.0,98.66340508806262,96.0,>BBIOP2708-24_r_1_s_100_BBIOP2708-24
213,BBIOP2696-24_r_1.3_s_50_BBIOP2696-24,BBIOP2696-24,4473110,901,100,1536,0.0,115.0,61.7421875,63.0,>BBIOP2696-24_r_1.3_s_50_BBIOP2696-24
214,BBIOP2753-24_r_1_s_50_BBIOP2753-24,BBIOP2753-24,8943289,3296,136,1530,148.0,314.0,226.6078431372549,226.0,>BBIOP2753-24_r_1_s_50_BBIOP2753-24
215,BBIOP2669-24_r_1.5_s_50_BBIOP2669-24,BBIOP2669-24,2119918,316,219,1533,0.0,47.0,21.46575342465753,20.0,>BBIOP2669-24_r_1.5_s_50_BBIOP2669-24
216,BBIOP2728-24_r_1.5_s_50_BBIOP2728-24,BBIOP2728-24,8826069,2305,60,1530,95.0,284.0,160.24901960784314,158.0,>BBIOP2728-24_r_1.5_s_50_BBIOP2728-24
217,BBIOP2689-24_r_1.3_s_100_BBIOP2689-24,BBIOP2689-24,1714545,47,65,1533,0.0,10.0,2.968688845401174,3.0,>BBIOP2689-24_r_1.3_s_100_BBIOP2689-24
218,BBIOP2724-24_r_1.5_s_50_BBIOP2724-24,BBIOP2724-24,6462941,110,183,1530,0.0,23.0,6.150980392156863,5.0,>BBIOP2724-24_r_1.5_s_50_BBIOP2724-24
219,BBIOP2691-24_r_1.5_s_100_BBIOP2691-24,BBIOP2691-24,1595524,1176,36,1530,46.0,123.0,83.02745098039216,83.0,>BBIOP2691-24_r_1.5_s_100_BBIOP2691-24
220,BBIOP2742-24_r_1.3_s_100_BBIOP2742-24,BBIOP2742-24,7241565,657,476,1533,0.0,119.0,39.146771037182,29.0,>BBIOP2742-24_r_1.3_s_100_BBIOP2742-24
221,BBIOP2752-24_r_1.3_s_50_BBIOP2752-24,BBIOP2752-24,8031340,2255,454,1530,90.0,236.0,142.10980392156864,138.0,>BBIOP2752-24_r_1.3_s_50_BBIOP2752-24
222,BBIOP2661-24_r_1.5_s_100_BBIOP2661-24,BBIOP2661-24,2902294,483,192,1536,0.0,62.0,28.0625,28.0,>BBIOP2661-24_r_1.5_s_100_BBIOP2661-24
223,BBIOP2721-24_r_1_s_100_BBIOP2721-24,BBIOP2721-24,6257433,1442,235,1530,53.0,154.0,100.05098039215686,98.0,>BBIOP2721-24_r_1_s_100_BBIOP2721-24
224,BBIOP2715-24_r_1_s_100_BBIOP2715-24,BBIOP2715-24,8121684,1270,16,1530,30.0,144.0,83.75294117647059,85.0,>BBIOP2715-24_r_1_s_100_BBIOP2715-24
225,BBIOP2743-24_r_1_s_100_BBIOP2743-24,BBIOP2743-24,4668923,698,315,1533,0.0,104.0,44.0587084148728,35.0,>BBIOP2743-24_r_1_s_100_BBIOP2743-24
226,BBIOP2754-24_r_1.3_s_100_BBIOP2754-24,BBIOP2754-24,6363041,1186,170,1530,21.0,134.0,62.588235294117645,57.5,>BBIOP2754-24_r_1.3_s_100_BBIOP2754-24
227,BBIOP2702-24_r_1.3_s_100_BBIOP2702-24,BBIOP2702-24,6399592,1531,287,1536,0.0,201.0,109.232421875,108.0,>BBIOP2702-24_r_1.3_s_100_BBIOP2702-24
228,BBIOP2662-24_r_1.5_s_100_BBIOP2662-24,BBIOP2662-24,1920386,33,4,1536,0.0,10.0,3.056640625,2.0,>BBIOP2662-24_r_1.5_s_100_BBIOP2662-24
229,BBIOP2671-24_r_1_s_50_BBIOP2671-24,BBIOP2671-24,1461663,60,98,1533,0.0,15.0,2.700587084148728,1.0,>BBIOP2671-24_r_1_s_50_BBIOP2671-24
230,BBIOP2662-24_r_1.3_s_50_BBIOP2662-24,BBIOP2662-24,1920386,81,4,1536,0.0,17.0,6.43359375,6.0,>BBIOP2662-24_r_1.3_s_50_BBIOP2662-24
231,BBIOP2733-24_r_1_s_100_BBIOP2733-24,BBIOP2733-24,5439039,1685,326,1530,78.0,220.0,124.07254901960783,118.0,>BBIOP2733-24_r_1_s_100_BBIOP2733-24
232,BBIOP2725-24_r_1.3_s_100_BBIOP2725-24,BBIOP2725-24,7207981,1178,266,1530,0.0,118.0,81.46666666666667,84.0,>BBIOP2725-24_r_1.3_s_100_BBIOP2725-24
233,BBIOP2753-24_r_1.3_s_100_BBIOP2753-24,BBIOP2753-24,8943289,2799,136,1530,133.0,293.0,210.49411764705883,209.0,>BBIOP2753-24_r_1.3_s_100_BBIOP2753-24
234,BBIOP2689-24_r_1.5_s_100_BBIOP2689-24,BBIOP2689-24,1714545,46,65,1533,0.0,10.0,2.909980430528376,3.0,>BBIOP2689-24_r_1.5_s_100_BBIOP2689-24
235,BBIOP2679-24_r_1_s_100_BBIOP2679-24,BBIOP2679-24,1833927,66,3,1533,0.0,17.0,4.669275929549902,4.0,>BBIOP2679-24_r_1_s_100_BBIOP2679-24
236,BBIOP2728-24_r_1.3_s_50_BBIOP2728-24,BBIOP2728-24,8826069,2358,60,1530,97.0,284.0,163.10588235294117,163.0,>BBIOP2728-24_r_1.3_s_50_BBIOP2728-24
237,BBIOP2703-24_r_1.5_s_50_BBIOP2703-24,BBIOP2703-24,2583152,672,68,1536,0.0,93.0,36.0546875,34.0,>BBIOP2703-24_r_1.5_s_50_BBIOP2703-24
238,BBIOP2720-24_r_1.3_s_100_BBIOP2720-24,BBIOP2720-24,7662572,469,40,1530,5.0,56.0,26.449019607843137,26.0,>BBIOP2720-24_r_1.3_s_100_BBIOP2720-24
239,BBIOP2706-24_r_1.5_s_100_BBIOP2706-24,BBIOP2706-24,4295596,439,158,1536,0.0,84.0,32.798828125,34.0,>BBIOP2706-24_r_1.5_s_100_BBIOP2706-24
240,BBIOP2683-24_r_1.3_s_100_BBIOP2683-24,BBIOP2683-24,5581537,243,332,1536,0.0,66.0,14.36328125,8.0,>BBIOP2683-24_r_1.3_s_100_BBIOP2683-24
241,BBIOP2671-24_r_1.3_s_50_BBIOP2671-24,BBIOP2671-24,1461663,42,98,1533,0.0,12.0,2.0821917808219177,1.0,>BBIOP2671-24_r_1.3_s_50_BBIOP2671-24
242,BBIOP2747-24_r_1.3_s_50_BBIOP2747-24,BBIOP2747-24,8224913,2702,189,1533,1.0,291.0,208.4227005870841,202.0,>BBIOP2747-24_r_1.3_s_50_BBIOP2747-24
243,BBIOP2680-24_r_1.5_s_50_BBIOP2680-24,BBIOP2680-24,2002984,551,13,1536,0.0,83.0,29.91796875,31.0,>BBIOP2680-24_r_1.5_s_50_BBIOP2680-24
244,BBIOP2678-24_r_1.3_s_100_BBIOP2678-24,BBIOP2678-24,1822565,28,0,1533,0.0,8.0,1.9471624266144811,1.0,>BBIOP2678-24_r_1.3_s_100_BBIOP2678-24
245,BBIOP2663-24_r_1_s_50_BBIOP2663-24,BBIOP2663-24,2054991,91,8,1536,0.0,17.0,3.787109375,3.0,>BBIOP2663-24_r_1_s_50_BBIOP2663-24
246,BBIOP2678-24_r_1_s_50_BBIOP2678-24,BBIOP2678-24,1822565,59,0,1533,0.0,12.0,2.847358121330724,2.0,>BBIOP2678-24_r_1_s_50_BBIOP2678-24
247,BBIOP2734-24_r_1_s_100_BBIOP2734-24,BBIOP2734-24,7310069,1844,23,1530,73.0,214.0,132.0235294117647,131.0,>BBIOP2734-24_r_1_s_100_BBIOP2734-24
248,BBIOP2698-24_r_1.3_s_100_BBIOP2698-24,BBIOP2698-24,8184503,471,364,1536,0.0,77.0,30.232421875,28.0,>BBIOP2698-24_r_1.3_s_100_BBIOP2698-24
249,BBIOP2680-24_r_1.3_s_50_BBIOP2680-24,BBIOP2680-24,2002984,684,13,1536,0.0,86.0,37.9453125,37.0,>BBIOP2680-24_r_1.3_s_50_BBIOP2680-24
250,BBIOP2679-24_r_1.5_s_100_BBIOP2679-24,BBIOP2679-24,1833927,63,3,1533,0.0,17.0,4.506849315068493,3.0,>BBIOP2679-24_r_1.5_s_100_BBIOP2679-24
251,BBIOP2739-24_r_1.5_s_50_BBIOP2739-24,BBIOP2739-24,7754033,289,408,1533,4.0,61.0,14.937377690802348,12.0,>BBIOP2739-24_r_1.5_s_50_BBIOP2739-24
252,BBIOP2740-24_r_1.3_s_50_BBIOP2740-24,BBIOP2740-24,6010578,1081,63,1533,28.0,119.0,68.58512720156556,71.0,>BBIOP2740-24_r_1.3_s_50_BBIOP2740-24
253,BBIOP2691-24_r_1_s_100_BBIOP2691-24,BBIOP2691-24,1595524,1199,36,1530,46.0,124.0,84.74117647058823,84.0,>BBIOP2691-24_r_1_s_100_BBIOP2691-24
254,BBIOP2685-24_r_1.3_s_100_BBIOP2685-24,BBIOP2685-24,5162208,2105,11,1551,0.0,241.0,148.44487427466152,150.0,>BBIOP2685-24_r_1.3_s_100_BBIOP2685-24
255,BBIOP2724-24_r_1.5_s_100_BBIOP2724-24,BBIOP2724-24,6462941,77,183,1530,0.0,19.0,5.249019607843137,4.0,>BBIOP2724-24_r_1.5_s_100_BBIOP2724-24
256,BBIOP2730-24_r_1.3_s_100_BBIOP2730-24,BBIOP2730-24,7918029,1763,10,1530,82.0,176.0,135.91960784313724,138.0,>BBIOP2730-24_r_1.3_s_100_BBIOP2730-24
257,BBIOP2699-24_r_1.3_s_100_BBIOP2699-24,BBIOP2699-24,5041778,664,817,1536,0.0,79.0,44.619140625,47.0,>BBIOP2699-24_r_1.3_s_100_BBIOP2699-24
258,BBIOP2734-24_r_1.3_s_100_BBIOP2734-24,BBIOP2734-24,7310069,1832,23,1530,73.0,212.0,130.75882352941176,129.0,>BBIOP2734-24_r_1.3_s_100_BBIOP2734-24
259,BBIOP2712-24_r_1.3_s_50_BBIOP2712-24,BBIOP2712-24,6643834,2098,4,1527,0.0,196.0,131.57367387033398,130.0,>BBIOP2712-24_r_1.3_s_50_BBIOP2712-24
260,BBIOP2704-24_r_1_s_100_BBIOP2704-24,BBIOP2704-24,6562477,252,64,1536,0.0,60.0,18.017578125,17.0,>BBIOP2704-24_r_1_s_100_BBIOP2704-24
261,BBIOP2708-24_r_1.5_s_50_BBIOP2708-24,BBIOP2708-24,5836135,1590,17,1533,0.0,160.0,101.46575342465754,102.0,>BBIOP2708-24_r_1.5_s_50_BBIOP2708-24
262,BBIOP2670-24_r_1.5_s_50_BBIOP2670-24,BBIOP2670-24,1407467,462,86,1533,0.0,71.0,32.69471624266145,33.0,>BBIOP2670-24_r_1.5_s_50_BBIOP2670-24
263,BBIOP2720-24_r_1.5_s_100_BBIOP2720-24,BBIOP2720-24,7662572,447,40,1530,5.0,51.0,25.094117647058823,25.0,>BBIOP2720-24_r_1.5_s_100_BBIOP2720-24
264,BBIOP2743-24_r_1.5_s_100_BBIOP2743-24,BBIOP2743-24,4668923,642,315,1533,0.0,99.0,40.12328767123287,31.0,>BBIOP2743-24_r_1.5_s_100_BBIOP2743-24
265,BBIOP2743-24_r_1.5_s_50_BBIOP2743-24,BBIOP2743-24,4668923,832,315,1533,0.0,128.0,45.89823874755382,35.0,>BBIOP2743-24_r_1.5_s_50_BBIOP2743-24
266,BBIOP2712-24_r_1_s_50_BBIOP2712-24,BBIOP2712-24,6643834,2177,4,1527,1.0,201.0,135.23575638506875,133.0,>BBIOP2712-24_r_1_s_50_BBIOP2712-24
267,BBIOP2690-24_r_1_s_50_BBIOP2690-24,BBIOP2690-24,1686103,1402,60,1530,46.0,143.0,94.1372549019608,93.0,>BBIOP2690-24_r_1_s_50_BBIOP2690-24
268,BBIOP2661-24_r_1.3_s_50_BBIOP2661-24,BBIOP2661-24,2902294,768,192,1536,2.0,91.0,38.791015625,36.0,>BBIOP2661-24_r_1.3_s_50_BBIOP2661-24
269,BBIOP2714-24_r_1.5_s_50_BBIOP2714-24,BBIOP2714-24,6839720,1083,23,1530,23.0,111.0,67.54509803921569,67.0,>BBIOP2714-24_r_1.5_s_50_BBIOP2714-24
270,BBIOP2708-24_r_1.3_s_100_BBIOP2708-24,BBIOP2708-24,5836135,1400,17,1533,0.0,149.0,98.37964774951077,96.0,>BBIOP2708-24_r_1.3_s_100_BBIOP2708-24
271,BBIOP2695-24_r_1.3_s_100_BBIOP2695-24,BBIOP2695-24,7535731,657,167,1536,0.0,80.0,38.765625,38.0,>BBIOP2695-24_r_1.3_s_100_BBIOP2695-24
272,BBIOP2738-24_r_1.5_s_100_BBIOP2738-24,BBIOP2738-24,6844412,2661,474,1533,70.0,270.0,163.2641878669276,157.0,>BBIOP2738-24_r_1.5_s_100_BBIOP2738-24
273,BBIOP2667-24_r_1.3_s_50_BBIOP2667-24,BBIOP2667-24,3462768,1030,178,1530,40.0,97.0,67.16274509803921,68.0,>BBIOP2667-24_r_1.3_s_50_BBIOP2667-24
274,BBIOP2731-24_r_1.5_s_100_BBIOP2731-24,BBIOP2731-24,5403906,1496,92,1530,41.0,135.0,98.44313725490196,100.0,>BBIOP2731-24_r_1.5_s_100_BBIOP2731-24
275,BBIOP2701-24_r_1_s_100_BBIOP2701-24,BBIOP2701-24,3840312,357,210,1536,0.0,40.0,26.9921875,28.0,>BBIOP2701-24_r_1_s_100_BBIOP2701-24
276,BBIOP2745-24_r_1.3_s_100_BBIOP2745-24,BBIOP2745-24,7269236,773,359,1533,1.0,96.0,47.51663405088063,43.0,>BBIOP2745-24_r_1.3_s_100_BBIOP2745-24
277,BBIOP2700-24_r_1.5_s_100_BBIOP2700-24,BBIOP2700-24,5329419,492,60,1536,0.0,79.0,34.58203125,34.5,>BBIOP2700-24_r_1.5_s_100_BBIOP2700-24
278,BBIOP2717-24_r_1.5_s_50_BBIOP2717-24,BBIOP2717-24,8386587,6835,25,1530,267.0,774.0,542.1843137254901,553.0,>BBIOP2717-24_r_1.5_s_50_BBIOP2717-24
279,BBIOP2688-24_r_1_s_50_BBIOP2688-24,BBIOP2688-24,1530325,76,37,1533,0.0,11.0,4.00587084148728,4.0,>BBIOP2688-24_r_1_s_50_BBIOP2688-24
280,BBIOP2708-24_r_1_s_50_BBIOP2708-24,BBIOP2708-24,5836135,1850,17,1533,0.0,162.0,113.13502935420745,112.0,>BBIOP2708-24_r_1_s_50_BBIOP2708-24
281,BBIOP2696-24_r_1_s_50_BBIOP2696-24,BBIOP2696-24,4473110,1132,100,1536,1.0,146.0,76.4296875,75.0,>BBIOP2696-24_r_1_s_50_BBIOP2696-24
282,BBIOP2682-24_r_1.5_s_100_BBIOP2682-24,BBIOP2682-24,1409598,57,38,1536,0.0,13.0,3.759765625,3.0,>BBIOP2682-24_r_1.5_s_100_BBIOP2682-24
283,BBIOP2689-24_r_1.3_s_50_BBIOP2689-24,BBIOP2689-24,1714545,69,65,1533,0.0,13.0,3.5772994129158517,3.0,>BBIOP2689-24_r_1.3_s_50_BBIOP2689-24
284,BBIOP2713-24_r_1.5_s_100_BBIOP2713-24,BBIOP2713-24,4849536,2118,236,1527,0.0,294.0,169.24557956777997,169.0,>BBIOP2713-24_r_1.5_s_100_BBIOP2713-24
285,BBIOP2701-24_r_1.3_s_50_BBIOP2701-24,BBIOP2701-24,3840312,412,210,1536,0.0,46.0,25.275390625,27.0,>BBIOP2701-24_r_1.3_s_50_BBIOP2701-24
286,BBIOP2682-24_r_1.3_s_100_BBIOP2682-24,BBIOP2682-24,1409598,73,38,1536,0.0,15.0,5.037109375,4.0,>BBIOP2682-24_r_1.3_s_100_BBIOP2682-24
287,BBIOP2752-24_r_1.3_s_100_BBIOP2752-24,BBIOP2752-24,8031340,1911,454,1530,80.0,209.0,131.42156862745097,131.0,>BBIOP2752-24_r_1.3_s_100_BBIOP2752-24
288,BBIOP2671-24_r_1.5_s_50_BBIOP2671-24,BBIOP2671-24,1461663,30,98,1533,0.0,9.0,1.7377690802348336,1.0,>BBIOP2671-24_r_1.5_s_50_BBIOP2671-24
289,BBIOP2695-24_r_1_s_50_BBIOP2695-24,BBIOP2695-24,7535731,1301,167,1536,2.0,115.0,64.380859375,64.0,>BBIOP2695-24_r_1_s_50_BBIOP2695-24
290,BBIOP2724-24_r_1.3_s_50_BBIOP2724-24,BBIOP2724-24,6462941,123,183,1530,0.0,23.0,7.384313725490196,6.0,>BBIOP2724-24_r_1.3_s_50_BBIOP2724-24
291,BBIOP2694-24_r_1.5_s_50_BBIOP2694-24,BBIOP2694-24,3367895,316,187,1536,0.0,53.0,17.423828125,15.0,>BBIOP2694-24_r_1.5_s_50_BBIOP2694-24
292,BBIOP2668-24_r_1.3_s_100_BBIOP2668-24,BBIOP2668-24,1797069,283,16,1533,0.0,46.0,20.009784735812133,19.0,>BBIOP2668-24_r_1.3_s_100_BBIOP2668-24
293,BBIOP2694-24_r_1.5_s_100_BBIOP2694-24,BBIOP2694-24,3367895,234,187,1536,0.0,47.0,14.900390625,13.0,>BBIOP2694-24_r_1.5_s_100_BBIOP2694-24
294,BBIOP2755-24_r_1_s_100_BBIOP2755-24,BBIOP2755-24,4683805,1439,81,1530,35.0,160.0,86.46470588235294,80.0,>BBIOP2755-24_r_1_s_100_BBIOP2755-24
295,BBIOP2714-24_r_1_s_100_BBIOP2714-24,BBIOP2714-24,6839720,925,23,1530,23.0,103.0,63.98039215686274,64.0,>BBIOP2714-24_r_1_s_100_BBIOP2714-24
296,BBIOP2700-24_r_1.5_s_50_BBIOP2700-24,BBIOP2700-24,5329419,623,60,1536,0.0,89.0,38.53125,37.0,>BBIOP2700-24_r_1.5_s_50_BBIOP2700-24
297,BBIOP2691-24_r_1.3_s_100_BBIOP2691-24,BBIOP2691-24,1595524,1183,36,1530,46.0,123.0,83.50196078431372,83.0,>BBIOP2691-24_r_1.3_s_100_BBIOP2691-24
298,BBIOP2742-24_r_1.3_s_50_BBIOP2742-24,BBIOP2742-24,7241565,908,476,1533,0.0,157.0,46.67318982387476,34.0,>BBIOP2742-24_r_1.3_s_50_BBIOP2742-24
299,BBIOP2743-24_r_1.3_s_100_BBIOP2743-24,BBIOP2743-24,4668923,688,315,1533,0.0,102.0,43.11937377690802,34.0,>BBIOP2743-24_r_1.3_s_100_BBIOP2743-24
300,BBIOP2749-24_r_1_s_100_BBIOP2749-24,BBIOP2749-24,5334651,867,234,1533,0.0,122.0,56.21917808219178,54.0,>BBIOP2749-24_r_1_s_100_BBIOP2749-24
301,BBIOP2735-24_r_1.5_s_50_BBIOP2735-24,BBIOP2735-24,6948727,1215,22,1530,28.0,130.0,70.20980392156862,64.0,>BBIOP2735-24_r_1.5_s_50_BBIOP2735-24
302,BBIOP2742-24_r_1_s_50_BBIOP2742-24,BBIOP2742-24,7241565,960,476,1533,0.0,157.0,48.64187866927593,38.0,>BBIOP2742-24_r_1_s_50_BBIOP2742-24
303,BBIOP2717-24_r_1.3_s_50_BBIOP2717-24,BBIOP2717-24,8386587,6978,25,1530,275.0,792.0,549.0666666666667,559.5,>BBIOP2717-24_r_1.3_s_50_BBIOP2717-24
304,BBIOP2686-24_r_1.3_s_100_BBIOP2686-24,BBIOP2686-24,5469468,595,27,1530,6.0,73.0,36.15686274509804,34.5,>BBIOP2686-24_r_1.3_s_100_BBIOP2686-24
305,BBIOP2706-24_r_1_s_50_BBIOP2706-24,BBIOP2706-24,4295596,1093,158,1536,0.0,253.0,62.48828125,57.0,>BBIOP2706-24_r_1_s_50_BBIOP2706-24
306,BBIOP2755-24_r_1.3_s_100_BBIOP2755-24,BBIOP2755-24,4683805,1418,81,1530,35.0,160.0,84.59607843137255,78.0,>BBIOP2755-24_r_1.3_s_100_BBIOP2755-24
307,BBIOP2710-24_r_1_s_100_BBIOP2710-24,BBIOP2710-24,5667083,2047,25,1533,0.0,211.0,124.79647749510764,124.0,>BBIOP2710-24_r_1_s_100_BBIOP2710-24
308,BBIOP2670-24_r_1.5_s_100_BBIOP2670-24,BBIOP2670-24,1407467,399,86,1533,0.0,68.0,30.67514677103718,31.0,>BBIOP2670-24_r_1.5_s_100_BBIOP2670-24
309,BBIOP2665-24_r_1.3_s_50_BBIOP2665-24,BBIOP2665-24,4048465,82,238,1536,0.0,12.0,4.203125,4.0,>BBIOP2665-24_r_1.3_s_50_BBIOP2665-24
310,BBIOP2677-24_r_1.5_s_100_BBIOP2677-24,BBIOP2677-24,2541411,40,23,1533,0.0,10.0,2.4951076320939336,2.0,>BBIOP2677-24_r_1.5_s_100_BBIOP2677-24
311,BBIOP2732-24_r_1.3_s_50_BBIOP2732-24,BBIOP2732-24,4675715,2138,44,1530,77.0,209.0,132.36470588235295,132.0,>BBIOP2732-24_r_1.3_s_50_BBIOP2732-24
312,BBIOP2715-24_r_1_s_50_BBIOP2715-24,BBIOP2715-24,8121684,1615,16,1530,38.0,197.0,94.29411764705884,93.0,>BBIOP2715-24_r_1_s_50_BBIOP2715-24
313,BBIOP2666-24_r_1.3_s_50_BBIOP2666-24,BBIOP2666-24,2423480,815,30,1530,26.0,78.0,50.54117647058823,50.0,>BBIOP2666-24_r_1.3_s_50_BBIOP2666-24
314,BBIOP2750-24_r_1.3_s_100_BBIOP2750-24,BBIOP2750-24,5827746,3286,67,1533,0.0,357.0,253.34833659491196,250.0,>BBIOP2750-24_r_1.3_s_100_BBIOP2750-24
315,BBIOP2752-24_r_1.5_s_100_BBIOP2752-24,BBIOP2752-24,8031340,1823,454,1530,67.0,209.0,125.61764705882354,126.0,>BBIOP2752-24_r_1.5_s_100_BBIOP2752-24
316,BBIOP2726-24_r_1.3_s_100_BBIOP2726-24,BBIOP2726-24,6693846,2335,16,1530,0.0,223.0,164.53725490196078,164.0,>BBIOP2726-24_r_1.3_s_100_BBIOP2726-24
317,BBIOP2741-24_r_1_s_100_BBIOP2741-24,BBIOP2741-24,8282988,5465,800,1533,0.0,630.0,480.0861056751468,474.0,>BBIOP2741-24_r_1_s_100_BBIOP2741-24
318,BBIOP2665-24_r_1.5_s_100_BBIOP2665-24,BBIOP2665-24,4048465,23,238,1536,0.0,9.0,1.595703125,0.0,>BBIOP2665-24_r_1.5_s_100_BBIOP2665-24
319,BBIOP2668-24_r_1.5_s_50_BBIOP2668-24,BBIOP2668-24,1797069,303,16,1533,0.0,46.0,19.348336594911935,18.0,>BBIOP2668-24_r_1.5_s_50_BBIOP2668-24
320,BBIOP2738-24_r_1.3_s_100_BBIOP2738-24,BBIOP2738-24,6844412,2757,474,1533,82.0,273.0,169.0156555772994,163.0,>BBIOP2738-24_r_1.3_s_100_BBIOP2738-24
321,BBIOP2704-24_r_1_s_50_BBIOP2704-24,BBIOP2704-24,6562477,479,64,1536,0.0,77.0,25.583984375,23.0,>BBIOP2704-24_r_1_s_50_BBIOP2704-24
322,BBIOP2668-24_r_1_s_50_BBIOP2668-24,BBIOP2668-24,1797069,422,16,1533,12.0,47.0,25.3307240704501,24.0,>BBIOP2668-24_r_1_s_50_BBIOP2668-24
323,BBIOP2698-24_r_1_s_100_BBIOP2698-24,BBIOP2698-24,8184503,559,364,1536,0.0,87.0,39.09375,35.0,>BBIOP2698-24_r_1_s_100_BBIOP2698-24
324,BBIOP2750-24_r_1_s_100_BBIOP2750-24,BBIOP2750-24,5827746,3350,67,1533,3.0,362.0,259.041095890411,257.0,>BBIOP2750-24_r_1_s_100_BBIOP2750-24
325,BBIOP2751-24_r_1_s_50_BBIOP2751-24,BBIOP2751-24,5080836,1617,211,1533,9.0,176.0,109.39138943248533,105.0,>BBIOP2751-24_r_1_s_50_BBIOP2751-24
326,BBIOP2705-24_r_1.3_s_50_BBIOP2705-24,BBIOP2705-24,8143405,628,326,1536,0.0,98.0,34.96484375,30.0,>BBIOP2705-24_r_1.3_s_50_BBIOP2705-24
327,BBIOP2681-24_r_1.3_s_100_BBIOP2681-24,BBIOP2681-24,3105949,1188,136,1536,0.0,125.0,83.0859375,81.0,>BBIOP2681-24_r_1.3_s_100_BBIOP2681-24
328,BBIOP2721-24_r_1.3_s_100_BBIOP2721-24,BBIOP2721-24,6257433,1438,235,1530,53.0,154.0,99.62745098039215,97.5,>BBIOP2721-24_r_1.3_s_100_BBIOP2721-24
329,BBIOP2692-24_r_1.5_s_50_BBIOP2692-24,BBIOP2692-24,4773382,400,193,1530,0.0,42.0,18.384313725490195,18.0,>BBIOP2692-24_r_1.5_s_50_BBIOP2692-24
330,BBIOP2684-24_r_1_s_100_BBIOP2684-24,BBIOP2684-24,1156022,772,119,1551,0.0,84.0,55.87620889748549,56.0,>BBIOP2684-24_r_1_s_100_BBIOP2684-24
331,BBIOP2748-24_r_1.5_s_100_BBIOP2748-24,BBIOP2748-24,5463294,1867,35,1533,0.0,237.0,129.0078277886497,137.0,>BBIOP2748-24_r_1.5_s_100_BBIOP2748-24
332,BBIOP2716-24_r_1_s_100_BBIOP2716-24,BBIOP2716-24,8433272,2701,646,1530,130.0,282.0,203.82156862745097,202.0,>BBIOP2716-24_r_1_s_100_BBIOP2716-24
333,BBIOP2679-24_r_1.3_s_100_BBIOP2679-24,BBIOP2679-24,1833927,65,3,1533,0.0,17.0,4.616438356164384,4.0,>BBIOP2679-24_r_1.3_s_100_BBIOP2679-24
334,BBIOP2733-24_r_1.3_s_100_BBIOP2733-24,BBIOP2733-24,5439039,1673,326,1530,75.0,218.0,122.8529411764706,117.0,>BBIOP2733-24_r_1.3_s_100_BBIOP2733-24
335,BBIOP2706-24_r_1.3_s_100_BBIOP2706-24,BBIOP2706-24,4295596,614,158,1536,0.0,84.0,45.654296875,47.0,>BBIOP2706-24_r_1.3_s_100_BBIOP2706-24
336,BBIOP2695-24_r_1.3_s_50_BBIOP2695-24,BBIOP2695-24,7535731,1140,167,1536,0.0,98.0,55.037109375,56.0,>BBIOP2695-24_r_1.3_s_50_BBIOP2695-24
337,BBIOP2737-24_r_1_s_50_BBIOP2737-24,BBIOP2737-24,6705435,2223,248,1530,91.0,258.0,155.7921568627451,149.0,>BBIOP2737-24_r_1_s_50_BBIOP2737-24
338,BBIOP2705-24_r_1.5_s_50_BBIOP2705-24,BBIOP2705-24,8143405,414,326,1536,0.0,76.0,22.796875,20.0,>BBIOP2705-24_r_1.5_s_50_BBIOP2705-24
339,BBIOP2693-24_r_1.3_s_100_BBIOP2693-24,BBIOP2693-24,1459622,254,2,1530,6.0,35.0,19.137254901960784,19.0,>BBIOP2693-24_r_1.3_s_100_BBIOP2693-24
340,BBIOP2669-24_r_1.3_s_100_BBIOP2669-24,BBIOP2669-24,2119918,301,219,1533,1.0,45.0,22.90019569471624,22.0,>BBIOP2669-24_r_1.3_s_100_BBIOP2669-24
341,BBIOP2721-24_r_1_s_50_BBIOP2721-24,BBIOP2721-24,6257433,1749,235,1530,55.0,169.0,109.28823529411764,108.0,>BBIOP2721-24_r_1_s_50_BBIOP2721-24
342,BBIOP2675-24_r_1.3_s_50_BBIOP2675-24,BBIOP2675-24,499458,53,61,1533,0.0,14.0,2.5205479452054798,1.0,>BBIOP2675-24_r_1.3_s_50_BBIOP2675-24
343,BBIOP2746-24_r_1.5_s_50_BBIOP2746-24,BBIOP2746-24,5980749,3987,206,1533,0.0,427.0,288.600782778865,279.0,>BBIOP2746-24_r_1.5_s_50_BBIOP2746-24
344,BBIOP2754-24_r_1.5_s_100_BBIOP2754-24,BBIOP2754-24,6363041,1099,170,1530,9.0,130.0,57.34901960784314,52.0,>BBIOP2754-24_r_1.5_s_100_BBIOP2754-24
345,BBIOP2699-24_r_1_s_100_BBIOP2699-24,BBIOP2699-24,5041778,797,817,1536,0.0,99.0,57.572265625,55.0,>BBIOP2699-24_r_1_s_100_BBIOP2699-24
346,BBIOP2719-24_r_1.3_s_50_BBIOP2719-24,BBIOP2719-24,7689618,433,158,1530,6.0,69.0,22.82156862745098,21.0,>BBIOP2719-24_r_1.3_s_50_BBIOP2719-24
347,BBIOP2717-24_r_1.3_s_100_BBIOP2717-24,BBIOP2717-24,8386587,6322,25,1530,270.0,733.0,529.3313725490196,529.0,>BBIOP2717-24_r_1.3_s_100_BBIOP2717-24
348,BBIOP2711-24_r_1.5_s_100_BBIOP2711-24,BBIOP2711-24,7242811,2060,561,1533,25.0,292.0,119.80039138943248,104.0,>BBIOP2711-24_r_1.5_s_100_BBIOP2711-24
349,BBIOP2666-24_r_1.5_s_50_BBIOP2666-24,BBIOP2666-24,2423480,779,30,1530,24.0,75.0,49.05098039215687,50.0,>BBIOP2666-24_r_1.5_s_50_BBIOP2666-24
350,BBIOP2742-24_r_1.5_s_100_BBIOP2742-24,BBIOP2742-24,7241565,622,476,1533,0.0,119.0,37.05675146771037,28.0,>BBIOP2742-24_r_1.5_s_100_BBIOP2742-24
351,BBIOP2685-24_r_1.5_s_100_BBIOP2685-24,BBIOP2685-24,5162208,1857,11,1551,0.0,237.0,129.88588007736945,138.0,>BBIOP2685-24_r_1.5_s_100_BBIOP2685-24
352,BBIOP2679-24_r_1.3_s_50_BBIOP2679-24,BBIOP2679-24,1833927,97,3,1533,0.0,19.0,5.516634050880627,5.0,>BBIOP2679-24_r_1.3_s_50_BBIOP2679-24
353,BBIOP2677-24_r_1.3_s_50_BBIOP2677-24,BBIOP2677-24,2541411,70,23,1533,0.0,14.0,3.547945205479452,3.0,>BBIOP2677-24_r_1.3_s_50_BBIOP2677-24
354,BBIOP2707-24_r_1_s_50_BBIOP2707-24,BBIOP2707-24,4383106,1333,134,1533,0.0,140.0,83.25831702544032,80.0,>BBIOP2707-24_r_1_s_50_BBIOP2707-24
355,BBIOP2699-24_r_1.5_s_100_BBIOP2699-24,BBIOP2699-24,5041778,485,817,1536,0.0,67.0,32.15625,34.0,>BBIOP2699-24_r_1.5_s_100_BBIOP2699-24
356,BBIOP2723-24_r_1.3_s_50_BBIOP2723-24,BBIOP2723-24,7627253,173,9,1530,0.0,20.0,8.433333333333334,8.0,>BBIOP2723-24_r_1.3_s_50_BBIOP2723-24
357,BBIOP2702-24_r_1_s_50_BBIOP2702-24,BBIOP2702-24,6399592,2171,287,1536,0.0,233.0,137.3046875,131.0,>BBIOP2702-24_r_1_s_50_BBIOP2702-24
358,BBIOP2678-24_r_1.5_s_50_BBIOP2678-24,BBIOP2678-24,1822565,40,0,1533,0.0,12.0,2.203522504892368,2.0,>BBIOP2678-24_r_1.5_s_50_BBIOP2678-24
359,BBIOP2679-24_r_1.5_s_50_BBIOP2679-24,BBIOP2679-24,1833927,84,3,1533,0.0,19.0,5.097847358121331,4.0,>BBIOP2679-24_r_1.5_s_50_BBIOP2679-24
360,BBIOP2735-24_r_1_s_50_BBIOP2735-24,BBIOP2735-24,6948727,1401,22,1530,30.0,152.0,77.18823529411765,69.5,>BBIOP2735-24_r_1_s_50_BBIOP2735-24
361,BBIOP2731-24_r_1.5_s_50_BBIOP2731-24,BBIOP2731-24,5403906,1851,92,1530,57.0,152.0,109.37843137254902,110.0,>BBIOP2731-24_r_1.5_s_50_BBIOP2731-24
362,BBIOP2735-24_r_1.3_s_100_BBIOP2735-24,BBIOP2735-24,6948727,1015,22,1530,24.0,124.0,64.88627450980393,62.0,>BBIOP2735-24_r_1.3_s_100_BBIOP2735-24
363,BBIOP2673-24_r_1_s_50_BBIOP2673-24,BBIOP2673-24,2124165,266,4,1536,0.0,31.0,12.5859375,11.0,>BBIOP2673-24_r_1_s_50_BBIOP2673-24
364,BBIOP2733-24_r_1.3_s_50_BBIOP2733-24,BBIOP2733-24,5439039,2068,326,1530,86.0,223.0,134.73333333333332,128.0,>BBIOP2733-24_r_1.3_s_50_BBIOP2733-24
365,BBIOP2711-24_r_1.3_s_100_BBIOP2711-24,BBIOP2711-24,7242811,2186,561,1533,25.0,293.0,127.28962818003914,111.0,>BBIOP2711-24_r_1.3_s_100_BBIOP2711-24
366,BBIOP2683-24_r_1.3_s_50_BBIOP2683-24,BBIOP2683-24,5581537,406,332,1536,0.0,76.0,18.96484375,13.0,>BBIOP2683-24_r_1.3_s_50_BBIOP2683-24
367,BBIOP2673-24_r_1.3_s_100_BBIOP2673-24,BBIOP2673-24,2124165,149,4,1536,0.0,27.0,8.0859375,7.0,>BBIOP2673-24_r_1.3_s_100_BBIOP2673-24
368,BBIOP2722-24_r_1.3_s_50_BBIOP2722-24,BBIOP2722-24,7140477,1235,22,1530,35.0,160.0,75.22745098039216,65.0,>BBIOP2722-24_r_1.3_s_50_BBIOP2722-24
369,BBIOP2743-24_r_1.3_s_50_BBIOP2743-24,BBIOP2743-24,4668923,914,315,1533,0.0,130.0,50.11741682974559,40.0,>BBIOP2743-24_r_1.3_s_50_BBIOP2743-24
370,BBIOP2674-24_r_1.5_s_100_BBIOP2674-24,BBIOP2674-24,6898869,773,236,1536,0.0,123.0,44.24609375,41.0,>BBIOP2674-24_r_1.5_s_100_BBIOP2674-24
371,BBIOP2668-24_r_1.3_s_50_BBIOP2668-24,BBIOP2668-24,1797069,379,16,1533,0.0,46.0,23.119373776908024,21.0,>BBIOP2668-24_r_1.3_s_50_BBIOP2668-24
372,BBIOP2714-24_r_1.3_s_100_BBIOP2714-24,BBIOP2714-24,6839720,916,23,1530,23.0,100.0,63.05882352941177,63.0,>BBIOP2714-24_r_1.3_s_100_BBIOP2714-24
373,BBIOP2673-24_r_1.5_s_100_BBIOP2673-24,BBIOP2673-24,2124165,134,4,1536,0.0,27.0,7.072265625,6.0,>BBIOP2673-24_r_1.5_s_100_BBIOP2673-24
374,BBIOP2696-24_r_1.5_s_50_BBIOP2696-24,BBIOP2696-24,4473110,660,100,1536,0.0,103.0,45.935546875,47.0,>BBIOP2696-24_r_1.5_s_50_BBIOP2696-24
375,BBIOP2729-24_r_1.3_s_100_BBIOP2729-24,BBIOP2729-24,7095987,1051,97,1530,22.0,130.0,57.22745098039216,56.0,>BBIOP2729-24_r_1.3_s_100_BBIOP2729-24
376,BBIOP2684-24_r_1.5_s_50_BBIOP2684-24,BBIOP2684-24,1156022,751,119,1551,0.0,91.0,49.67311411992263,52.0,>BBIOP2684-24_r_1.5_s_50_BBIOP2684-24
377,BBIOP2671-24_r_1.5_s_100_BBIOP2671-24,BBIOP2671-24,1461663,19,98,1533,0.0,7.0,1.4481409001956946,0.0,>BBIOP2671-24_r_1.5_s_100_BBIOP2671-24
378,BBIOP2717-24_r_1_s_50_BBIOP2717-24,BBIOP2717-24,8386587,7077,25,1530,278.0,793.0,553.0764705882353,565.0,>BBIOP2717-24_r_1_s_50_BBIOP2717-24
379,BBIOP2672-24_r_1_s_50_BBIOP2672-24,BBIOP2672-24,1445505,286,116,1536,0.0,31.0,18.142578125,18.0,>BBIOP2672-24_r_1_s_50_BBIOP2672-24
380,BBIOP2740-24_r_1.5_s_50_BBIOP2740-24,BBIOP2740-24,6010578,980,63,1533,19.0,110.0,63.89628180039139,68.0,>BBIOP2740-24_r_1.5_s_50_BBIOP2740-24
381,BBIOP2684-24_r_1.3_s_50_BBIOP2684-24,BBIOP2684-24,1156022,875,119,1551,0.0,93.0,58.89748549323017,59.0,>BBIOP2684-24_r_1.3_s_50_BBIOP2684-24
382,BBIOP2677-24_r_1.5_s_50_BBIOP2677-24,BBIOP2677-24,2541411,58,23,1533,0.0,14.0,2.998043052837573,2.0,>BBIOP2677-24_r_1.5_s_50_BBIOP2677-24
383,BBIOP2669-24_r_1_s_50_BBIOP2669-24,BBIOP2669-24,2119918,446,219,1533,11.0,49.0,28.328767123287676,26.0,>BBIOP2669-24_r_1_s_50_BBIOP2669-24
384,BBIOP2710-24_r_1.3_s_100_BBIOP2710-24,BBIOP2710-24,5667083,2030,25,1533,0.0,203.0,123.3894324853229,123.0,>BBIOP2710-24_r_1.3_s_100_BBIOP2710-24
385,BBIOP2734-24_r_1.5_s_50_BBIOP2734-24,BBIOP2734-24,7310069,2109,23,1530,84.0,216.0,138.83137254901962,138.0,>BBIOP2734-24_r_1.5_s_50_BBIOP2734-24
386,BBIOP2744-24_r_1.5_s_50_BBIOP2744-24,BBIOP2744-24,6481435,1189,84,1533,0.0,144.0,71.93737769080235,64.0,>BBIOP2744-24_r_1.5_s_50_BBIOP2744-24
387,BGE00582-NC_r_1.5_s_50_BGE00582-NC,BGE00582-NC,1397765,68,281,1539,0.0,26.0,2.1189083820662766,0.0,>BGE00582-NC_r_1.5_s_50_BGE00582-NC
388,BBIOP2706-24_r_1.3_s_50_BBIOP2706-24,BBIOP2706-24,4295596,991,158,1536,0.0,252.0,55.869140625,52.0,>BBIOP2706-24_r_1.3_s_50_BBIOP2706-24
389,BBIOP2694-24_r_1_s_50_BBIOP2694-24,BBIOP2694-24,3367895,614,187,1536,0.0,75.0,34.900390625,33.0,>BBIOP2694-24_r_1_s_50_BBIOP2694-24
390,BBIOP2747-24_r_1.5_s_50_BBIOP2747-24,BBIOP2747-24,8224913,2483,189,1533,1.0,281.0,194.8864970645793,187.0,>BBIOP2747-24_r_1.5_s_50_BBIOP2747-24
391,BBIOP2675-24_r_1.5_s_50_BBIOP2675-24,BBIOP2675-24,499458,35,61,1533,0.0,11.0,1.442270058708415,0.0,>BBIOP2675-24_r_1.5_s_50_BBIOP2675-24
392,BBIOP2755-24_r_1.5_s_100_BBIOP2755-24,BBIOP2755-24,4683805,1329,81,1530,26.0,160.0,78.72549019607843,76.0,>BBIOP2755-24_r_1.5_s_100_BBIOP2755-24
393,BBIOP2750-24_r_1.3_s_50_BBIOP2750-24,BBIOP2750-24,5827746,3945,67,1533,3.0,421.0,274.77103718199606,268.0,>BBIOP2750-24_r_1.3_s_50_BBIOP2750-24
394,BBIOP2667-24_r_1.3_s_100_BBIOP2667-24,BBIOP2667-24,3462768,833,178,1530,25.0,94.0,61.00196078431373,59.0,>BBIOP2667-24_r_1.3_s_100_BBIOP2667-24
395,BBIOP2662-24_r_1_s_100_BBIOP2662-24,BBIOP2662-24,1920386,73,4,1536,0.0,17.0,6.5625,6.0,>BBIOP2662-24_r_1_s_100_BBIOP2662-24
396,BBIOP2718-24_r_1.3_s_50_BBIOP2718-24,BBIOP2718-24,1619907,126,338,1530,0.0,47.0,6.037254901960784,4.0,>BBIOP2718-24_r_1.3_s_50_BBIOP2718-24
397,BBIOP2717-24_r_1_s_100_BBIOP2717-24,BBIOP2717-24,8386587,6336,25,1530,271.0,739.0,530.6921568627452,530.0,>BBIOP2717-24_r_1_s_100_BBIOP2717-24
398,BBIOP2740-24_r_1_s_50_BBIOP2740-24,BBIOP2740-24,6010578,1176,63,1533,31.0,120.0,73.67514677103718,76.0,>BBIOP2740-24_r_1_s_50_BBIOP2740-24
399,BBIOP2725-24_r_1_s_50_BBIOP2725-24,BBIOP2725-24,7207981,1439,266,1530,0.0,138.0,90.04901960784314,92.0,>BBIOP2725-24_r_1_s_50_BBIOP2725-24
400,BBIOP2736-24_r_1.3_s_100_BBIOP2736-24,BBIOP2736-24,8289325,1021,147,1530,22.0,121.0,58.94117647058823,56.0,>BBIOP2736-24_r_1.3_s_100_BBIOP2736-24
401,BBIOP2732-24_r_1.5_s_50_BBIOP2732-24,BBIOP2732-24,4675715,2090,44,1530,77.0,209.0,130.30588235294118,129.5,>BBIOP2732-24_r_1.5_s_50_BBIOP2732-24
402,BBIOP2663-24_r_1.3_s_100_BBIOP2663-24,BBIOP2663-24,2054991,21,8,1536,0.0,7.0,1.314453125,1.0,>BBIOP2663-24_r_1.3_s_100_BBIOP2663-24
403,BBIOP2682-24_r_1.5_s_50_BBIOP2682-24,BBIOP2682-24,1409598,75,38,1536,0.0,16.0,4.24609375,3.0,>BBIOP2682-24_r_1.5_s_50_BBIOP2682-24
404,BBIOP2713-24_r_1_s_100_BBIOP2713-24,BBIOP2713-24,4849536,2186,236,1527,0.0,294.0,174.42632612966602,176.0,>BBIOP2713-24_r_1_s_100_BBIOP2713-24
405,BBIOP2667-24_r_1_s_100_BBIOP2667-24,BBIOP2667-24,3462768,845,178,1530,28.0,94.0,62.21764705882353,59.5,>BBIOP2667-24_r_1_s_100_BBIOP2667-24
406,BBIOP2754-24_r_1.5_s_50_BBIOP2754-24,BBIOP2754-24,6363041,1786,170,1530,10.0,175.0,79.55686274509804,74.0,>BBIOP2754-24_r_1.5_s_50_BBIOP2754-24
407,BBIOP2703-24_r_1.5_s_100_BBIOP2703-24,BBIOP2703-24,2583152,451,68,1536,0.0,77.0,29.134765625,27.0,>BBIOP2703-24_r_1.5_s_100_BBIOP2703-24
408,BBIOP2702-24_r_1.5_s_50_BBIOP2702-24,BBIOP2702-24,6399592,1416,287,1536,0.0,196.0,89.169921875,91.0,>BBIOP2702-24_r_1.5_s_50_BBIOP2702-24
409,BBIOP2704-24_r_1.5_s_100_BBIOP2704-24,BBIOP2704-24,6562477,130,64,1536,0.0,49.0,7.876953125,4.0,>BBIOP2704-24_r_1.5_s_100_BBIOP2704-24
410,BBIOP2667-24_r_1.5_s_50_BBIOP2667-24,BBIOP2667-24,3462768,978,178,1530,40.0,97.0,64.75490196078431,65.0,>BBIOP2667-24_r_1.5_s_50_BBIOP2667-24
411,BBIOP2714-24_r_1_s_50_BBIOP2714-24,BBIOP2714-24,6839720,1202,23,1530,28.0,113.0,72.65686274509804,73.0,>BBIOP2714-24_r_1_s_50_BBIOP2714-24
412,BBIOP2728-24_r_1.3_s_100_BBIOP2728-24,BBIOP2728-24,8826069,2050,60,1530,89.0,261.0,154.42745098039217,157.0,>BBIOP2728-24_r_1.3_s_100_BBIOP2728-24
413,BBIOP2710-24_r_1_s_50_BBIOP2710-24,BBIOP2710-24,5667083,3025,25,1533,1.0,231.0,157.07240704500978,161.0,>BBIOP2710-24_r_1_s_50_BBIOP2710-24
414,BBIOP2709-24_r_1_s_100_BBIOP2709-24,BBIOP2709-24,6936314,897,457,1533,0.0,115.0,64.80039138943249,60.0,>BBIOP2709-24_r_1_s_100_BBIOP2709-24
415,BBIOP2754-24_r_1.3_s_50_BBIOP2754-24,BBIOP2754-24,6363041,1964,170,1530,36.0,180.0,87.97254901960784,83.5,>BBIOP2754-24_r_1.3_s_50_BBIOP2754-24
416,BBIOP2674-24_r_1.3_s_100_BBIOP2674-24,BBIOP2674-24,6898869,919,236,1536,0.0,123.0,54.3046875,49.0,>BBIOP2674-24_r_1.3_s_100_BBIOP2674-24
417,BBIOP2689-24_r_1_s_100_BBIOP2689-24,BBIOP2689-24,1714545,47,65,1533,0.0,10.0,2.968688845401174,3.0,>BBIOP2689-24_r_1_s_100_BBIOP2689-24
418,BBIOP2707-24_r_1.5_s_50_BBIOP2707-24,BBIOP2707-24,4383106,1132,134,1533,0.0,127.0,73.06849315068493,70.0,>BBIOP2707-24_r_1.5_s_50_BBIOP2707-24
419,BGE00582-NC_r_1_s_100_BGE00582-NC,BGE00582-NC,1397765,139,281,1539,0.0,57.0,12.732943469785576,4.0,>BGE00582-NC_r_1_s_100_BGE00582-NC
420,BBIOP2688-24_r_1.3_s_100_BBIOP2688-24,BBIOP2688-24,1530325,43,37,1533,0.0,7.0,2.7729941291585125,3.0,>BBIOP2688-24_r_1.3_s_100_BBIOP2688-24
421,BBIOP2696-24_r_1.5_s_100_BBIOP2696-24,BBIOP2696-24,4473110,516,100,1536,0.0,93.0,41.564453125,43.0,>BBIOP2696-24_r_1.5_s_100_BBIOP2696-24
422,BBIOP2744-24_r_1_s_100_BBIOP2744-24,BBIOP2744-24,6481435,1064,84,1533,0.0,133.0,71.00587084148728,67.0,>BBIOP2744-24_r_1_s_100_BBIOP2744-24
423,BBIOP2714-24_r_1.3_s_50_BBIOP2714-24,BBIOP2714-24,6839720,1137,23,1530,27.0,112.0,69.98039215686275,70.0,>BBIOP2714-24_r_1.3_s_50_BBIOP2714-24
424,BBIOP2750-24_r_1.5_s_50_BBIOP2750-24,BBIOP2750-24,5827746,3229,67,1533,2.0,412.0,225.3228962818004,229.0,>BBIOP2750-24_r_1.5_s_50_BBIOP2750-24
425,BBIOP2662-24_r_1_s_50_BBIOP2662-24,BBIOP2662-24,1920386,147,4,1536,0.0,34.0,8.90234375,8.0,>BBIOP2662-24_r_1_s_50_BBIOP2662-24
426,BBIOP2737-24_r_1.5_s_100_BBIOP2737-24,BBIOP2737-24,6705435,1808,248,1530,64.0,234.0,140.4921568627451,138.0,>BBIOP2737-24_r_1.5_s_100_BBIOP2737-24
427,BBIOP2739-24_r_1.3_s_100_BBIOP2739-24,BBIOP2739-24,7754033,221,408,1533,4.0,40.0,13.643835616438356,12.0,>BBIOP2739-24_r_1.3_s_100_BBIOP2739-24
428,BBIOP2686-24_r_1.5_s_50_BBIOP2686-24,BBIOP2686-24,5469468,765,27,1530,0.0,89.0,38.88627450980392,38.0,>BBIOP2686-24_r_1.5_s_50_BBIOP2686-24
429,BBIOP2703-24_r_1_s_100_BBIOP2703-24,BBIOP2703-24,2583152,678,68,1536,0.0,86.0,45.96875,43.0,>BBIOP2703-24_r_1_s_100_BBIOP2703-24
430,BBIOP2751-24_r_1.3_s_50_BBIOP2751-24,BBIOP2751-24,5080836,1481,211,1533,4.0,168.0,101.76712328767124,96.0,>BBIOP2751-24_r_1.3_s_50_BBIOP2751-24
431,BBIOP2725-24_r_1_s_100_BBIOP2725-24,BBIOP2725-24,7207981,1184,266,1530,0.0,118.0,82.2392156862745,84.0,>BBIOP2725-24_r_1_s_100_BBIOP2725-24
432,BBIOP2684-24_r_1_s_50_BBIOP2684-24,BBIOP2684-24,1156022,897,119,1551,1.0,93.0,60.032882011605416,61.0,>BBIOP2684-24_r_1_s_50_BBIOP2684-24
433,BBIOP2716-24_r_1.3_s_100_BBIOP2716-24,BBIOP2716-24,8433272,2688,646,1530,130.0,282.0,202.3607843137255,201.0,>BBIOP2716-24_r_1.3_s_100_BBIOP2716-24
434,BBIOP2698-24_r_1_s_50_BBIOP2698-24,BBIOP2698-24,8184503,975,364,1536,0.0,102.0,52.54296875,50.0,>BBIOP2698-24_r_1_s_50_BBIOP2698-24
435,BBIOP2727-24_r_1.3_s_100_BBIOP2727-24,BBIOP2727-24,7234776,1782,36,1530,0.0,163.0,115.93529411764706,115.5,>BBIOP2727-24_r_1.3_s_100_BBIOP2727-24
436,BBIOP2737-24_r_1.3_s_50_BBIOP2737-24,BBIOP2737-24,6705435,2154,248,1530,91.0,257.0,153.0705882352941,147.0,>BBIOP2737-24_r_1.3_s_50_BBIOP2737-24
437,BBIOP2683-24_r_1_s_100_BBIOP2683-24,BBIOP2683-24,5581537,309,332,1536,0.0,71.0,20.2265625,15.0,>BBIOP2683-24_r_1_s_100_BBIOP2683-24
438,BBIOP2747-24_r_1_s_100_BBIOP2747-24,BBIOP2747-24,8224913,2385,189,1533,0.0,281.0,199.4794520547945,194.0,>BBIOP2747-24_r_1_s_100_BBIOP2747-24
439,BBIOP2670-24_r_1.3_s_50_BBIOP2670-24,BBIOP2670-24,1407467,558,86,1533,3.0,71.0,38.56947162426614,38.0,>BBIOP2670-24_r_1.3_s_50_BBIOP2670-24
440,BBIOP2665-24_r_1_s_100_BBIOP2665-24,BBIOP2665-24,4048465,61,238,1536,0.0,12.0,4.30859375,4.0,>BBIOP2665-24_r_1_s_100_BBIOP2665-24
441,BBIOP2680-24_r_1.3_s_100_BBIOP2680-24,BBIOP2680-24,2002984,517,13,1536,0.0,54.0,32.708984375,33.0,>BBIOP2680-24_r_1.3_s_100_BBIOP2680-24
442,BBIOP2738-24_r_1.3_s_50_BBIOP2738-24,BBIOP2738-24,6844412,3637,474,1533,104.0,302.0,197.50097847358123,194.0,>BBIOP2738-24_r_1.3_s_50_BBIOP2738-24
443,BBIOP2717-24_r_1.5_s_100_BBIOP2717-24,BBIOP2717-24,8386587,6256,25,1530,264.0,714.0,524.7686274509804,527.0,>BBIOP2717-24_r_1.5_s_100_BBIOP2717-24
444,BBIOP2699-24_r_1_s_50_BBIOP2699-24,BBIOP2699-24,5041778,1108,817,1536,0.0,117.0,68.431640625,64.0,>BBIOP2699-24_r_1_s_50_BBIOP2699-24
445,BBIOP2722-24_r_1_s_100_BBIOP2722-24,BBIOP2722-24,7140477,1016,22,1530,31.0,126.0,69.39803921568627,59.5,>BBIOP2722-24_r_1_s_100_BBIOP2722-24
446,BBIOP2725-24_r_1.3_s_50_BBIOP2725-24,BBIOP2725-24,7207981,1369,266,1530,0.0,127.0,87.2,89.0,>BBIOP2725-24_r_1.3_s_50_BBIOP2725-24
447,BBIOP2716-24_r_1.5_s_50_BBIOP2716-24,BBIOP2716-24,8433272,3035,646,1530,137.0,280.0,211.8823529411765,209.0,>BBIOP2716-24_r_1.5_s_50_BBIOP2716-24
448,BBIOP2709-24_r_1.5_s_100_BBIOP2709-24,BBIOP2709-24,6936314,829,457,1533,0.0,115.0,59.20743639921722,55.0,>BBIOP2709-24_r_1.5_s_100_BBIOP2709-24
449,BBIOP2716-24_r_1.5_s_100_BBIOP2716-24,BBIOP2716-24,8433272,2653,646,1530,130.0,260.0,200.15882352941176,197.5,>BBIOP2716-24_r_1.5_s_100_BBIOP2716-24
450,BBIOP2681-24_r_1_s_50_BBIOP2681-24,BBIOP2681-24,3105949,1560,136,1536,0.0,135.0,96.044921875,95.0,>BBIOP2681-24_r_1_s_50_BBIOP2681-24
451,BBIOP2672-24_r_1.5_s_50_BBIOP2672-24,BBIOP2672-24,1445505,214,116,1536,0.0,30.0,13.224609375,14.0,>BBIOP2672-24_r_1.5_s_50_BBIOP2672-24
452,BBIOP2668-24_r_1.5_s_100_BBIOP2668-24,BBIOP2668-24,1797069,250,16,1533,0.0,46.0,17.649706457925635,17.0,>BBIOP2668-24_r_1.5_s_100_BBIOP2668-24
453,BBIOP2747-24_r_1.3_s_100_BBIOP2747-24,BBIOP2747-24,8224913,2364,189,1533,0.0,281.0,197.8317025440313,193.0,>BBIOP2747-24_r_1.3_s_100_BBIOP2747-24
454,BBIOP2751-24_r_1.3_s_100_BBIOP2751-24,BBIOP2751-24,5080836,1182,211,1533,0.0,155.0,92.6105675146771,86.0,>BBIOP2751-24_r_1.3_s_100_BBIOP2751-24
455,BBIOP2725-24_r_1.5_s_50_BBIOP2725-24,BBIOP2725-24,7207981,1319,266,1530,0.0,127.0,85.03725490196078,86.0,>BBIOP2725-24_r_1.5_s_50_BBIOP2725-24
456,BBIOP2715-24_r_1.5_s_100_BBIOP2715-24,BBIOP2715-24,8121684,1236,16,1530,28.0,144.0,81.51176470588236,83.0,>BBIOP2715-24_r_1.5_s_100_BBIOP2715-24
457,BBIOP2727-24_r_1.5_s_50_BBIOP2727-24,BBIOP2727-24,7234776,2059,36,1530,0.0,184.0,123.95490196078433,123.0,>BBIOP2727-24_r_1.5_s_50_BBIOP2727-24
458,BBIOP2723-24_r_1.5_s_100_BBIOP2723-24,BBIOP2723-24,7627253,107,9,1530,0.0,15.0,6.3392156862745095,6.0,>BBIOP2723-24_r_1.5_s_100_BBIOP2723-24
459,BBIOP2679-24_r_1_s_50_BBIOP2679-24,BBIOP2679-24,1833927,111,3,1533,0.0,20.0,5.98238747553816,5.0,>BBIOP2679-24_r_1_s_50_BBIOP2679-24
460,BBIOP2707-24_r_1.3_s_50_BBIOP2707-24,BBIOP2707-24,4383106,1257,134,1533,0.0,133.0,78.79647749510764,78.0,>BBIOP2707-24_r_1.3_s_50_BBIOP2707-24
461,BBIOP2735-24_r_1_s_100_BBIOP2735-24,BBIOP2735-24,6948727,1024,22,1530,24.0,125.0,65.61960784313726,63.0,>BBIOP2735-24_r_1_s_100_BBIOP2735-24
462,BBIOP2736-24_r_1.5_s_50_BBIOP2736-24,BBIOP2736-24,8289325,1291,147,1530,33.0,167.0,65.88235294117646,62.0,>BBIOP2736-24_r_1.5_s_50_BBIOP2736-24
463,BBIOP2716-24_r_1_s_50_BBIOP2716-24,BBIOP2716-24,8433272,3285,646,1530,141.0,321.0,221.9745098039216,222.0,>BBIOP2716-24_r_1_s_50_BBIOP2716-24
464,BBIOP2746-24_r_1_s_50_BBIOP2746-24,BBIOP2746-24,5980749,4330,206,1533,0.0,436.0,307.761252446184,299.0,>BBIOP2746-24_r_1_s_50_BBIOP2746-24
465,BBIOP2731-24_r_1_s_100_BBIOP2731-24,BBIOP2731-24,5403906,1552,92,1530,41.0,139.0,102.6,103.0,>BBIOP2731-24_r_1_s_100_BBIOP2731-24
466,BBIOP2700-24_r_1_s_50_BBIOP2700-24,BBIOP2700-24,5329419,1013,60,1536,0.0,108.0,63.33203125,64.0,>BBIOP2700-24_r_1_s_50_BBIOP2700-24
467,BBIOP2711-24_r_1.3_s_50_BBIOP2711-24,BBIOP2711-24,7242811,3029,561,1533,57.0,346.0,154.62622309197653,136.0,>BBIOP2711-24_r_1.3_s_50_BBIOP2711-24
468,BBIOP2741-24_r_1.3_s_50_BBIOP2741-24,BBIOP2741-24,8282988,5964,800,1533,0.0,679.0,494.32681017612526,489.0,>BBIOP2741-24_r_1.3_s_50_BBIOP2741-24
469,BBIOP2664-24_r_1.3_s_50_BBIOP2664-24,BBIOP2664-24,1444089,39,4,1536,0.0,9.0,1.869140625,1.0,>BBIOP2664-24_r_1.3_s_50_BBIOP2664-24
470,BBIOP2661-24_r_1_s_100_BBIOP2661-24,BBIOP2661-24,2902294,553,192,1536,0.0,64.0,32.7734375,31.0,>BBIOP2661-24_r_1_s_100_BBIOP2661-24
471,BBIOP2740-24_r_1.3_s_100_BBIOP2740-24,BBIOP2740-24,6010578,891,63,1533,20.0,107.0,62.64579256360079,64.0,>BBIOP2740-24_r_1.3_s_100_BBIOP2740-24
472,BBIOP2713-24_r_1.5_s_50_BBIOP2713-24,BBIOP2713-24,4849536,2410,236,1527,0.0,327.0,178.07858546168958,175.0,>BBIOP2713-24_r_1.5_s_50_BBIOP2713-24
473,BBIOP2697-24_r_1.3_s_100_BBIOP2697-24,BBIOP2697-24,4681127,416,299,1536,0.0,52.0,27.845703125,31.0,>BBIOP2697-24_r_1.3_s_100_BBIOP2697-24
474,BBIOP2736-24_r_1_s_50_BBIOP2736-24,BBIOP2736-24,8289325,1467,147,1530,35.0,168.0,73.48627450980392,71.0,>BBIOP2736-24_r_1_s_50_BBIOP2736-24
475,BBIOP2726-24_r_1_s_100_BBIOP2726-24,BBIOP2726-24,6693846,2345,16,1530,0.0,223.0,165.6313725490196,164.0,>BBIOP2726-24_r_1_s_100_BBIOP2726-24
476,BBIOP2676-24_r_1_s_50_BBIOP2676-24,BBIOP2676-24,4676648,562,411,1533,0.0,62.0,31.162426614481408,32.0,>BBIOP2676-24_r_1_s_50_BBIOP2676-24
477,BBIOP2674-24_r_1.5_s_50_BBIOP2674-24,BBIOP2674-24,6898869,1145,236,1536,0.0,136.0,55.83984375,52.0,>BBIOP2674-24_r_1.5_s_50_BBIOP2674-24
478,BBIOP2751-24_r_1.5_s_50_BBIOP2751-24,BBIOP2751-24,5080836,1207,211,1533,4.0,164.0,83.69471624266144,80.0,>BBIOP2751-24_r_1.5_s_50_BBIOP2751-24
479,BBIOP2715-24_r_1.3_s_50_BBIOP2715-24,BBIOP2715-24,8121684,1529,16,1530,34.0,190.0,91.29607843137256,89.0,>BBIOP2715-24_r_1.3_s_50_BBIOP2715-24
480,BBIOP2696-24_r_1.3_s_100_BBIOP2696-24,BBIOP2696-24,4473110,665,100,1536,0.0,98.0,54.080078125,56.0,>BBIOP2696-24_r_1.3_s_100_BBIOP2696-24
481,BBIOP2718-24_r_1.5_s_100_BBIOP2718-24,BBIOP2718-24,1619907,38,338,1530,0.0,14.0,3.235294117647059,2.0,>BBIOP2718-24_r_1.5_s_100_BBIOP2718-24
482,BBIOP2748-24_r_1_s_50_BBIOP2748-24,BBIOP2748-24,5463294,2767,35,1533,1.0,264.0,170.73385518591,161.0,>BBIOP2748-24_r_1_s_50_BBIOP2748-24
483,BBIOP2687-24_r_1.3_s_100_BBIOP2687-24,BBIOP2687-24,5921088,4101,237,1533,119.0,545.0,293.1428571428572,289.0,>BBIOP2687-24_r_1.3_s_100_BBIOP2687-24
484,BGE00582-NC_r_1.3_s_100_BGE00582-NC,BGE00582-NC,1397765,37,281,1539,0.0,22.0,2.5750487329434697,0.0,>BGE00582-NC_r_1.3_s_100_BGE00582-NC
485,BBIOP2745-24_r_1.5_s_50_BBIOP2745-24,BBIOP2745-24,7269236,1120,359,1533,1.0,161.0,55.53228962818004,51.0,>BBIOP2745-24_r_1.5_s_50_BBIOP2745-24
486,BBIOP2673-24_r_1_s_100_BBIOP2673-24,BBIOP2673-24,2124165,160,4,1536,0.0,27.0,8.859375,8.0,>BBIOP2673-24_r_1_s_100_BBIOP2673-24
487,BBIOP2702-24_r_1_s_100_BBIOP2702-24,BBIOP2702-24,6399592,1651,287,1536,0.0,201.0,119.982421875,113.0,>BBIOP2702-24_r_1_s_100_BBIOP2702-24
488,BBIOP2751-24_r_1.5_s_100_BBIOP2751-24,BBIOP2751-24,5080836,975,211,1533,0.0,150.0,76.94911937377691,74.0,>BBIOP2751-24_r_1.5_s_100_BBIOP2751-24
489,BBIOP2710-24_r_1.3_s_50_BBIOP2710-24,BBIOP2710-24,5667083,2917,25,1533,1.0,213.0,152.56360078277888,154.0,>BBIOP2710-24_r_1.3_s_50_BBIOP2710-24
490,BBIOP2733-24_r_1.5_s_50_BBIOP2733-24,BBIOP2733-24,5439039,2014,326,1530,86.0,223.0,132.62941176470588,126.0,>BBIOP2733-24_r_1.5_s_50_BBIOP2733-24
491,BBIOP2678-24_r_1.3_s_50_BBIOP2678-24,BBIOP2678-24,1822565,48,0,1533,0.0,12.0,2.516634050880626,2.0,>BBIOP2678-24_r_1.3_s_50_BBIOP2678-24
492,BBIOP2748-24_r_1.3_s_50_BBIOP2748-24,BBIOP2748-24,5463294,2640,35,1533,1.0,263.0,165.2367906066536,157.0,>BBIOP2748-24_r_1.3_s_50_BBIOP2748-24
493,BBIOP2750-24_r_1.5_s_100_BBIOP2750-24,BBIOP2750-24,5827746,2753,67,1533,0.0,349.0,210.9217221135029,215.0,>BBIOP2750-24_r_1.5_s_100_BBIOP2750-24
494,BBIOP2745-24_r_1_s_100_BBIOP2745-24,BBIOP2745-24,7269236,784,359,1533,1.0,96.0,48.35812133072407,44.0,>BBIOP2745-24_r_1_s_100_BBIOP2745-24
495,BBIOP2710-24_r_1.5_s_50_BBIOP2710-24,BBIOP2710-24,5667083,2514,25,1533,0.0,211.0,132.11545988258317,133.0,>BBIOP2710-24_r_1.5_s_50_BBIOP2710-24
496,BBIOP2730-24_r_1_s_100_BBIOP2730-24,BBIOP2730-24,7918029,1767,10,1530,83.0,178.0,136.26078431372548,138.0,>BBIOP2730-24_r_1_s_100_BBIOP2730-24
497,BBIOP2681-24_r_1.5_s_50_BBIOP2681-24,BBIOP2681-24,3105949,1194,136,1536,0.0,124.0,73.328125,77.0,>BBIOP2681-24_r_1.5_s_50_BBIOP2681-24
498,BBIOP2739-24_r_1_s_100_BBIOP2739-24,BBIOP2739-24,7754033,242,408,1533,4.0,40.0,15.643835616438356,13.0,>BBIOP2739-24_r_1_s_100_BBIOP2739-24
499,BBIOP2689-24_r_1.5_s_50_BBIOP2689-24,BBIOP2689-24,1714545,66,65,1533,0.0,13.0,3.4500978473581214,3.0,>BBIOP2689-24_r_1.5_s_50_BBIOP2689-24
500,BBIOP2664-24_r_1.5_s_50_BBIOP2664-24,BBIOP2664-24,1444089,19,4,1536,0.0,5.0,1.00390625,1.0,>BBIOP2664-24_r_1.5_s_50_BBIOP2664-24
501,BBIOP2681-24_r_1_s_100_BBIOP2681-24,BBIOP2681-24,3105949,1207,136,1536,0.0,125.0,84.357421875,83.0,>BBIOP2681-24_r_1_s_100_BBIOP2681-24
502,BBIOP2708-24_r_1.3_s_50_BBIOP2708-24,BBIOP2708-24,5836135,1766,17,1533,0.0,160.0,110.25831702544032,109.0,>BBIOP2708-24_r_1.3_s_50_BBIOP2708-24
503,BBIOP2726-24_r_1_s_50_BBIOP2726-24,BBIOP2726-24,6693846,2775,16,1530,0.0,241.0,179.09803921568627,177.0,>BBIOP2726-24_r_1_s_50_BBIOP2726-24
504,BBIOP2697-24_r_1_s_50_BBIOP2697-24,BBIOP2697-24,4681127,716,299,1536,1.0,84.0,43.337890625,44.0,>BBIOP2697-24_r_1_s_50_BBIOP2697-24
505,BBIOP2675-24_r_1_s_50_BBIOP2675-24,BBIOP2675-24,499458,111,61,1533,0.0,21.0,5.763209393346379,4.0,>BBIOP2675-24_r_1_s_50_BBIOP2675-24
506,BBIOP2751-24_r_1_s_100_BBIOP2751-24,BBIOP2751-24,5080836,1230,211,1533,5.0,160.0,97.02544031311156,91.0,>BBIOP2751-24_r_1_s_100_BBIOP2751-24
507,BBIOP2682-24_r_1_s_50_BBIOP2682-24,BBIOP2682-24,1409598,124,38,1536,0.0,19.0,7.31640625,6.5,>BBIOP2682-24_r_1_s_50_BBIOP2682-24
508,BBIOP2697-24_r_1.5_s_100_BBIOP2697-24,BBIOP2697-24,4681127,293,299,1536,0.0,50.0,19.185546875,19.0,>BBIOP2697-24_r_1.5_s_100_BBIOP2697-24
509,BBIOP2718-24_r_1_s_100_BBIOP2718-24,BBIOP2718-24,1619907,89,338,1530,0.0,31.0,9.470588235294118,6.0,>BBIOP2718-24_r_1_s_100_BBIOP2718-24
510,BBIOP2746-24_r_1.3_s_100_BBIOP2746-24,BBIOP2746-24,5980749,3645,206,1533,0.0,405.0,285.5499021526419,274.0,>BBIOP2746-24_r_1.3_s_100_BBIOP2746-24
511,BBIOP2702-24_r_1.3_s_50_BBIOP2702-24,BBIOP2702-24,6399592,1869,287,1536,0.0,225.0,120.31640625,118.0,>BBIOP2702-24_r_1.3_s_50_BBIOP2702-24
512,BBIOP2675-24_r_1.3_s_100_BBIOP2675-24,BBIOP2675-24,499458,26,61,1533,0.0,10.0,1.786692759295499,1.0,>BBIOP2675-24_r_1.3_s_100_BBIOP2675-24
513,BBIOP2747-24_r_1.5_s_100_BBIOP2747-24,BBIOP2747-24,8224913,2215,189,1533,0.0,277.0,186.7632093933464,179.0,>BBIOP2747-24_r_1.5_s_100_BBIOP2747-24
514,BBIOP2691-24_r_1_s_50_BBIOP2691-24,BBIOP2691-24,1595524,1423,36,1530,57.0,131.0,91.94901960784314,92.0,>BBIOP2691-24_r_1_s_50_BBIOP2691-24
515,BBIOP2695-24_r_1.5_s_100_BBIOP2695-24,BBIOP2695-24,7535731,488,167,1536,0.0,77.0,27.583984375,25.0,>BBIOP2695-24_r_1.5_s_100_BBIOP2695-24
516,BBIOP2661-24_r_1.5_s_50_BBIOP2661-24,BBIOP2661-24,2902294,668,192,1536,0.0,82.0,33.779296875,34.0,>BBIOP2661-24_r_1.5_s_50_BBIOP2661-24
517,BBIOP2701-24_r_1.5_s_100_BBIOP2701-24,BBIOP2701-24,3840312,241,210,1536,0.0,35.0,17.0859375,17.0,>BBIOP2701-24_r_1.5_s_100_BBIOP2701-24
518,BBIOP2744-24_r_1.5_s_100_BBIOP2744-24,BBIOP2744-24,6481435,982,84,1533,0.0,133.0,65.70254403131115,60.0,>BBIOP2744-24_r_1.5_s_100_BBIOP2744-24
519,BBIOP2715-24_r_1.5_s_50_BBIOP2715-24,BBIOP2715-24,8121684,1476,16,1530,31.0,190.0,88.80196078431372,85.0,>BBIOP2715-24_r_1.5_s_50_BBIOP2715-24
520,BBIOP2719-24_r_1.5_s_50_BBIOP2719-24,BBIOP2719-24,7689618,410,158,1530,6.0,68.0,22.07058823529412,20.0,>BBIOP2719-24_r_1.5_s_50_BBIOP2719-24
521,BBIOP2733-24_r_1.5_s_100_BBIOP2733-24,BBIOP2733-24,5439039,1657,326,1530,75.0,218.0,121.80196078431372,117.0,>BBIOP2733-24_r_1.5_s_100_BBIOP2733-24
522,BBIOP2661-24_r_1_s_50_BBIOP2661-24,BBIOP2661-24,2902294,821,192,1536,2.0,95.0,41.486328125,40.0,>BBIOP2661-24_r_1_s_50_BBIOP2661-24
523,BBIOP2669-24_r_1_s_100_BBIOP2669-24,BBIOP2669-24,2119918,309,219,1533,5.0,46.0,23.661448140900195,22.0,>BBIOP2669-24_r_1_s_100_BBIOP2669-24
524,BBIOP2692-24_r_1.3_s_100_BBIOP2692-24,BBIOP2692-24,4773382,270,193,1530,2.0,35.0,15.286274509803922,15.0,>BBIOP2692-24_r_1.3_s_100_BBIOP2692-24
525,BBIOP2673-24_r_1.5_s_50_BBIOP2673-24,BBIOP2673-24,2124165,188,4,1536,0.0,31.0,8.7265625,9.0,>BBIOP2673-24_r_1.5_s_50_BBIOP2673-24
526,BBIOP2748-24_r_1.5_s_50_BBIOP2748-24,BBIOP2748-24,5463294,2232,35,1533,0.0,262.0,140.14285714285714,148.0,>BBIOP2748-24_r_1.5_s_50_BBIOP2748-24
527,BBIOP2666-24_r_1_s_100_BBIOP2666-24,BBIOP2666-24,2423480,673,30,1530,20.0,69.0,46.42941176470588,48.0,>BBIOP2666-24_r_1_s_100_BBIOP2666-24
528,BBIOP2712-24_r_1.5_s_50_BBIOP2712-24,BBIOP2712-24,6643834,1995,4,1527,0.0,196.0,126.15324165029467,128.0,>BBIOP2712-24_r_1.5_s_50_BBIOP2712-24
529,BBIOP2671-24_r_1_s_100_BBIOP2671-24,BBIOP2671-24,1461663,21,98,1533,0.0,7.0,1.5596868884540118,1.0,>BBIOP2671-24_r_1_s_100_BBIOP2671-24
530,BBIOP2686-24_r_1_s_50_BBIOP2686-24,BBIOP2686-24,5469468,992,27,1530,12.0,171.0,48.9078431372549,43.0,>BBIOP2686-24_r_1_s_50_BBIOP2686-24
531,BBIOP2730-24_r_1.5_s_100_BBIOP2730-24,BBIOP2730-24,7918029,1715,10,1530,78.0,175.0,132.86666666666667,135.0,>BBIOP2730-24_r_1.5_s_100_BBIOP2730-24
532,BBIOP2749-24_r_1_s_50_BBIOP2749-24,BBIOP2749-24,5334651,1366,234,1533,0.0,155.0,72.3013698630137,70.0,>BBIOP2749-24_r_1_s_50_BBIOP2749-24
533,BBIOP2693-24_r_1_s_100_BBIOP2693-24,BBIOP2693-24,1459622,261,2,1530,6.0,36.0,19.684313725490195,19.0,>BBIOP2693-24_r_1_s_100_BBIOP2693-24
534,BBIOP2749-24_r_1.3_s_50_BBIOP2749-24,BBIOP2749-24,5334651,1247,234,1533,0.0,154.0,65.89823874755382,63.0,>BBIOP2749-24_r_1.3_s_50_BBIOP2749-24
535,BBIOP2693-24_r_1.5_s_50_BBIOP2693-24,BBIOP2693-24,1459622,278,2,1530,0.0,36.0,18.46078431372549,19.0,>BBIOP2693-24_r_1.5_s_50_BBIOP2693-24
536,BBIOP2691-24_r_1.5_s_50_BBIOP2691-24,BBIOP2691-24,1595524,1351,36,1530,53.0,125.0,88.49411764705883,89.0,>BBIOP2691-24_r_1.5_s_50_BBIOP2691-24
537,BBIOP2685-24_r_1.5_s_50_BBIOP2685-24,BBIOP2685-24,5162208,2238,11,1551,0.0,254.0,141.52030947775629,151.0,>BBIOP2685-24_r_1.5_s_50_BBIOP2685-24
538,BBIOP2729-24_r_1.3_s_50_BBIOP2729-24,BBIOP2729-24,7095987,1559,97,1530,28.0,155.0,73.34901960784313,73.0,>BBIOP2729-24_r_1.3_s_50_BBIOP2729-24
539,BBIOP2684-24_r_1.3_s_100_BBIOP2684-24,BBIOP2684-24,1156022,764,119,1551,0.0,84.0,55.294003868471954,56.0,>BBIOP2684-24_r_1.3_s_100_BBIOP2684-24
540,BBIOP2694-24_r_1.3_s_100_BBIOP2694-24,BBIOP2694-24,3367895,369,187,1536,0.0,52.0,24.70703125,24.0,>BBIOP2694-24_r_1.3_s_100_BBIOP2694-24
541,BBIOP2728-24_r_1_s_100_BBIOP2728-24,BBIOP2728-24,8826069,2060,60,1530,89.0,261.0,155.70980392156864,158.0,>BBIOP2728-24_r_1_s_100_BBIOP2728-24
542,BBIOP2722-24_r_1.3_s_100_BBIOP2722-24,BBIOP2722-24,7140477,1008,22,1530,31.0,126.0,68.30980392156863,59.0,>BBIOP2722-24_r_1.3_s_100_BBIOP2722-24
543,BBIOP2697-24_r_1_s_100_BBIOP2697-24,BBIOP2697-24,4681127,503,299,1536,1.0,63.0,36.154296875,37.0,>BBIOP2697-24_r_1_s_100_BBIOP2697-24
544,BBIOP2731-24_r_1.3_s_50_BBIOP2731-24,BBIOP2731-24,5403906,1934,92,1530,65.0,152.0,113.23725490196078,112.0,>BBIOP2731-24_r_1.3_s_50_BBIOP2731-24
545,BBIOP2705-24_r_1.3_s_100_BBIOP2705-24,BBIOP2705-24,8143405,440,326,1536,0.0,84.0,28.810546875,25.0,>BBIOP2705-24_r_1.3_s_100_BBIOP2705-24
546,BBIOP2701-24_r_1.5_s_50_BBIOP2701-24,BBIOP2701-24,3840312,317,210,1536,0.0,38.0,19.322265625,18.0,>BBIOP2701-24_r_1.5_s_50_BBIOP2701-24
547,BBIOP2685-24_r_1_s_100_BBIOP2685-24,BBIOP2685-24,5162208,2129,11,1551,0.0,241.0,150.23791102514508,153.0,>BBIOP2685-24_r_1_s_100_BBIOP2685-24
548,BBIOP2672-24_r_1_s_100_BBIOP2672-24,BBIOP2672-24,1445505,226,116,1536,0.0,29.0,16.169921875,16.0,>BBIOP2672-24_r_1_s_100_BBIOP2672-24
549,BBIOP2681-24_r_1.3_s_50_BBIOP2681-24,BBIOP2681-24,3105949,1491,136,1536,0.0,135.0,93.06640625,92.5,>BBIOP2681-24_r_1.3_s_50_BBIOP2681-24
550,BBIOP2705-24_r_1_s_100_BBIOP2705-24,BBIOP2705-24,8143405,479,326,1536,0.0,85.0,32.216796875,28.0,>BBIOP2705-24_r_1_s_100_BBIOP2705-24
551,BBIOP2739-24_r_1.5_s_100_BBIOP2739-24,BBIOP2739-24,7754033,203,408,1533,3.0,40.0,12.3013698630137,10.0,>BBIOP2739-24_r_1.5_s_100_BBIOP2739-24
552,BBIOP2736-24_r_1_s_100_BBIOP2736-24,BBIOP2736-24,8289325,1027,147,1530,22.0,121.0,59.41960784313726,57.0,>BBIOP2736-24_r_1_s_100_BBIOP2736-24
553,BBIOP2712-24_r_1.5_s_100_BBIOP2712-24,BBIOP2712-24,6643834,1654,4,1527,0.0,181.0,115.71119842829076,116.0,>BBIOP2712-24_r_1.5_s_100_BBIOP2712-24
554,BBIOP2724-24_r_1_s_50_BBIOP2724-24,BBIOP2724-24,6462941,182,183,1530,1.0,28.0,9.549019607843135,8.0,>BBIOP2724-24_r_1_s_50_BBIOP2724-24
555,BBIOP2669-24_r_1.3_s_50_BBIOP2669-24,BBIOP2669-24,2119918,391,219,1533,3.0,47.0,25.90410958904109,24.0,>BBIOP2669-24_r_1.3_s_50_BBIOP2669-24
556,BBIOP2734-24_r_1.3_s_50_BBIOP2734-24,BBIOP2734-24,7310069,2152,23,1530,84.0,216.0,140.4156862745098,139.0,>BBIOP2734-24_r_1.3_s_50_BBIOP2734-24
557,BBIOP2752-24_r_1_s_100_BBIOP2752-24,BBIOP2752-24,8031340,1927,454,1530,85.0,210.0,132.83529411764707,132.0,>BBIOP2752-24_r_1_s_100_BBIOP2752-24
558,BBIOP2737-24_r_1.5_s_50_BBIOP2737-24,BBIOP2737-24,6705435,2058,248,1530,89.0,257.0,148.29607843137254,144.0,>BBIOP2737-24_r_1.5_s_50_BBIOP2737-24
559,BBIOP2680-24_r_1.5_s_100_BBIOP2680-24,BBIOP2680-24,2002984,423,13,1536,0.0,52.0,26.09375,27.0,>BBIOP2680-24_r_1.5_s_100_BBIOP2680-24
560,BBIOP2753-24_r_1.3_s_50_BBIOP2753-24,BBIOP2753-24,8943289,3189,136,1530,146.0,314.0,222.6019607843137,219.5,>BBIOP2753-24_r_1.3_s_50_BBIOP2753-24
561,BBIOP2712-24_r_1_s_100_BBIOP2712-24,BBIOP2712-24,6643834,1738,4,1527,0.0,182.0,121.58546168958743,120.0,>BBIOP2712-24_r_1_s_100_BBIOP2712-24
562,BBIOP2704-24_r_1.3_s_50_BBIOP2704-24,BBIOP2704-24,6562477,354,64,1536,0.0,58.0,17.41015625,14.0,>BBIOP2704-24_r_1.3_s_50_BBIOP2704-24
563,BBIOP2681-24_r_1.5_s_100_BBIOP2681-24,BBIOP2681-24,3105949,972,136,1536,0.0,118.0,66.189453125,69.0,>BBIOP2681-24_r_1.5_s_100_BBIOP2681-24
564,BBIOP2753-24_r_1.5_s_50_BBIOP2753-24,BBIOP2753-24,8943289,3007,136,1530,138.0,313.0,212.1313725490196,211.0,>BBIOP2753-24_r_1.5_s_50_BBIOP2753-24
565,BBIOP2705-24_r_1_s_50_BBIOP2705-24,BBIOP2705-24,8143405,753,326,1536,0.0,99.0,41.212890625,35.0,>BBIOP2705-24_r_1_s_50_BBIOP2705-24
566,BBIOP2665-24_r_1.3_s_100_BBIOP2665-24,BBIOP2665-24,4048465,45,238,1536,0.0,11.0,3.10546875,3.0,>BBIOP2665-24_r_1.3_s_100_BBIOP2665-24
567,BBIOP2666-24_r_1_s_50_BBIOP2666-24,BBIOP2666-24,2423480,841,30,1530,26.0,83.0,51.601960784313725,51.0,>BBIOP2666-24_r_1_s_50_BBIOP2666-24
568,BBIOP2697-24_r_1.5_s_50_BBIOP2697-24,BBIOP2697-24,4681127,407,299,1536,0.0,52.0,22.599609375,23.5,>BBIOP2697-24_r_1.5_s_50_BBIOP2697-24
569,BBIOP2663-24_r_1.3_s_50_BBIOP2663-24,BBIOP2663-24,2054991,50,8,1536,0.0,11.0,2.11328125,2.0,>BBIOP2663-24_r_1.3_s_50_BBIOP2663-24
570,BBIOP2666-24_r_1.5_s_100_BBIOP2666-24,BBIOP2666-24,2423480,657,30,1530,20.0,69.0,45.417647058823526,47.0,>BBIOP2666-24_r_1.5_s_100_BBIOP2666-24
571,BBIOP2740-24_r_1_s_100_BBIOP2740-24,BBIOP2740-24,6010578,923,63,1533,20.0,112.0,65.76908023483367,65.0,>BBIOP2740-24_r_1_s_100_BBIOP2740-24
572,BBIOP2721-24_r_1.5_s_50_BBIOP2721-24,BBIOP2721-24,6257433,1625,235,1530,55.0,160.0,104.15490196078431,105.0,>BBIOP2721-24_r_1.5_s_50_BBIOP2721-24
573,BBIOP2677-24_r_1_s_50_BBIOP2677-24,BBIOP2677-24,2541411,86,23,1533,0.0,15.0,4.209393346379648,3.0,>BBIOP2677-24_r_1_s_50_BBIOP2677-24
574,BBIOP2663-24_r_1.5_s_100_BBIOP2663-24,BBIOP2663-24,2054991,13,8,1536,0.0,5.0,0.70703125,0.0,>BBIOP2663-24_r_1.5_s_100_BBIOP2663-24
575,BBIOP2683-24_r_1.5_s_100_BBIOP2683-24,BBIOP2683-24,5581537,200,332,1536,0.0,64.0,11.197265625,5.0,>BBIOP2683-24_r_1.5_s_100_BBIOP2683-24
