ambig_basecount	ambig_full_basecount	dataset	error	identification	identification_method	identification_rank	marker_code	nuc_basecount	nuc_full_basecount	obs_taxon	sequence_id	species	stop_codons
1	2	data/BGE00179_MGE-BGE_r1_1.3_1.5_s50_100.fasta	None	Braconidae	BLAST	family	COI-5P	641	1518	Braconidae	BGENL1046-24_r_1_s_50	Blacus paganus	0
1	10	data/BGE00179_MGE-BGE_r1_1.3_1.5_s50_100.fasta	None	Braconidae	BLAST	family	COI-5P	623	1458	Braconidae	BGENL1046-24_r_1_s_100	Blacus paganus	0
1	2	data/BGE00179_MGE-BGE_r1_1.3_1.5_s50_100.fasta	None	Braconidae	BLAST	family	COI-5P	641	1299	Braconidae	BGENL1046-24_r_1.3_s_50	Blacus paganus	0
1	2	data/BGE00179_MGE-BGE_r1_1.3_1.5_s50_100.fasta	None	Braconidae	BLAST	family	COI-5P	623	1239	Braconidae	BGENL1046-24_r_1.3_s_100	Blacus paganus	0
0	1	data/BGE00179_MGE-BGE_r1_1.3_1.5_s50_100.fasta	None	Braconidae	BLAST	family	COI-5P	453	1026	Braconidae	BGENL1046-24_r_1.5_s_50	Blacus paganus	0
0	1	data/BGE00179_MGE-BGE_r1_1.3_1.5_s50_100.fasta	None	Braconidae	BLAST	family	COI-5P	432	963	Braconidae	BGENL1046-24_r_1.5_s_100	Blacus paganus	0
0	0	data/BGE00179_MGE-BGE_r1_1.3_1.5_s50_100.fasta	None	Braconidae	BLAST	family	COI-5P	657	1533	Braconidae	BGENL1047-24_r_1_s_50	Blacus paganus	0
0	0	data/BGE00179_MGE-BGE_r1_1.3_1.5_s50_100.fasta	None	Braconidae	BLAST	family	COI-5P	657	1533	Braconidae	BGENL1047-24_r_1_s_100	Blacus paganus	0
0	0	data/BGE00179_MGE-BGE_r1_1.3_1.5_s50_100.fasta	None	Braconidae	BLAST	family	COI-5P	657	1476	Braconidae	BGENL1047-24_r_1.3_s_50	Blacus paganus	0
0	0	data/BGE00179_MGE-BGE_r1_1.3_1.5_s50_100.fasta	None	Braconidae	BLAST	family	COI-5P	657	1425	Braconidae	BGENL1047-24_r_1.3_s_100	Blacus paganus	0
0	3	data/BGE00179_MGE-BGE_r1_1.3_1.5_s50_100.fasta	None	Braconidae	BLAST	family	COI-5P	657	1383	Braconidae	BGENL1047-24_r_1.5_s_50	Blacus paganus	0
0	0	data/BGE00179_MGE-BGE_r1_1.3_1.5_s50_100.fasta	None	Braconidae	BLAST	family	COI-5P	654	1371	Braconidae	BGENL1047-24_r_1.5_s_100	Blacus paganus	0
31	65	data/BGE00179_MGE-BGE_r1_1.3_1.5_s50_100.fasta	None	Braconidae	BLAST	family	COI-5P	548	1386	Hydrophilidae,Scarabaeidae,Melyridae,Cerambycidae,Braconidae,Prodoxidae	BGENL1048-24_r_1_s_50	Blacus paganus	3
37	46	data/BGE00179_MGE-BGE_r1_1.3_1.5_s50_100.fasta	None	Braconidae	BLAST	family	COI-5P	407	1281	Encyrtidae	BGENL1048-24_r_1_s_100	Blacus paganus	0
0	1	data/BGE00179_MGE-BGE_r1_1.3_1.5_s50_100.fasta	None	Braconidae	BLAST	family	COI-5P	158	804	Braconidae,Pteromalidae,Nymphalidae	BGENL1048-24_r_1.3_s_50	Blacus paganus	0
0	1	data/BGE00179_MGE-BGE_r1_1.3_1.5_s50_100.fasta	None	Braconidae	BLAST	family	COI-5P	135	693	Braconidae	BGENL1048-24_r_1.3_s_100	Blacus paganus	0
0	0	data/BGE00179_MGE-BGE_r1_1.3_1.5_s50_100.fasta	None	Braconidae	BLAST	family	COI-5P	433	495	Braconidae,Lycaenidae	BGENL1048-24_r_1.5_s_50	Blacus paganus	5
0	0	data/BGE00179_MGE-BGE_r1_1.3_1.5_s50_100.fasta	None	Braconidae	BLAST	family	COI-5P	383	423	Braconidae,Lycaenidae	BGENL1048-24_r_1.5_s_100	Blacus paganus	8
0	0	data/BGE00179_MGE-BGE_r1_1.3_1.5_s50_100.fasta	None	Braconidae	BLAST	family	COI-5P	656	1527	Braconidae	BGENL1049-24_r_1_s_50	Blacus pallipes	0
0	0	data/BGE00179_MGE-BGE_r1_1.3_1.5_s50_100.fasta	None	Braconidae	BLAST	family	COI-5P	656	1527	Braconidae	BGENL1049-24_r_1_s_100	Blacus pallipes	0
0	0	data/BGE00179_MGE-BGE_r1_1.3_1.5_s50_100.fasta	None	Braconidae	BLAST	family	COI-5P	656	1488	Braconidae	BGENL1049-24_r_1.3_s_50	Blacus pallipes	0
0	0	data/BGE00179_MGE-BGE_r1_1.3_1.5_s50_100.fasta	None	Braconidae	BLAST	family	COI-5P	656	1416	Braconidae	BGENL1049-24_r_1.3_s_100	Blacus pallipes	0
0	1	data/BGE00179_MGE-BGE_r1_1.3_1.5_s50_100.fasta	None	Braconidae	BLAST	family	COI-5P	497	1197	Braconidae,Diapriidae	BGENL1049-24_r_1.5_s_50	Blacus pallipes	0
0	0	data/BGE00179_MGE-BGE_r1_1.3_1.5_s50_100.fasta	None	Braconidae	BLAST	family	COI-5P	431	1131	Braconidae,Diapriidae	BGENL1049-24_r_1.5_s_100	Blacus pallipes	0
16	56	data/BGE00179_MGE-BGE_r1_1.3_1.5_s50_100.fasta	None	Braconidae	BLAST	family	COI-5P	560	1356	Cerambycidae,Curculionidae,Limnephilidae,Brachycentridae	BGENL1050-24_r_1_s_50	Blacus pallipes	0
16	46	data/BGE00179_MGE-BGE_r1_1.3_1.5_s50_100.fasta	None	Braconidae	BLAST	family	COI-5P	544	1269	Libellulidae,Teloganodidae,Nemouridae,Cerambycidae	BGENL1050-24_r_1_s_100	Blacus pallipes	0
12	26	data/BGE00179_MGE-BGE_r1_1.3_1.5_s50_100.fasta	None	Braconidae	BLAST	family	COI-5P	375	996	Hodotermitidae,Cerambycidae,Curculionidae,Limnephilidae,Brachycentridae	BGENL1050-24_r_1.3_s_50	Blacus pallipes	0
12	22	data/BGE00179_MGE-BGE_r1_1.3_1.5_s50_100.fasta	None	Braconidae	BLAST	family	COI-5P	173	699	Termitidae,Hodotermitidae,Asilidae	BGENL1050-24_r_1.3_s_100	Blacus pallipes	0
8	16	data/BGE00179_MGE-BGE_r1_1.3_1.5_s50_100.fasta	None	Braconidae	BLAST	family	COI-5P	82	345	Formicidae	BGENL1050-24_r_1.5_s_50	Blacus pallipes	0
8	8	data/BGE00179_MGE-BGE_r1_1.3_1.5_s50_100.fasta	None	Braconidae	BLAST	family	COI-5P	76	132		BGENL1050-24_r_1.5_s_100	Blacus pallipes	0
33	76	data/BGE00179_MGE-BGE_r1_1.3_1.5_s50_100.fasta	None	Braconidae	BLAST	family	COI-5P	655	1494	Braconidae	BGENL1051-24_r_1_s_50	Blacus pallipes	0
13	53	data/BGE00179_MGE-BGE_r1_1.3_1.5_s50_100.fasta	None	Braconidae	BLAST	family	COI-5P	655	1476	Braconidae,Prodoxidae	BGENL1051-24_r_1_s_100	Blacus pallipes	0
15	24	data/BGE00179_MGE-BGE_r1_1.3_1.5_s50_100.fasta	None	Braconidae	BLAST	family	COI-5P	625	1356	Braconidae	BGENL1051-24_r_1.3_s_50	Blacus pallipes	0
12	19	data/BGE00179_MGE-BGE_r1_1.3_1.5_s50_100.fasta	None	Braconidae	BLAST	family	COI-5P	625	1338	Braconidae	BGENL1051-24_r_1.3_s_100	Blacus pallipes	0
3	5	data/BGE00179_MGE-BGE_r1_1.3_1.5_s50_100.fasta	None	Braconidae	BLAST	family	COI-5P	440	1125	Braconidae	BGENL1051-24_r_1.5_s_50	Blacus pallipes	0
5	5	data/BGE00179_MGE-BGE_r1_1.3_1.5_s50_100.fasta	None	Braconidae	BLAST	family	COI-5P	404	1023	Syrphidae,Braconidae	BGENL1051-24_r_1.5_s_100	Blacus pallipes	0
0	0	data/BGE00179_MGE-BGE_r1_1.3_1.5_s50_100.fasta	None	Braconidae	BLAST	family	COI-5P	656	1527	Braconidae	BGENL1052-24_r_1_s_50	Blacus rufescens	0
0	0	data/BGE00179_MGE-BGE_r1_1.3_1.5_s50_100.fasta	None	Braconidae	BLAST	family	COI-5P	656	1527	Braconidae	BGENL1052-24_r_1_s_100	Blacus rufescens	0
0	0	data/BGE00179_MGE-BGE_r1_1.3_1.5_s50_100.fasta	None	Braconidae	BLAST	family	COI-5P	656	1512	Braconidae	BGENL1052-24_r_1.3_s_50	Blacus rufescens	0
0	0	data/BGE00179_MGE-BGE_r1_1.3_1.5_s50_100.fasta	None	Braconidae	BLAST	family	COI-5P	656	1512	Braconidae	BGENL1052-24_r_1.3_s_100	Blacus rufescens	0
1	2	data/BGE00179_MGE-BGE_r1_1.3_1.5_s50_100.fasta	None	Braconidae	BLAST	family	COI-5P	551	1296	Braconidae,Gasteruptiidae	BGENL1052-24_r_1.5_s_50	Blacus rufescens	0
0	0	data/BGE00179_MGE-BGE_r1_1.3_1.5_s50_100.fasta	None	Braconidae	BLAST	family	COI-5P	539	1224	Braconidae,Gasteruptiidae	BGENL1052-24_r_1.5_s_100	Blacus rufescens	0
0	0	data/BGE00179_MGE-BGE_r1_1.3_1.5_s50_100.fasta	None	Braconidae	BLAST	family	COI-5P	656	1527	Braconidae	BGENL1053-24_r_1_s_50	Blacus rufescens	0
0	0	data/BGE00179_MGE-BGE_r1_1.3_1.5_s50_100.fasta	None	Braconidae	BLAST	family	COI-5P	656	1527	Braconidae	BGENL1053-24_r_1_s_100	Blacus rufescens	0
0	0	data/BGE00179_MGE-BGE_r1_1.3_1.5_s50_100.fasta	None	Braconidae	BLAST	family	COI-5P	656	1518	Braconidae	BGENL1053-24_r_1.3_s_50	Blacus rufescens	0
0	0	data/BGE00179_MGE-BGE_r1_1.3_1.5_s50_100.fasta	None	Braconidae	BLAST	family	COI-5P	656	1518	Braconidae	BGENL1053-24_r_1.3_s_100	Blacus rufescens	0
0	0	data/BGE00179_MGE-BGE_r1_1.3_1.5_s50_100.fasta	None	Braconidae	BLAST	family	COI-5P	584	1362	Braconidae,Torymidae	BGENL1053-24_r_1.5_s_50	Blacus rufescens	0
0	0	data/BGE00179_MGE-BGE_r1_1.3_1.5_s50_100.fasta	None	Braconidae	BLAST	family	COI-5P	584	1296	Braconidae	BGENL1053-24_r_1.5_s_100	Blacus rufescens	0
0	0	data/BGE00179_MGE-BGE_r1_1.3_1.5_s50_100.fasta	None	Braconidae	BLAST	family	COI-5P	657	1533	Braconidae	BGENL1054-24_r_1_s_50	Blacus tripudians	0
0	0	data/BGE00179_MGE-BGE_r1_1.3_1.5_s50_100.fasta	None	Braconidae	BLAST	family	COI-5P	657	1533	Braconidae	BGENL1054-24_r_1_s_100	Blacus tripudians	0
0	0	data/BGE00179_MGE-BGE_r1_1.3_1.5_s50_100.fasta	None	Braconidae	BLAST	family	COI-5P	657	1533	Braconidae	BGENL1054-24_r_1.3_s_50	Blacus tripudians	0
0	0	data/BGE00179_MGE-BGE_r1_1.3_1.5_s50_100.fasta	None	Braconidae	BLAST	family	COI-5P	657	1533	Braconidae	BGENL1054-24_r_1.3_s_100	Blacus tripudians	0
0	0	data/BGE00179_MGE-BGE_r1_1.3_1.5_s50_100.fasta	None	Braconidae	BLAST	family	COI-5P	504	1278	Braconidae	BGENL1054-24_r_1.5_s_50	Blacus tripudians	0
0	0	data/BGE00179_MGE-BGE_r1_1.3_1.5_s50_100.fasta	None	Braconidae	BLAST	family	COI-5P	504	1221	Braconidae	BGENL1054-24_r_1.5_s_100	Blacus tripudians	0
0	0	data/BGE00179_MGE-BGE_r1_1.3_1.5_s50_100.fasta	None	Braconidae	BLAST	family	COI-5P	657	1533	Braconidae	BGENL1055-24_r_1_s_50	Blacus tripudians	0
0	0	data/BGE00179_MGE-BGE_r1_1.3_1.5_s50_100.fasta	None	Braconidae	BLAST	family	COI-5P	657	1533	Braconidae	BGENL1055-24_r_1_s_100	Blacus tripudians	0
0	0	data/BGE00179_MGE-BGE_r1_1.3_1.5_s50_100.fasta	None	Braconidae	BLAST	family	COI-5P	657	1533	Braconidae	BGENL1055-24_r_1.3_s_50	Blacus tripudians	0
0	0	data/BGE00179_MGE-BGE_r1_1.3_1.5_s50_100.fasta	None	Braconidae	BLAST	family	COI-5P	657	1533	Braconidae	BGENL1055-24_r_1.3_s_100	Blacus tripudians	0
0	0	data/BGE00179_MGE-BGE_r1_1.3_1.5_s50_100.fasta	None	Braconidae	BLAST	family	COI-5P	639	1413	Braconidae	BGENL1055-24_r_1.5_s_50	Blacus tripudians	0
0	0	data/BGE00179_MGE-BGE_r1_1.3_1.5_s50_100.fasta	None	Braconidae	BLAST	family	COI-5P	588	1305	Braconidae	BGENL1055-24_r_1.5_s_100	Blacus tripudians	0
10	25	data/BGE00179_MGE-BGE_r1_1.3_1.5_s50_100.fasta	None	Braconidae	BLAST	family	COI-5P	610	1363	Tettigoniidae,Acrididae,Curculionidae,Dermestidae,Bostrichidae,Ptinidae,Psychodidae,Vespidae,Tetracampidae	BGENL1056-24_r_1_s_50	Blacus tripudians	0
4	18	data/BGE00179_MGE-BGE_r1_1.3_1.5_s50_100.fasta	None	Braconidae	BLAST	family	COI-5P	480	1309	Acrididae,Curculionidae,Dermestidae,Bostrichidae,Ptinidae,Psychodidae,Vespidae,Tetracampidae	BGENL1056-24_r_1_s_100	Blacus tripudians	0
0	13	data/BGE00179_MGE-BGE_r1_1.3_1.5_s50_100.fasta	None	Braconidae	BLAST	family	COI-5P	119	633	Acrididae,Braconidae	BGENL1056-24_r_1.3_s_50	Blacus tripudians	0
0	10	data/BGE00179_MGE-BGE_r1_1.3_1.5_s50_100.fasta	None	Braconidae	BLAST	family	COI-5P	99	513	Acrididae,Braconidae	BGENL1056-24_r_1.3_s_100	Blacus tripudians	0
0	6	data/BGE00179_MGE-BGE_r1_1.3_1.5_s50_100.fasta	None	Braconidae	BLAST	family	COI-5P	119	564	Acrididae,Reduviidae,Scarabaeidae,Chrysomelidae,Tephritidae	BGENL1056-24_r_1.5_s_50	Blacus tripudians	0
0	6	data/BGE00179_MGE-BGE_r1_1.3_1.5_s50_100.fasta	None	Braconidae	BLAST	family	COI-5P	99	513	Acrididae,Reduviidae,Scarabaeidae,Chrysomelidae,Tephritidae	BGENL1056-24_r_1.5_s_100	Blacus tripudians	0
0	9	data/BGE00179_MGE-BGE_r1_1.3_1.5_s50_100.fasta	None	Braconidae	BLAST	family	COI-5P	237	1068		BGENL1057-24_r_1_s_50	Bracon arcuatus	0
1	11	data/BGE00179_MGE-BGE_r1_1.3_1.5_s50_100.fasta	None	Braconidae	BLAST	family	COI-5P	232	993		BGENL1057-24_r_1_s_100	Bracon arcuatus	0
1	8	data/BGE00179_MGE-BGE_r1_1.3_1.5_s50_100.fasta	None	Braconidae	BLAST	family	COI-5P	275	390		BGENL1057-24_r_1.3_s_50	Bracon arcuatus	0
1	8	data/BGE00179_MGE-BGE_r1_1.3_1.5_s50_100.fasta	None	Braconidae	BLAST	family	COI-5P	203	300		BGENL1057-24_r_1.3_s_100	Bracon arcuatus	0
0	0	data/BGE00179_MGE-BGE_r1_1.3_1.5_s50_100.fasta	None	Braconidae	BLAST	family	COI-5P	123	159		BGENL1057-24_r_1.5_s_50	Bracon arcuatus	0
0	0	data/BGE00179_MGE-BGE_r1_1.3_1.5_s50_100.fasta	None	Braconidae	BLAST	family	COI-5P	122	123		BGENL1057-24_r_1.5_s_100	Bracon arcuatus	0
0	17	data/BGE00179_MGE-BGE_r1_1.3_1.5_s50_100.fasta	None	Braconidae	BLAST	family	COI-5P	13	363		BGENL1058-24_r_1_s_50	Bracon arcuatus	0
0	1	data/BGE00179_MGE-BGE_r1_1.3_1.5_s50_100.fasta	None	Braconidae	BLAST	family	COI-5P	23	159		BGENL1058-24_r_1_s_100	Bracon arcuatus	0
0	0	data/BGE00179_MGE-BGE_r1_1.3_1.5_s50_100.fasta	None	Braconidae	BLAST	family	COI-5P	23	117		BGENL1058-24_r_1.3_s_50	Bracon arcuatus	0
0	0	data/BGE00179_MGE-BGE_r1_1.3_1.5_s50_100.fasta	None	Braconidae	BLAST	family	COI-5P	23	117		BGENL1058-24_r_1.3_s_100	Bracon arcuatus	0
None	0	data/BGE00179_MGE-BGE_r1_1.3_1.5_s50_100.fasta	Local BLAST failed for sequence ''	Braconidae	BLAST	family	COI-5P	None	0		BGENL1058-24_r_1.5_s_50	Bracon arcuatus	0
None	0	data/BGE00179_MGE-BGE_r1_1.3_1.5_s50_100.fasta	Local BLAST failed for sequence ''	Braconidae	BLAST	family	COI-5P	None	0		BGENL1058-24_r_1.5_s_100	Bracon arcuatus	0
0	0	data/BGE00179_MGE-BGE_r1_1.3_1.5_s50_100.fasta	None	Braconidae	BLAST	family	COI-5P	657	1533	Braconidae	BGENL1059-24_r_1_s_50	Habrobracon brevicornis	0
0	0	data/BGE00179_MGE-BGE_r1_1.3_1.5_s50_100.fasta	None	Braconidae	BLAST	family	COI-5P	657	1533	Braconidae	BGENL1059-24_r_1_s_100	Habrobracon brevicornis	0
0	0	data/BGE00179_MGE-BGE_r1_1.3_1.5_s50_100.fasta	None	Braconidae	BLAST	family	COI-5P	657	1533	Braconidae	BGENL1059-24_r_1.3_s_50	Habrobracon brevicornis	0
0	0	data/BGE00179_MGE-BGE_r1_1.3_1.5_s50_100.fasta	None	Braconidae	BLAST	family	COI-5P	657	1533	Braconidae	BGENL1059-24_r_1.3_s_100	Habrobracon brevicornis	0
0	0	data/BGE00179_MGE-BGE_r1_1.3_1.5_s50_100.fasta	None	Braconidae	BLAST	family	COI-5P	657	1533	Braconidae	BGENL1059-24_r_1.5_s_50	Habrobracon brevicornis	0
0	0	data/BGE00179_MGE-BGE_r1_1.3_1.5_s50_100.fasta	None	Braconidae	BLAST	family	COI-5P	657	1533	Braconidae	BGENL1059-24_r_1.5_s_100	Habrobracon brevicornis	0
0	0	data/BGE00179_MGE-BGE_r1_1.3_1.5_s50_100.fasta	None	Braconidae	BLAST	family	COI-5P	657	1533	Braconidae	BGENL1060-24_r_1_s_50	Habrobracon brevicornis	0
0	0	data/BGE00179_MGE-BGE_r1_1.3_1.5_s50_100.fasta	None	Braconidae	BLAST	family	COI-5P	657	1533	Braconidae	BGENL1060-24_r_1_s_100	Habrobracon brevicornis	0
0	0	data/BGE00179_MGE-BGE_r1_1.3_1.5_s50_100.fasta	None	Braconidae	BLAST	family	COI-5P	657	1533	Braconidae	BGENL1060-24_r_1.3_s_50	Habrobracon brevicornis	0
0	0	data/BGE00179_MGE-BGE_r1_1.3_1.5_s50_100.fasta	None	Braconidae	BLAST	family	COI-5P	657	1533	Braconidae	BGENL1060-24_r_1.3_s_100	Habrobracon brevicornis	0
0	0	data/BGE00179_MGE-BGE_r1_1.3_1.5_s50_100.fasta	None	Braconidae	BLAST	family	COI-5P	657	1533	Braconidae	BGENL1060-24_r_1.5_s_50	Habrobracon brevicornis	0
0	0	data/BGE00179_MGE-BGE_r1_1.3_1.5_s50_100.fasta	None	Braconidae	BLAST	family	COI-5P	657	1533	Braconidae	BGENL1060-24_r_1.5_s_100	Habrobracon brevicornis	0
11	43	data/BGE00179_MGE-BGE_r1_1.3_1.5_s50_100.fasta	None	Braconidae	BLAST	family	COI-5P	657	1533	Braconidae	BGENL1061-24_r_1_s_50	Habrobracon brevicornis	0
4	6	data/BGE00179_MGE-BGE_r1_1.3_1.5_s50_100.fasta	None	Braconidae	BLAST	family	COI-5P	657	1533	Braconidae	BGENL1061-24_r_1_s_100	Habrobracon brevicornis	0
3	3	data/BGE00179_MGE-BGE_r1_1.3_1.5_s50_100.fasta	None	Braconidae	BLAST	family	COI-5P	657	1533	Braconidae	BGENL1061-24_r_1.3_s_50	Habrobracon brevicornis	0
0	0	data/BGE00179_MGE-BGE_r1_1.3_1.5_s50_100.fasta	None	Braconidae	BLAST	family	COI-5P	657	1533	Braconidae	BGENL1061-24_r_1.3_s_100	Habrobracon brevicornis	0
4	4	data/BGE00179_MGE-BGE_r1_1.3_1.5_s50_100.fasta	None	Braconidae	BLAST	family	COI-5P	657	1533	Braconidae	BGENL1061-24_r_1.5_s_50	Habrobracon brevicornis	0
0	0	data/BGE00179_MGE-BGE_r1_1.3_1.5_s50_100.fasta	None	Braconidae	BLAST	family	COI-5P	657	1533	Braconidae	BGENL1061-24_r_1.5_s_100	Habrobracon brevicornis	0
0	0	data/BGE00179_MGE-BGE_r1_1.3_1.5_s50_100.fasta	None	Braconidae	BLAST	family	COI-5P	657	1533	Braconidae	BGENL1062-24_r_1_s_50	Habrobracon hebetor	0
0	0	data/BGE00179_MGE-BGE_r1_1.3_1.5_s50_100.fasta	None	Braconidae	BLAST	family	COI-5P	657	1533	Braconidae	BGENL1062-24_r_1_s_100	Habrobracon hebetor	0
0	0	data/BGE00179_MGE-BGE_r1_1.3_1.5_s50_100.fasta	None	Braconidae	BLAST	family	COI-5P	657	1533	Braconidae	BGENL1062-24_r_1.3_s_50	Habrobracon hebetor	0
0	0	data/BGE00179_MGE-BGE_r1_1.3_1.5_s50_100.fasta	None	Braconidae	BLAST	family	COI-5P	657	1533	Braconidae	BGENL1062-24_r_1.3_s_100	Habrobracon hebetor	0
0	0	data/BGE00179_MGE-BGE_r1_1.3_1.5_s50_100.fasta	None	Braconidae	BLAST	family	COI-5P	657	1533	Braconidae	BGENL1062-24_r_1.5_s_50	Habrobracon hebetor	0
0	0	data/BGE00179_MGE-BGE_r1_1.3_1.5_s50_100.fasta	None	Braconidae	BLAST	family	COI-5P	657	1533	Braconidae	BGENL1062-24_r_1.5_s_100	Habrobracon hebetor	0
0	5	data/BGE00179_MGE-BGE_r1_1.3_1.5_s50_100.fasta	None	Braconidae	BLAST	family	COI-5P	657	1533	Braconidae	BGENL1063-24_r_1_s_50	Habrobracon hebetor	0
0	0	data/BGE00179_MGE-BGE_r1_1.3_1.5_s50_100.fasta	None	Braconidae	BLAST	family	COI-5P	657	1533	Braconidae	BGENL1063-24_r_1_s_100	Habrobracon hebetor	0
0	0	data/BGE00179_MGE-BGE_r1_1.3_1.5_s50_100.fasta	None	Braconidae	BLAST	family	COI-5P	657	1533	Braconidae	BGENL1063-24_r_1.3_s_50	Habrobracon hebetor	0
0	0	data/BGE00179_MGE-BGE_r1_1.3_1.5_s50_100.fasta	None	Braconidae	BLAST	family	COI-5P	657	1533	Braconidae	BGENL1063-24_r_1.3_s_100	Habrobracon hebetor	0
0	0	data/BGE00179_MGE-BGE_r1_1.3_1.5_s50_100.fasta	None	Braconidae	BLAST	family	COI-5P	657	1533	Braconidae	BGENL1063-24_r_1.5_s_50	Habrobracon hebetor	0
0	0	data/BGE00179_MGE-BGE_r1_1.3_1.5_s50_100.fasta	None	Braconidae	BLAST	family	COI-5P	657	1533	Braconidae	BGENL1063-24_r_1.5_s_100	Habrobracon hebetor	0
0	0	data/BGE00179_MGE-BGE_r1_1.3_1.5_s50_100.fasta	None	Braconidae	BLAST	family	COI-5P	657	1533	Braconidae	BGENL1064-24_r_1_s_50	Habrobracon hebetor	0
0	0	data/BGE00179_MGE-BGE_r1_1.3_1.5_s50_100.fasta	None	Braconidae	BLAST	family	COI-5P	657	1533	Braconidae	BGENL1064-24_r_1_s_100	Habrobracon hebetor	0
0	0	data/BGE00179_MGE-BGE_r1_1.3_1.5_s50_100.fasta	None	Braconidae	BLAST	family	COI-5P	657	1533	Braconidae	BGENL1064-24_r_1.3_s_50	Habrobracon hebetor	0
0	0	data/BGE00179_MGE-BGE_r1_1.3_1.5_s50_100.fasta	None	Braconidae	BLAST	family	COI-5P	657	1533	Braconidae	BGENL1064-24_r_1.3_s_100	Habrobracon hebetor	0
0	0	data/BGE00179_MGE-BGE_r1_1.3_1.5_s50_100.fasta	None	Braconidae	BLAST	family	COI-5P	657	1533	Braconidae	BGENL1064-24_r_1.5_s_50	Habrobracon hebetor	0
0	0	data/BGE00179_MGE-BGE_r1_1.3_1.5_s50_100.fasta	None	Braconidae	BLAST	family	COI-5P	657	1533	Braconidae	BGENL1064-24_r_1.5_s_100	Habrobracon hebetor	0
4	4	data/BGE00179_MGE-BGE_r1_1.3_1.5_s50_100.fasta	None	Braconidae	BLAST	family	COI-5P	657	1536	Braconidae	BGENL1065-24_r_1_s_50	Bracon caudiger	0
0	0	data/BGE00179_MGE-BGE_r1_1.3_1.5_s50_100.fasta	None	Braconidae	BLAST	family	COI-5P	657	1536	Braconidae	BGENL1065-24_r_1_s_100	Bracon caudiger	0
0	0	data/BGE00179_MGE-BGE_r1_1.3_1.5_s50_100.fasta	None	Braconidae	BLAST	family	COI-5P	657	1536	Braconidae	BGENL1065-24_r_1.3_s_50	Bracon caudiger	0
0	0	data/BGE00179_MGE-BGE_r1_1.3_1.5_s50_100.fasta	None	Braconidae	BLAST	family	COI-5P	657	1536	Braconidae	BGENL1065-24_r_1.3_s_100	Bracon caudiger	0
0	0	data/BGE00179_MGE-BGE_r1_1.3_1.5_s50_100.fasta	None	Braconidae	BLAST	family	COI-5P	657	1503	Braconidae	BGENL1065-24_r_1.5_s_50	Bracon caudiger	0
0	0	data/BGE00179_MGE-BGE_r1_1.3_1.5_s50_100.fasta	None	Braconidae	BLAST	family	COI-5P	657	1503	Braconidae	BGENL1065-24_r_1.5_s_100	Bracon caudiger	0
0	0	data/BGE00179_MGE-BGE_r1_1.3_1.5_s50_100.fasta	None	Braconidae	BLAST	family	COI-5P	657	1536	Braconidae	BGENL1066-24_r_1_s_50	Bracon caudiger	0
0	0	data/BGE00179_MGE-BGE_r1_1.3_1.5_s50_100.fasta	None	Braconidae	BLAST	family	COI-5P	657	1536	Braconidae	BGENL1066-24_r_1_s_100	Bracon caudiger	0
0	0	data/BGE00179_MGE-BGE_r1_1.3_1.5_s50_100.fasta	None	Braconidae	BLAST	family	COI-5P	657	1536	Braconidae	BGENL1066-24_r_1.3_s_50	Bracon caudiger	0
0	0	data/BGE00179_MGE-BGE_r1_1.3_1.5_s50_100.fasta	None	Braconidae	BLAST	family	COI-5P	657	1536	Braconidae	BGENL1066-24_r_1.3_s_100	Bracon caudiger	0
0	0	data/BGE00179_MGE-BGE_r1_1.3_1.5_s50_100.fasta	None	Braconidae	BLAST	family	COI-5P	657	1494	Braconidae	BGENL1066-24_r_1.5_s_50	Bracon caudiger	0
0	0	data/BGE00179_MGE-BGE_r1_1.3_1.5_s50_100.fasta	None	Braconidae	BLAST	family	COI-5P	657	1476	Braconidae	BGENL1066-24_r_1.5_s_100	Bracon caudiger	0
0	0	data/BGE00179_MGE-BGE_r1_1.3_1.5_s50_100.fasta	None	Braconidae	BLAST	family	COI-5P	655	1536	Braconidae	BGENL1067-24_r_1_s_50	Bracon caudiger	0
0	0	data/BGE00179_MGE-BGE_r1_1.3_1.5_s50_100.fasta	None	Braconidae	BLAST	family	COI-5P	655	1536	Braconidae	BGENL1067-24_r_1_s_100	Bracon caudiger	0
0	0	data/BGE00179_MGE-BGE_r1_1.3_1.5_s50_100.fasta	None	Braconidae	BLAST	family	COI-5P	655	1536	Braconidae	BGENL1067-24_r_1.3_s_50	Bracon caudiger	0
0	0	data/BGE00179_MGE-BGE_r1_1.3_1.5_s50_100.fasta	None	Braconidae	BLAST	family	COI-5P	655	1536	Braconidae	BGENL1067-24_r_1.3_s_100	Bracon caudiger	0
0	0	data/BGE00179_MGE-BGE_r1_1.3_1.5_s50_100.fasta	None	Braconidae	BLAST	family	COI-5P	655	1488	Braconidae	BGENL1067-24_r_1.5_s_50	Bracon caudiger	0
0	0	data/BGE00179_MGE-BGE_r1_1.3_1.5_s50_100.fasta	None	Braconidae	BLAST	family	COI-5P	655	1488	Braconidae	BGENL1067-24_r_1.5_s_100	Bracon caudiger	0
5	43	data/BGE00179_MGE-BGE_r1_1.3_1.5_s50_100.fasta	None	Braconidae	BLAST	family	COI-5P	576	1383	Muscidae,Braconidae	BGENL1068-24_r_1_s_50	Bracon colpophorus	0
1	25	data/BGE00179_MGE-BGE_r1_1.3_1.5_s50_100.fasta	None	Braconidae	BLAST	family	COI-5P	380	1158	Chironomidae,Muscidae,Tachinidae,Braconidae	BGENL1068-24_r_1_s_100	Bracon colpophorus	0
0	26	data/BGE00179_MGE-BGE_r1_1.3_1.5_s50_100.fasta	None	Braconidae	BLAST	family	COI-5P	129	774	Tabanidae,Braconidae	BGENL1068-24_r_1.3_s_50	Bracon colpophorus	0
0	21	data/BGE00179_MGE-BGE_r1_1.3_1.5_s50_100.fasta	None	Braconidae	BLAST	family	COI-5P	79	591	Tabanidae,Braconidae	BGENL1068-24_r_1.3_s_100	Bracon colpophorus	0
0	0	data/BGE00179_MGE-BGE_r1_1.3_1.5_s50_100.fasta	None	Braconidae	BLAST	family	COI-5P	48	465	Curculionidae	BGENL1068-24_r_1.5_s_50	Bracon colpophorus	0
0	12	data/BGE00179_MGE-BGE_r1_1.3_1.5_s50_100.fasta	None	Braconidae	BLAST	family	COI-5P	12	369	Curculionidae	BGENL1068-24_r_1.5_s_100	Bracon colpophorus	0
5	12	data/BGE00179_MGE-BGE_r1_1.3_1.5_s50_100.fasta	None	Braconidae	BLAST	family	COI-5P	627	1239	Braconidae	BGENL1069-24_r_1_s_50	Bracon delibator	0
1	3	data/BGE00179_MGE-BGE_r1_1.3_1.5_s50_100.fasta	None	Braconidae	BLAST	family	COI-5P	543	1131	Braconidae	BGENL1069-24_r_1_s_100	Bracon delibator	0
0	0	data/BGE00179_MGE-BGE_r1_1.3_1.5_s50_100.fasta	None	Braconidae	BLAST	family	COI-5P	148	372	Braconidae	BGENL1069-24_r_1.3_s_50	Bracon delibator	0
0	0	data/BGE00179_MGE-BGE_r1_1.3_1.5_s50_100.fasta	None	Braconidae	BLAST	family	COI-5P	148	333	Braconidae	BGENL1069-24_r_1.3_s_100	Bracon delibator	0
0	0	data/BGE00179_MGE-BGE_r1_1.3_1.5_s50_100.fasta	None	Braconidae	BLAST	family	COI-5P	148	333	Braconidae	BGENL1069-24_r_1.5_s_50	Bracon delibator	0
0	0	data/BGE00179_MGE-BGE_r1_1.3_1.5_s50_100.fasta	None	Braconidae	BLAST	family	COI-5P	148	333	Braconidae	BGENL1069-24_r_1.5_s_100	Bracon delibator	0
0	3	data/BGE00179_MGE-BGE_r1_1.3_1.5_s50_100.fasta	None	Braconidae	BLAST	family	COI-5P	121	444	Apidae,Halictidae	BGENL1070-24_r_1_s_50	Bracon delibator	0
0	3	data/BGE00179_MGE-BGE_r1_1.3_1.5_s50_100.fasta	None	Braconidae	BLAST	family	COI-5P	87	306	Apidae,Halictidae	BGENL1070-24_r_1_s_100	Bracon delibator	0
0	0	data/BGE00179_MGE-BGE_r1_1.3_1.5_s50_100.fasta	None	Braconidae	BLAST	family	COI-5P	143	231	Apidae	BGENL1070-24_r_1.3_s_50	Bracon delibator	0
0	0	data/BGE00179_MGE-BGE_r1_1.3_1.5_s50_100.fasta	None	Braconidae	BLAST	family	COI-5P	104	201	Apidae	BGENL1070-24_r_1.3_s_100	Bracon delibator	0
0	0	data/BGE00179_MGE-BGE_r1_1.3_1.5_s50_100.fasta	None	Braconidae	BLAST	family	COI-5P	143	231	Apidae	BGENL1070-24_r_1.5_s_50	Bracon delibator	0
0	0	data/BGE00179_MGE-BGE_r1_1.3_1.5_s50_100.fasta	None	Braconidae	BLAST	family	COI-5P	104	201	Apidae	BGENL1070-24_r_1.5_s_100	Bracon delibator	0
16	49	data/BGE00179_MGE-BGE_r1_1.3_1.5_s50_100.fasta	None	Braconidae	BLAST	family	COI-5P	654	1527	Braconidae	BGENL1071-24_r_1_s_50	Bracon delibator	0
7	18	data/BGE00179_MGE-BGE_r1_1.3_1.5_s50_100.fasta	None	Braconidae	BLAST	family	COI-5P	654	1527	Braconidae	BGENL1071-24_r_1_s_100	Bracon delibator	0
7	7	data/BGE00179_MGE-BGE_r1_1.3_1.5_s50_100.fasta	None	Braconidae	BLAST	family	COI-5P	655	1512	Braconidae	BGENL1071-24_r_1.3_s_50	Bracon delibator	0
0	0	data/BGE00179_MGE-BGE_r1_1.3_1.5_s50_100.fasta	None	Braconidae	BLAST	family	COI-5P	655	1512	Braconidae	BGENL1071-24_r_1.3_s_100	Bracon delibator	0
0	0	data/BGE00179_MGE-BGE_r1_1.3_1.5_s50_100.fasta	None	Braconidae	BLAST	family	COI-5P	568	1389	Braconidae	BGENL1071-24_r_1.5_s_50	Bracon delibator	0
0	0	data/BGE00179_MGE-BGE_r1_1.3_1.5_s50_100.fasta	None	Braconidae	BLAST	family	COI-5P	568	1389	Braconidae	BGENL1071-24_r_1.5_s_100	Bracon delibator	0
2	6	data/BGE00179_MGE-BGE_r1_1.3_1.5_s50_100.fasta	None	Braconidae	BLAST	family	COI-5P	234	1053	Curculionidae,Dermestidae,Bostrichidae,Psychodidae,Vespidae,Tetracampidae	BGENL1072-24_r_1_s_50	Bracon discoideus	0
1	2	data/BGE00179_MGE-BGE_r1_1.3_1.5_s50_100.fasta	None	Braconidae	BLAST	family	COI-5P	328	891	Curculionidae,Dermestidae,Bostrichidae,Psychodidae,Vespidae,Tetracampidae	BGENL1072-24_r_1_s_100	Bracon discoideus	0
0	0	data/BGE00179_MGE-BGE_r1_1.3_1.5_s50_100.fasta	None	Braconidae	BLAST	family	COI-5P	122	525		BGENL1072-24_r_1.3_s_50	Bracon discoideus	0
0	2	data/BGE00179_MGE-BGE_r1_1.3_1.5_s50_100.fasta	None	Braconidae	BLAST	family	COI-5P	109	381		BGENL1072-24_r_1.3_s_100	Bracon discoideus	0
0	0	data/BGE00179_MGE-BGE_r1_1.3_1.5_s50_100.fasta	None	Braconidae	BLAST	family	COI-5P	32	165		BGENL1072-24_r_1.5_s_50	Bracon discoideus	0
0	0	data/BGE00179_MGE-BGE_r1_1.3_1.5_s50_100.fasta	None	Braconidae	BLAST	family	COI-5P	32	165		BGENL1072-24_r_1.5_s_100	Bracon discoideus	0
0	1	data/BGE00179_MGE-BGE_r1_1.3_1.5_s50_100.fasta	None	Braconidae	BLAST	family	COI-5P	655	1536	Braconidae	BGENL1073-24_r_1_s_50	Bracon epitriptus	0
0	0	data/BGE00179_MGE-BGE_r1_1.3_1.5_s50_100.fasta	None	Braconidae	BLAST	family	COI-5P	655	1527	Braconidae	BGENL1073-24_r_1_s_100	Bracon epitriptus	0
0	0	data/BGE00179_MGE-BGE_r1_1.3_1.5_s50_100.fasta	None	Braconidae	BLAST	family	COI-5P	655	1527	Braconidae	BGENL1073-24_r_1.3_s_50	Bracon epitriptus	0
0	0	data/BGE00179_MGE-BGE_r1_1.3_1.5_s50_100.fasta	None	Braconidae	BLAST	family	COI-5P	655	1527	Braconidae	BGENL1073-24_r_1.3_s_100	Bracon epitriptus	0
0	0	data/BGE00179_MGE-BGE_r1_1.3_1.5_s50_100.fasta	None	Braconidae	BLAST	family	COI-5P	655	1506	Braconidae	BGENL1073-24_r_1.5_s_50	Bracon epitriptus	0
0	0	data/BGE00179_MGE-BGE_r1_1.3_1.5_s50_100.fasta	None	Braconidae	BLAST	family	COI-5P	655	1476	Braconidae	BGENL1073-24_r_1.5_s_100	Bracon epitriptus	0
0	0	data/BGE00179_MGE-BGE_r1_1.3_1.5_s50_100.fasta	None	Braconidae	BLAST	family	COI-5P	657	1533	Braconidae	BGENL1074-24_r_1_s_50	Bracon epitriptus	0
0	0	data/BGE00179_MGE-BGE_r1_1.3_1.5_s50_100.fasta	None	Braconidae	BLAST	family	COI-5P	657	1527	Braconidae	BGENL1074-24_r_1_s_100	Bracon epitriptus	0
0	0	data/BGE00179_MGE-BGE_r1_1.3_1.5_s50_100.fasta	None	Braconidae	BLAST	family	COI-5P	657	1527	Braconidae	BGENL1074-24_r_1.3_s_50	Bracon epitriptus	0
0	0	data/BGE00179_MGE-BGE_r1_1.3_1.5_s50_100.fasta	None	Braconidae	BLAST	family	COI-5P	657	1527	Braconidae	BGENL1074-24_r_1.3_s_100	Bracon epitriptus	0
1	2	data/BGE00179_MGE-BGE_r1_1.3_1.5_s50_100.fasta	None	Braconidae	BLAST	family	COI-5P	636	1497	Braconidae	BGENL1074-24_r_1.5_s_50	Bracon epitriptus	0
0	0	data/BGE00179_MGE-BGE_r1_1.3_1.5_s50_100.fasta	None	Braconidae	BLAST	family	COI-5P	633	1470	Braconidae	BGENL1074-24_r_1.5_s_100	Bracon epitriptus	0
1	1	data/BGE00179_MGE-BGE_r1_1.3_1.5_s50_100.fasta	None	Braconidae	BLAST	family	COI-5P	655	1512	Braconidae	BGENL1075-24_r_1_s_50	Bracon epitriptus	0
0	0	data/BGE00179_MGE-BGE_r1_1.3_1.5_s50_100.fasta	None	Braconidae	BLAST	family	COI-5P	655	1512	Braconidae	BGENL1075-24_r_1_s_100	Bracon epitriptus	0
0	0	data/BGE00179_MGE-BGE_r1_1.3_1.5_s50_100.fasta	None	Braconidae	BLAST	family	COI-5P	655	1512	Braconidae	BGENL1075-24_r_1.3_s_50	Bracon epitriptus	0
0	0	data/BGE00179_MGE-BGE_r1_1.3_1.5_s50_100.fasta	None	Braconidae	BLAST	family	COI-5P	655	1512	Braconidae	BGENL1075-24_r_1.3_s_100	Bracon epitriptus	0
0	0	data/BGE00179_MGE-BGE_r1_1.3_1.5_s50_100.fasta	None	Braconidae	BLAST	family	COI-5P	655	1455	Braconidae	BGENL1075-24_r_1.5_s_50	Bracon epitriptus	0
0	0	data/BGE00179_MGE-BGE_r1_1.3_1.5_s50_100.fasta	None	Braconidae	BLAST	family	COI-5P	655	1455	Braconidae	BGENL1075-24_r_1.5_s_100	Bracon epitriptus	0
0	0	data/BGE00179_MGE-BGE_r1_1.3_1.5_s50_100.fasta	None	Braconidae	BLAST	family	COI-5P	655	1533	Braconidae	BGENL1076-24_r_1_s_50	Bracon erraticus	0
0	0	data/BGE00179_MGE-BGE_r1_1.3_1.5_s50_100.fasta	None	Braconidae	BLAST	family	COI-5P	655	1527	Braconidae	BGENL1076-24_r_1_s_100	Bracon erraticus	0
0	0	data/BGE00179_MGE-BGE_r1_1.3_1.5_s50_100.fasta	None	Braconidae	BLAST	family	COI-5P	655	1533	Braconidae	BGENL1076-24_r_1.3_s_50	Bracon erraticus	0
0	0	data/BGE00179_MGE-BGE_r1_1.3_1.5_s50_100.fasta	None	Braconidae	BLAST	family	COI-5P	655	1527	Braconidae	BGENL1076-24_r_1.3_s_100	Bracon erraticus	0
0	0	data/BGE00179_MGE-BGE_r1_1.3_1.5_s50_100.fasta	None	Braconidae	BLAST	family	COI-5P	655	1524	Braconidae	BGENL1076-24_r_1.5_s_50	Bracon erraticus	0
0	0	data/BGE00179_MGE-BGE_r1_1.3_1.5_s50_100.fasta	None	Braconidae	BLAST	family	COI-5P	655	1506	Braconidae	BGENL1076-24_r_1.5_s_100	Bracon erraticus	0
0	0	data/BGE00179_MGE-BGE_r1_1.3_1.5_s50_100.fasta	None	Braconidae	BLAST	family	COI-5P	655	1527	Braconidae	BGENL1077-24_r_1_s_50	Bracon erraticus	0
0	0	data/BGE00179_MGE-BGE_r1_1.3_1.5_s50_100.fasta	None	Braconidae	BLAST	family	COI-5P	655	1527	Braconidae	BGENL1077-24_r_1_s_100	Bracon erraticus	0
0	0	data/BGE00179_MGE-BGE_r1_1.3_1.5_s50_100.fasta	None	Braconidae	BLAST	family	COI-5P	655	1527	Braconidae	BGENL1077-24_r_1.3_s_50	Bracon erraticus	0
0	0	data/BGE00179_MGE-BGE_r1_1.3_1.5_s50_100.fasta	None	Braconidae	BLAST	family	COI-5P	655	1527	Braconidae	BGENL1077-24_r_1.3_s_100	Bracon erraticus	0
0	0	data/BGE00179_MGE-BGE_r1_1.3_1.5_s50_100.fasta	None	Braconidae	BLAST	family	COI-5P	655	1512	Braconidae	BGENL1077-24_r_1.5_s_50	Bracon erraticus	0
0	0	data/BGE00179_MGE-BGE_r1_1.3_1.5_s50_100.fasta	None	Braconidae	BLAST	family	COI-5P	655	1512	Braconidae	BGENL1077-24_r_1.5_s_100	Bracon erraticus	0
0	1	data/BGE00179_MGE-BGE_r1_1.3_1.5_s50_100.fasta	None	Braconidae	BLAST	family	COI-5P	630	1464	Braconidae	BGENL1078-24_r_1_s_50	Bracon erraticus	0
0	0	data/BGE00179_MGE-BGE_r1_1.3_1.5_s50_100.fasta	None	Braconidae	BLAST	family	COI-5P	608	1419	Braconidae	BGENL1078-24_r_1_s_100	Bracon erraticus	0
5	10	data/BGE00179_MGE-BGE_r1_1.3_1.5_s50_100.fasta	None	Braconidae	BLAST	family	COI-5P	573	1356	Braconidae	BGENL1078-24_r_1.3_s_50	Bracon erraticus	0
4	12	data/BGE00179_MGE-BGE_r1_1.3_1.5_s50_100.fasta	None	Braconidae	BLAST	family	COI-5P	373	1092	Braconidae	BGENL1078-24_r_1.3_s_100	Bracon erraticus	0
7	16	data/BGE00179_MGE-BGE_r1_1.3_1.5_s50_100.fasta	None	Braconidae	BLAST	family	COI-5P	367	990	Braconidae	BGENL1078-24_r_1.5_s_50	Bracon erraticus	0
7	7	data/BGE00179_MGE-BGE_r1_1.3_1.5_s50_100.fasta	None	Braconidae	BLAST	family	COI-5P	290	867	Braconidae	BGENL1078-24_r_1.5_s_100	Bracon erraticus	0
0	1	data/BGE00179_MGE-BGE_r1_1.3_1.5_s50_100.fasta	None	Braconidae	BLAST	family	COI-5P	655	1533	Braconidae	BGENL1079-24_r_1_s_50	Bracon exhilarator	0
0	0	data/BGE00179_MGE-BGE_r1_1.3_1.5_s50_100.fasta	None	Braconidae	BLAST	family	COI-5P	655	1527	Braconidae	BGENL1079-24_r_1_s_100	Bracon exhilarator	0
0	1	data/BGE00179_MGE-BGE_r1_1.3_1.5_s50_100.fasta	None	Braconidae	BLAST	family	COI-5P	655	1533	Braconidae	BGENL1079-24_r_1.3_s_50	Bracon exhilarator	0
0	0	data/BGE00179_MGE-BGE_r1_1.3_1.5_s50_100.fasta	None	Braconidae	BLAST	family	COI-5P	655	1527	Braconidae	BGENL1079-24_r_1.3_s_100	Bracon exhilarator	0
0	1	data/BGE00179_MGE-BGE_r1_1.3_1.5_s50_100.fasta	None	Braconidae	BLAST	family	COI-5P	655	1530	Braconidae	BGENL1079-24_r_1.5_s_50	Bracon exhilarator	0
0	0	data/BGE00179_MGE-BGE_r1_1.3_1.5_s50_100.fasta	None	Braconidae	BLAST	family	COI-5P	655	1488	Braconidae	BGENL1079-24_r_1.5_s_100	Bracon exhilarator	0
19	42	data/BGE00179_MGE-BGE_r1_1.3_1.5_s50_100.fasta	None	Braconidae	BLAST	family	COI-5P	656	1518	Braconidae	BGENL1080-24_r_1_s_50	Bracon exhilarator	0
7	18	data/BGE00179_MGE-BGE_r1_1.3_1.5_s50_100.fasta	None	Braconidae	BLAST	family	COI-5P	656	1500	Braconidae	BGENL1080-24_r_1_s_100	Bracon exhilarator	0
1	5	data/BGE00179_MGE-BGE_r1_1.3_1.5_s50_100.fasta	None	Braconidae	BLAST	family	COI-5P	657	1500	Braconidae	BGENL1080-24_r_1.3_s_50	Bracon exhilarator	0
1	1	data/BGE00179_MGE-BGE_r1_1.3_1.5_s50_100.fasta	None	Braconidae	BLAST	family	COI-5P	657	1500	Braconidae	BGENL1080-24_r_1.3_s_100	Bracon exhilarator	0
0	0	data/BGE00179_MGE-BGE_r1_1.3_1.5_s50_100.fasta	None	Braconidae	BLAST	family	COI-5P	504	1299	Braconidae	BGENL1080-24_r_1.5_s_50	Bracon exhilarator	0
0	0	data/BGE00179_MGE-BGE_r1_1.3_1.5_s50_100.fasta	None	Braconidae	BLAST	family	COI-5P	504	1299	Braconidae	BGENL1080-24_r_1.5_s_100	Bracon exhilarator	0
0	0	data/BGE00179_MGE-BGE_r1_1.3_1.5_s50_100.fasta	None	Braconidae	BLAST	family	COI-5P	655	1527	Braconidae	BGENL1081-24_r_1_s_50	Bracon exhilarator	0
0	0	data/BGE00179_MGE-BGE_r1_1.3_1.5_s50_100.fasta	None	Braconidae	BLAST	family	COI-5P	655	1527	Braconidae	BGENL1081-24_r_1_s_100	Bracon exhilarator	0
0	0	data/BGE00179_MGE-BGE_r1_1.3_1.5_s50_100.fasta	None	Braconidae	BLAST	family	COI-5P	655	1527	Braconidae	BGENL1081-24_r_1.3_s_50	Bracon exhilarator	0
0	0	data/BGE00179_MGE-BGE_r1_1.3_1.5_s50_100.fasta	None	Braconidae	BLAST	family	COI-5P	655	1512	Braconidae	BGENL1081-24_r_1.3_s_100	Bracon exhilarator	0
0	0	data/BGE00179_MGE-BGE_r1_1.3_1.5_s50_100.fasta	None	Braconidae	BLAST	family	COI-5P	655	1476	Braconidae	BGENL1081-24_r_1.5_s_50	Bracon exhilarator	0
0	0	data/BGE00179_MGE-BGE_r1_1.3_1.5_s50_100.fasta	None	Braconidae	BLAST	family	COI-5P	655	1476	Braconidae	BGENL1081-24_r_1.5_s_100	Bracon exhilarator	0
26	73	data/BGE00179_MGE-BGE_r1_1.3_1.5_s50_100.fasta	None	Braconidae	BLAST	family	COI-5P	416	1200	Braconidae	BGENL1082-24_r_1_s_50	Bracon guttiger	0
0	35	data/BGE00179_MGE-BGE_r1_1.3_1.5_s50_100.fasta	None	Braconidae	BLAST	family	COI-5P	314	1005	Braconidae	BGENL1082-24_r_1_s_100	Bracon guttiger	0
0	29	data/BGE00179_MGE-BGE_r1_1.3_1.5_s50_100.fasta	None	Braconidae	BLAST	family	COI-5P	415	1017	Braconidae,Eupelmidae,Agaonidae	BGENL1082-24_r_1.3_s_50	Bracon guttiger	0
0	0	data/BGE00179_MGE-BGE_r1_1.3_1.5_s50_100.fasta	None	Braconidae	BLAST	family	COI-5P	319	852	Braconidae	BGENL1082-24_r_1.3_s_100	Bracon guttiger	0
0	0	data/BGE00179_MGE-BGE_r1_1.3_1.5_s50_100.fasta	None	Braconidae	BLAST	family	COI-5P	479	564	Braconidae	BGENL1082-24_r_1.5_s_50	Bracon guttiger	0
0	0	data/BGE00179_MGE-BGE_r1_1.3_1.5_s50_100.fasta	None	Braconidae	BLAST	family	COI-5P	355	360	Braconidae,Eupelmidae,Agaonidae,Eucharitidae,Psychomyiidae	BGENL1082-24_r_1.5_s_100	Bracon guttiger	3
0	0	data/BGE00179_MGE-BGE_r1_1.3_1.5_s50_100.fasta	None	Braconidae	BLAST	family	COI-5P	656	1527	Braconidae	BGENL1083-24_r_1_s_50	Bracon minutator	0
0	0	data/BGE00179_MGE-BGE_r1_1.3_1.5_s50_100.fasta	None	Braconidae	BLAST	family	COI-5P	656	1527	Braconidae	BGENL1083-24_r_1_s_100	Bracon minutator	0
0	0	data/BGE00179_MGE-BGE_r1_1.3_1.5_s50_100.fasta	None	Braconidae	BLAST	family	COI-5P	656	1509	Braconidae	BGENL1083-24_r_1.3_s_50	Bracon minutator	0
0	0	data/BGE00179_MGE-BGE_r1_1.3_1.5_s50_100.fasta	None	Braconidae	BLAST	family	COI-5P	656	1509	Braconidae	BGENL1083-24_r_1.3_s_100	Bracon minutator	0
0	0	data/BGE00179_MGE-BGE_r1_1.3_1.5_s50_100.fasta	None	Braconidae	BLAST	family	COI-5P	656	1434	Braconidae	BGENL1083-24_r_1.5_s_50	Bracon minutator	0
0	0	data/BGE00179_MGE-BGE_r1_1.3_1.5_s50_100.fasta	None	Braconidae	BLAST	family	COI-5P	656	1434	Braconidae	BGENL1083-24_r_1.5_s_100	Bracon minutator	0
2	24	data/BGE00179_MGE-BGE_r1_1.3_1.5_s50_100.fasta	None	Braconidae	BLAST	family	COI-5P	655	1527	Braconidae	BGENL1084-24_r_1_s_50	Bracon minutator	0
0	23	data/BGE00179_MGE-BGE_r1_1.3_1.5_s50_100.fasta	None	Braconidae	BLAST	family	COI-5P	656	1521	Braconidae	BGENL1084-24_r_1_s_100	Bracon minutator	0
0	0	data/BGE00179_MGE-BGE_r1_1.3_1.5_s50_100.fasta	None	Braconidae	BLAST	family	COI-5P	656	1470	Braconidae	BGENL1084-24_r_1.3_s_50	Bracon minutator	0
0	0	data/BGE00179_MGE-BGE_r1_1.3_1.5_s50_100.fasta	None	Braconidae	BLAST	family	COI-5P	656	1440	Braconidae	BGENL1084-24_r_1.3_s_100	Bracon minutator	0
0	1	data/BGE00179_MGE-BGE_r1_1.3_1.5_s50_100.fasta	None	Braconidae	BLAST	family	COI-5P	617	1371	Braconidae	BGENL1084-24_r_1.5_s_50	Bracon minutator	0
0	0	data/BGE00179_MGE-BGE_r1_1.3_1.5_s50_100.fasta	None	Braconidae	BLAST	family	COI-5P	599	1323	Braconidae	BGENL1084-24_r_1.5_s_100	Bracon minutator	0
36	118	data/BGE00179_MGE-BGE_r1_1.3_1.5_s50_100.fasta	None	Braconidae	BLAST	family	COI-5P	457	1263	Cecidomyiidae,Braconidae,Saturniidae,Nolidae,Geometridae,Hydropsychidae	BGENL1085-24_r_1_s_50	Bracon minutator	0
25	83	data/BGE00179_MGE-BGE_r1_1.3_1.5_s50_100.fasta	None	Braconidae	BLAST	family	COI-5P	266	1011	Cecidomyiidae,Braconidae,Saturniidae,Nolidae,Geometridae	BGENL1085-24_r_1_s_100	Bracon minutator	0
15	21	data/BGE00179_MGE-BGE_r1_1.3_1.5_s50_100.fasta	None	Braconidae	BLAST	family	COI-5P	276	957	Reduviidae	BGENL1085-24_r_1.3_s_50	Bracon minutator	0
16	22	data/BGE00179_MGE-BGE_r1_1.3_1.5_s50_100.fasta	None	Braconidae	BLAST	family	COI-5P	266	849	Reduviidae	BGENL1085-24_r_1.3_s_100	Bracon minutator	0
0	6	data/BGE00179_MGE-BGE_r1_1.3_1.5_s50_100.fasta	None	Braconidae	BLAST	family	COI-5P	129	369	Reduviidae	BGENL1085-24_r_1.5_s_50	Bracon minutator	0
0	0	data/BGE00179_MGE-BGE_r1_1.3_1.5_s50_100.fasta	None	Braconidae	BLAST	family	COI-5P	127	324	Reduviidae	BGENL1085-24_r_1.5_s_100	Bracon minutator	0
0	0	data/BGE00179_MGE-BGE_r1_1.3_1.5_s50_100.fasta	None	Braconidae	BLAST	family	COI-5P	655	1536	Braconidae	BGENL1086-24_r_1_s_50	Bracon glaphyrus	0
0	0	data/BGE00179_MGE-BGE_r1_1.3_1.5_s50_100.fasta	None	Braconidae	BLAST	family	COI-5P	655	1536	Braconidae	BGENL1086-24_r_1_s_100	Bracon glaphyrus	0
0	0	data/BGE00179_MGE-BGE_r1_1.3_1.5_s50_100.fasta	None	Braconidae	BLAST	family	COI-5P	655	1500	Braconidae	BGENL1086-24_r_1.3_s_50	Bracon glaphyrus	0
0	0	data/BGE00179_MGE-BGE_r1_1.3_1.5_s50_100.fasta	None	Braconidae	BLAST	family	COI-5P	655	1476	Braconidae	BGENL1086-24_r_1.3_s_100	Bracon glaphyrus	0
0	0	data/BGE00179_MGE-BGE_r1_1.3_1.5_s50_100.fasta	None	Braconidae	BLAST	family	COI-5P	655	1443	Braconidae	BGENL1086-24_r_1.5_s_50	Bracon glaphyrus	0
0	0	data/BGE00179_MGE-BGE_r1_1.3_1.5_s50_100.fasta	None	Braconidae	BLAST	family	COI-5P	655	1377	Braconidae	BGENL1086-24_r_1.5_s_100	Bracon glaphyrus	0
0	0	data/BGE00179_MGE-BGE_r1_1.3_1.5_s50_100.fasta	None	Braconidae	BLAST	family	COI-5P	655	1536	Braconidae	BGENL1087-24_r_1_s_50	Bracon glaphyrus	0
0	0	data/BGE00179_MGE-BGE_r1_1.3_1.5_s50_100.fasta	None	Braconidae	BLAST	family	COI-5P	655	1536	Braconidae	BGENL1087-24_r_1_s_100	Bracon glaphyrus	0
0	0	data/BGE00179_MGE-BGE_r1_1.3_1.5_s50_100.fasta	None	Braconidae	BLAST	family	COI-5P	655	1512	Braconidae	BGENL1087-24_r_1.3_s_50	Bracon glaphyrus	0
0	0	data/BGE00179_MGE-BGE_r1_1.3_1.5_s50_100.fasta	None	Braconidae	BLAST	family	COI-5P	655	1476	Braconidae	BGENL1087-24_r_1.3_s_100	Bracon glaphyrus	0
0	0	data/BGE00179_MGE-BGE_r1_1.3_1.5_s50_100.fasta	None	Braconidae	BLAST	family	COI-5P	655	1440	Braconidae	BGENL1087-24_r_1.5_s_50	Bracon glaphyrus	0
0	0	data/BGE00179_MGE-BGE_r1_1.3_1.5_s50_100.fasta	None	Braconidae	BLAST	family	COI-5P	655	1377	Braconidae	BGENL1087-24_r_1.5_s_100	Bracon glaphyrus	0
0	0	data/BGE00179_MGE-BGE_r1_1.3_1.5_s50_100.fasta	None	Braconidae	BLAST	family	COI-5P	655	1536	Braconidae	BGENL1088-24_r_1_s_50	Bracon glaphyrus	0
0	0	data/BGE00179_MGE-BGE_r1_1.3_1.5_s50_100.fasta	None	Braconidae	BLAST	family	COI-5P	655	1536	Braconidae	BGENL1088-24_r_1_s_100	Bracon glaphyrus	0
0	1	data/BGE00179_MGE-BGE_r1_1.3_1.5_s50_100.fasta	None	Braconidae	BLAST	family	COI-5P	655	1512	Braconidae	BGENL1088-24_r_1.3_s_50	Bracon glaphyrus	0
0	0	data/BGE00179_MGE-BGE_r1_1.3_1.5_s50_100.fasta	None	Braconidae	BLAST	family	COI-5P	655	1458	Braconidae	BGENL1088-24_r_1.3_s_100	Bracon glaphyrus	0
0	0	data/BGE00179_MGE-BGE_r1_1.3_1.5_s50_100.fasta	None	Braconidae	BLAST	family	COI-5P	649	1407	Braconidae	BGENL1088-24_r_1.5_s_50	Bracon glaphyrus	0
0	0	data/BGE00179_MGE-BGE_r1_1.3_1.5_s50_100.fasta	None	Braconidae	BLAST	family	COI-5P	649	1371	Braconidae	BGENL1088-24_r_1.5_s_100	Bracon glaphyrus	0
16	49	data/BGE00179_MGE-BGE_r1_1.3_1.5_s50_100.fasta	None	Braconidae	BLAST	family	COI-5P	597	1473	Braconidae	BGENL1089-24_r_1_s_50	Bracon hylobii	0
4	37	data/BGE00179_MGE-BGE_r1_1.3_1.5_s50_100.fasta	None	Braconidae	BLAST	family	COI-5P	597	1473	Braconidae	BGENL1089-24_r_1_s_100	Bracon hylobii	0
0	6	data/BGE00179_MGE-BGE_r1_1.3_1.5_s50_100.fasta	None	Braconidae	BLAST	family	COI-5P	598	1473	Braconidae	BGENL1089-24_r_1.3_s_50	Bracon hylobii	0
0	7	data/BGE00179_MGE-BGE_r1_1.3_1.5_s50_100.fasta	None	Braconidae	BLAST	family	COI-5P	598	1473	Braconidae	BGENL1089-24_r_1.3_s_100	Bracon hylobii	0
0	2	data/BGE00179_MGE-BGE_r1_1.3_1.5_s50_100.fasta	None	Braconidae	BLAST	family	COI-5P	598	1377	Braconidae	BGENL1089-24_r_1.5_s_50	Bracon hylobii	0
0	0	data/BGE00179_MGE-BGE_r1_1.3_1.5_s50_100.fasta	None	Braconidae	BLAST	family	COI-5P	598	1377	Braconidae	BGENL1089-24_r_1.5_s_100	Bracon hylobii	0
0	2	data/BGE00179_MGE-BGE_r1_1.3_1.5_s50_100.fasta	None	Braconidae	BLAST	family	COI-5P	655	1527	Braconidae	BGENL1090-24_r_1_s_50	Bracon hylobii	0
0	0	data/BGE00179_MGE-BGE_r1_1.3_1.5_s50_100.fasta	None	Braconidae	BLAST	family	COI-5P	655	1527	Braconidae	BGENL1090-24_r_1_s_100	Bracon hylobii	0
0	0	data/BGE00179_MGE-BGE_r1_1.3_1.5_s50_100.fasta	None	Braconidae	BLAST	family	COI-5P	655	1527	Braconidae	BGENL1090-24_r_1.3_s_50	Bracon hylobii	0
0	0	data/BGE00179_MGE-BGE_r1_1.3_1.5_s50_100.fasta	None	Braconidae	BLAST	family	COI-5P	655	1527	Braconidae	BGENL1090-24_r_1.3_s_100	Bracon hylobii	0
0	0	data/BGE00179_MGE-BGE_r1_1.3_1.5_s50_100.fasta	None	Braconidae	BLAST	family	COI-5P	640	1497	Braconidae	BGENL1090-24_r_1.5_s_50	Bracon hylobii	0
0	0	data/BGE00179_MGE-BGE_r1_1.3_1.5_s50_100.fasta	None	Braconidae	BLAST	family	COI-5P	640	1497	Braconidae	BGENL1090-24_r_1.5_s_100	Bracon hylobii	0
0	0	data/BGE00179_MGE-BGE_r1_1.3_1.5_s50_100.fasta	None	Braconidae	BLAST	family	COI-5P	655	1527	Braconidae	BGENL1091-24_r_1_s_50	Bracon hylobii	0
0	0	data/BGE00179_MGE-BGE_r1_1.3_1.5_s50_100.fasta	None	Braconidae	BLAST	family	COI-5P	655	1527	Braconidae	BGENL1091-24_r_1_s_100	Bracon hylobii	0
0	0	data/BGE00179_MGE-BGE_r1_1.3_1.5_s50_100.fasta	None	Braconidae	BLAST	family	COI-5P	655	1527	Braconidae	BGENL1091-24_r_1.3_s_50	Bracon hylobii	0
0	0	data/BGE00179_MGE-BGE_r1_1.3_1.5_s50_100.fasta	None	Braconidae	BLAST	family	COI-5P	655	1527	Braconidae	BGENL1091-24_r_1.3_s_100	Bracon hylobii	0
0	0	data/BGE00179_MGE-BGE_r1_1.3_1.5_s50_100.fasta	None	Braconidae	BLAST	family	COI-5P	655	1494	Braconidae	BGENL1091-24_r_1.5_s_50	Bracon hylobii	0
0	0	data/BGE00179_MGE-BGE_r1_1.3_1.5_s50_100.fasta	None	Braconidae	BLAST	family	COI-5P	655	1494	Braconidae	BGENL1091-24_r_1.5_s_100	Bracon hylobii	0
0	0	data/BGE00179_MGE-BGE_r1_1.3_1.5_s50_100.fasta	None	Braconidae	BLAST	family	COI-5P	657	1530	Braconidae	BGENL1092-24_r_1_s_50	Bracon immutator	0
0	0	data/BGE00179_MGE-BGE_r1_1.3_1.5_s50_100.fasta	None	Braconidae	BLAST	family	COI-5P	657	1527	Braconidae	BGENL1092-24_r_1_s_100	Bracon immutator	0
0	0	data/BGE00179_MGE-BGE_r1_1.3_1.5_s50_100.fasta	None	Braconidae	BLAST	family	COI-5P	657	1530	Braconidae	BGENL1092-24_r_1.3_s_50	Bracon immutator	0
0	0	data/BGE00179_MGE-BGE_r1_1.3_1.5_s50_100.fasta	None	Braconidae	BLAST	family	COI-5P	657	1527	Braconidae	BGENL1092-24_r_1.3_s_100	Bracon immutator	0
0	0	data/BGE00179_MGE-BGE_r1_1.3_1.5_s50_100.fasta	None	Braconidae	BLAST	family	COI-5P	657	1521	Braconidae	BGENL1092-24_r_1.5_s_50	Bracon immutator	0
0	0	data/BGE00179_MGE-BGE_r1_1.3_1.5_s50_100.fasta	None	Braconidae	BLAST	family	COI-5P	657	1521	Braconidae	BGENL1092-24_r_1.5_s_100	Bracon immutator	0
0	0	data/BGE00179_MGE-BGE_r1_1.3_1.5_s50_100.fasta	None	Braconidae	BLAST	family	COI-5P	657	1527	Braconidae	BGENL1093-24_r_1_s_50	Bracon immutator	0
0	0	data/BGE00179_MGE-BGE_r1_1.3_1.5_s50_100.fasta	None	Braconidae	BLAST	family	COI-5P	657	1527	Braconidae	BGENL1093-24_r_1_s_100	Bracon immutator	0
0	0	data/BGE00179_MGE-BGE_r1_1.3_1.5_s50_100.fasta	None	Braconidae	BLAST	family	COI-5P	657	1527	Braconidae	BGENL1093-24_r_1.3_s_50	Bracon immutator	0
0	0	data/BGE00179_MGE-BGE_r1_1.3_1.5_s50_100.fasta	None	Braconidae	BLAST	family	COI-5P	657	1527	Braconidae	BGENL1093-24_r_1.3_s_100	Bracon immutator	0
0	0	data/BGE00179_MGE-BGE_r1_1.3_1.5_s50_100.fasta	None	Braconidae	BLAST	family	COI-5P	657	1521	Braconidae	BGENL1093-24_r_1.5_s_50	Bracon immutator	0
0	0	data/BGE00179_MGE-BGE_r1_1.3_1.5_s50_100.fasta	None	Braconidae	BLAST	family	COI-5P	657	1521	Braconidae	BGENL1093-24_r_1.5_s_100	Bracon immutator	0
0	0	data/BGE00179_MGE-BGE_r1_1.3_1.5_s50_100.fasta	None	Braconidae	BLAST	family	COI-5P	657	1527	Braconidae	BGENL1094-24_r_1_s_50	Bracon immutator	0
0	0	data/BGE00179_MGE-BGE_r1_1.3_1.5_s50_100.fasta	None	Braconidae	BLAST	family	COI-5P	657	1527	Braconidae	BGENL1094-24_r_1_s_100	Bracon immutator	0
0	0	data/BGE00179_MGE-BGE_r1_1.3_1.5_s50_100.fasta	None	Braconidae	BLAST	family	COI-5P	657	1527	Braconidae	BGENL1094-24_r_1.3_s_50	Bracon immutator	0
0	0	data/BGE00179_MGE-BGE_r1_1.3_1.5_s50_100.fasta	None	Braconidae	BLAST	family	COI-5P	657	1527	Braconidae	BGENL1094-24_r_1.3_s_100	Bracon immutator	0
0	0	data/BGE00179_MGE-BGE_r1_1.3_1.5_s50_100.fasta	None	Braconidae	BLAST	family	COI-5P	648	1497	Braconidae	BGENL1094-24_r_1.5_s_50	Bracon immutator	0
0	0	data/BGE00179_MGE-BGE_r1_1.3_1.5_s50_100.fasta	None	Braconidae	BLAST	family	COI-5P	648	1491	Braconidae	BGENL1094-24_r_1.5_s_100	Bracon immutator	0
0	0	data/BGE00179_MGE-BGE_r1_1.3_1.5_s50_100.fasta	None	Braconidae	BLAST	family	COI-5P	655	1530	Braconidae	BGENL1095-24_r_1_s_50	Bracon leptus	0
0	0	data/BGE00179_MGE-BGE_r1_1.3_1.5_s50_100.fasta	None	Braconidae	BLAST	family	COI-5P	655	1530	Braconidae	BGENL1095-24_r_1_s_100	Bracon leptus	0
0	0	data/BGE00179_MGE-BGE_r1_1.3_1.5_s50_100.fasta	None	Braconidae	BLAST	family	COI-5P	655	1530	Braconidae	BGENL1095-24_r_1.3_s_50	Bracon leptus	0
0	0	data/BGE00179_MGE-BGE_r1_1.3_1.5_s50_100.fasta	None	Braconidae	BLAST	family	COI-5P	655	1530	Braconidae	BGENL1095-24_r_1.3_s_100	Bracon leptus	0
0	0	data/BGE00179_MGE-BGE_r1_1.3_1.5_s50_100.fasta	None	Braconidae	BLAST	family	COI-5P	655	1512	Braconidae	BGENL1095-24_r_1.5_s_50	Bracon leptus	0
0	0	data/BGE00179_MGE-BGE_r1_1.3_1.5_s50_100.fasta	None	Braconidae	BLAST	family	COI-5P	655	1512	Braconidae	BGENL1095-24_r_1.5_s_100	Bracon leptus	0
0	0	data/BGE00179_MGE-BGE_r1_1.3_1.5_s50_100.fasta	None	Braconidae	BLAST	family	COI-5P	655	1536	Braconidae	BGENL1096-24_r_1_s_50	Bracon leptus	0
0	0	data/BGE00179_MGE-BGE_r1_1.3_1.5_s50_100.fasta	None	Braconidae	BLAST	family	COI-5P	655	1530	Braconidae	BGENL1096-24_r_1_s_100	Bracon leptus	0
0	0	data/BGE00179_MGE-BGE_r1_1.3_1.5_s50_100.fasta	None	Braconidae	BLAST	family	COI-5P	655	1530	Braconidae	BGENL1096-24_r_1.3_s_50	Bracon leptus	0
0	0	data/BGE00179_MGE-BGE_r1_1.3_1.5_s50_100.fasta	None	Braconidae	BLAST	family	COI-5P	655	1530	Braconidae	BGENL1096-24_r_1.3_s_100	Bracon leptus	0
0	0	data/BGE00179_MGE-BGE_r1_1.3_1.5_s50_100.fasta	None	Braconidae	BLAST	family	COI-5P	655	1509	Braconidae	BGENL1096-24_r_1.5_s_50	Bracon leptus	0
0	0	data/BGE00179_MGE-BGE_r1_1.3_1.5_s50_100.fasta	None	Braconidae	BLAST	family	COI-5P	655	1509	Braconidae	BGENL1096-24_r_1.5_s_100	Bracon leptus	0
1	3	data/BGE00179_MGE-BGE_r1_1.3_1.5_s50_100.fasta	None	Braconidae	BLAST	family	COI-5P	482	1164		BGENL1097-24_r_1_s_50	Bracon leptus	0
0	3	data/BGE00179_MGE-BGE_r1_1.3_1.5_s50_100.fasta	None	Braconidae	BLAST	family	COI-5P	206	993		BGENL1097-24_r_1_s_100	Bracon leptus	0
0	17	data/BGE00179_MGE-BGE_r1_1.3_1.5_s50_100.fasta	None	Braconidae	BLAST	family	COI-5P	244	756		BGENL1097-24_r_1.3_s_50	Bracon leptus	0
0	17	data/BGE00179_MGE-BGE_r1_1.3_1.5_s50_100.fasta	None	Braconidae	BLAST	family	COI-5P	205	618		BGENL1097-24_r_1.3_s_100	Bracon leptus	0
0	0	data/BGE00179_MGE-BGE_r1_1.3_1.5_s50_100.fasta	None	Braconidae	BLAST	family	COI-5P	1	114		BGENL1097-24_r_1.5_s_50	Bracon leptus	0
0	0	data/BGE00179_MGE-BGE_r1_1.3_1.5_s50_100.fasta	None	Braconidae	BLAST	family	COI-5P	1	75		BGENL1097-24_r_1.5_s_100	Bracon leptus	0
0	2	data/BGE00179_MGE-BGE_r1_1.3_1.5_s50_100.fasta	None	Braconidae	BLAST	family	COI-5P	655	1533	Braconidae	BGENL1098-24_r_1_s_50	Bracon longicollis	0
0	0	data/BGE00179_MGE-BGE_r1_1.3_1.5_s50_100.fasta	None	Braconidae	BLAST	family	COI-5P	655	1530	Braconidae	BGENL1098-24_r_1_s_100	Bracon longicollis	0
0	0	data/BGE00179_MGE-BGE_r1_1.3_1.5_s50_100.fasta	None	Braconidae	BLAST	family	COI-5P	655	1533	Braconidae	BGENL1098-24_r_1.3_s_50	Bracon longicollis	0
0	0	data/BGE00179_MGE-BGE_r1_1.3_1.5_s50_100.fasta	None	Braconidae	BLAST	family	COI-5P	655	1530	Braconidae	BGENL1098-24_r_1.3_s_100	Bracon longicollis	0
0	0	data/BGE00179_MGE-BGE_r1_1.3_1.5_s50_100.fasta	None	Braconidae	BLAST	family	COI-5P	655	1512	Braconidae	BGENL1098-24_r_1.5_s_50	Bracon longicollis	0
0	0	data/BGE00179_MGE-BGE_r1_1.3_1.5_s50_100.fasta	None	Braconidae	BLAST	family	COI-5P	655	1512	Braconidae	BGENL1098-24_r_1.5_s_100	Bracon longicollis	0
2	14	data/BGE00179_MGE-BGE_r1_1.3_1.5_s50_100.fasta	None	Braconidae	BLAST	family	COI-5P	545	1254	Tettigoniidae,Nitidulidae,Curculionidae,Bostrichidae,Ptinidae,Ulidiidae,Vespidae,Tetracampidae	BGENL1099-24_r_1_s_50	Bracon longicollis	0
0	9	data/BGE00179_MGE-BGE_r1_1.3_1.5_s50_100.fasta	None	Braconidae	BLAST	family	COI-5P	495	1173	Tettigoniidae,Nitidulidae,Curculionidae,Bostrichidae,Ptinidae,Ulidiidae,Vespidae,Tetracampidae	BGENL1099-24_r_1_s_100	Bracon longicollis	0
0	0	data/BGE00179_MGE-BGE_r1_1.3_1.5_s50_100.fasta	None	Braconidae	BLAST	family	COI-5P	283	477	Tettigoniidae,Nitidulidae,Curculionidae,Bostrichidae,Ptinidae,Ulidiidae,Vespidae,Tetracampidae	BGENL1099-24_r_1.3_s_50	Bracon longicollis	0
0	0	data/BGE00179_MGE-BGE_r1_1.3_1.5_s50_100.fasta	None	Braconidae	BLAST	family	COI-5P	281	366	Tettigoniidae,Nitidulidae,Curculionidae,Bostrichidae,Ptinidae,Ulidiidae,Vespidae,Tetracampidae	BGENL1099-24_r_1.3_s_100	Bracon longicollis	0
0	0	data/BGE00179_MGE-BGE_r1_1.3_1.5_s50_100.fasta	None	Braconidae	BLAST	family	COI-5P	82	207		BGENL1099-24_r_1.5_s_50	Bracon longicollis	0
0	0	data/BGE00179_MGE-BGE_r1_1.3_1.5_s50_100.fasta	None	Braconidae	BLAST	family	COI-5P	81	168		BGENL1099-24_r_1.5_s_100	Bracon longicollis	0
0	0	data/BGE00179_MGE-BGE_r1_1.3_1.5_s50_100.fasta	None	Braconidae	BLAST	family	COI-5P	655	1527	Braconidae	BGENL1100-24_r_1_s_50	Bracon longicollis	0
0	0	data/BGE00179_MGE-BGE_r1_1.3_1.5_s50_100.fasta	None	Braconidae	BLAST	family	COI-5P	655	1527	Braconidae	BGENL1100-24_r_1_s_100	Bracon longicollis	0
0	0	data/BGE00179_MGE-BGE_r1_1.3_1.5_s50_100.fasta	None	Braconidae	BLAST	family	COI-5P	655	1527	Braconidae	BGENL1100-24_r_1.3_s_50	Bracon longicollis	0
0	0	data/BGE00179_MGE-BGE_r1_1.3_1.5_s50_100.fasta	None	Braconidae	BLAST	family	COI-5P	655	1527	Braconidae	BGENL1100-24_r_1.3_s_100	Bracon longicollis	0
0	0	data/BGE00179_MGE-BGE_r1_1.3_1.5_s50_100.fasta	None	Braconidae	BLAST	family	COI-5P	655	1512	Braconidae	BGENL1100-24_r_1.5_s_50	Bracon longicollis	0
0	0	data/BGE00179_MGE-BGE_r1_1.3_1.5_s50_100.fasta	None	Braconidae	BLAST	family	COI-5P	655	1512	Braconidae	BGENL1100-24_r_1.5_s_100	Bracon longicollis	0
2	2	data/BGE00179_MGE-BGE_r1_1.3_1.5_s50_100.fasta	None	Braconidae	BLAST	family	COI-5P	654	1536	Braconidae	BGENL1101-24_r_1_s_50	Bracon longulus	0
0	0	data/BGE00179_MGE-BGE_r1_1.3_1.5_s50_100.fasta	None	Braconidae	BLAST	family	COI-5P	655	1536	Braconidae	BGENL1101-24_r_1_s_100	Bracon longulus	0
0	0	data/BGE00179_MGE-BGE_r1_1.3_1.5_s50_100.fasta	None	Braconidae	BLAST	family	COI-5P	655	1536	Braconidae	BGENL1101-24_r_1.3_s_50	Bracon longulus	0
0	0	data/BGE00179_MGE-BGE_r1_1.3_1.5_s50_100.fasta	None	Braconidae	BLAST	family	COI-5P	655	1536	Braconidae	BGENL1101-24_r_1.3_s_100	Bracon longulus	0
0	0	data/BGE00179_MGE-BGE_r1_1.3_1.5_s50_100.fasta	None	Braconidae	BLAST	family	COI-5P	646	1500	Braconidae	BGENL1101-24_r_1.5_s_50	Bracon longulus	0
0	0	data/BGE00179_MGE-BGE_r1_1.3_1.5_s50_100.fasta	None	Braconidae	BLAST	family	COI-5P	646	1500	Braconidae	BGENL1101-24_r_1.5_s_100	Bracon longulus	0
0	13	data/BGE00179_MGE-BGE_r1_1.3_1.5_s50_100.fasta	None	Braconidae	BLAST	family	COI-5P	127	1095		BGENL1102-24_r_1_s_50	Bracon longulus	0
0	9	data/BGE00179_MGE-BGE_r1_1.3_1.5_s50_100.fasta	None	Braconidae	BLAST	family	COI-5P	133	951		BGENL1102-24_r_1_s_100	Bracon longulus	0
0	0	data/BGE00179_MGE-BGE_r1_1.3_1.5_s50_100.fasta	None	Braconidae	BLAST	family	COI-5P	114	564		BGENL1102-24_r_1.3_s_50	Bracon longulus	0
0	0	data/BGE00179_MGE-BGE_r1_1.3_1.5_s50_100.fasta	None	Braconidae	BLAST	family	COI-5P	110	432		BGENL1102-24_r_1.3_s_100	Bracon longulus	0
0	0	data/BGE00179_MGE-BGE_r1_1.3_1.5_s50_100.fasta	None	Braconidae	BLAST	family	COI-5P	110	111		BGENL1102-24_r_1.5_s_50	Bracon longulus	0
0	0	data/BGE00179_MGE-BGE_r1_1.3_1.5_s50_100.fasta	None	Braconidae	BLAST	family	COI-5P	110	111		BGENL1102-24_r_1.5_s_100	Bracon longulus	0
2	2	data/BGE00179_MGE-BGE_r1_1.3_1.5_s50_100.fasta	None	Braconidae	BLAST	family	COI-5P	655	1536	Braconidae	BGENL1103-24_r_1_s_50	Bracon longulus	0
0	0	data/BGE00179_MGE-BGE_r1_1.3_1.5_s50_100.fasta	None	Braconidae	BLAST	family	COI-5P	655	1536	Braconidae	BGENL1103-24_r_1_s_100	Bracon longulus	0
2	2	data/BGE00179_MGE-BGE_r1_1.3_1.5_s50_100.fasta	None	Braconidae	BLAST	family	COI-5P	655	1536	Braconidae	BGENL1103-24_r_1.3_s_50	Bracon longulus	0
0	0	data/BGE00179_MGE-BGE_r1_1.3_1.5_s50_100.fasta	None	Braconidae	BLAST	family	COI-5P	655	1536	Braconidae	BGENL1103-24_r_1.3_s_100	Bracon longulus	0
0	0	data/BGE00179_MGE-BGE_r1_1.3_1.5_s50_100.fasta	None	Braconidae	BLAST	family	COI-5P	655	1527	Braconidae	BGENL1103-24_r_1.5_s_50	Bracon longulus	0
0	0	data/BGE00179_MGE-BGE_r1_1.3_1.5_s50_100.fasta	None	Braconidae	BLAST	family	COI-5P	655	1527	Braconidae	BGENL1103-24_r_1.5_s_100	Bracon longulus	0
0	0	data/BGE00179_MGE-BGE_r1_1.3_1.5_s50_100.fasta	None	Braconidae	BLAST	family	COI-5P	657	1527	Braconidae	BGENL1104-24_r_1_s_50	Bracon mediator	0
0	0	data/BGE00179_MGE-BGE_r1_1.3_1.5_s50_100.fasta	None	Braconidae	BLAST	family	COI-5P	657	1527	Braconidae	BGENL1104-24_r_1_s_100	Bracon mediator	0
0	0	data/BGE00179_MGE-BGE_r1_1.3_1.5_s50_100.fasta	None	Braconidae	BLAST	family	COI-5P	657	1506	Braconidae	BGENL1104-24_r_1.3_s_50	Bracon mediator	0
0	0	data/BGE00179_MGE-BGE_r1_1.3_1.5_s50_100.fasta	None	Braconidae	BLAST	family	COI-5P	657	1506	Braconidae	BGENL1104-24_r_1.3_s_100	Bracon mediator	0
0	0	data/BGE00179_MGE-BGE_r1_1.3_1.5_s50_100.fasta	None	Braconidae	BLAST	family	COI-5P	603	1398	Braconidae	BGENL1104-24_r_1.5_s_50	Bracon mediator	0
0	0	data/BGE00179_MGE-BGE_r1_1.3_1.5_s50_100.fasta	None	Braconidae	BLAST	family	COI-5P	582	1377	Braconidae	BGENL1104-24_r_1.5_s_100	Bracon mediator	0
4	5	data/BGE00179_MGE-BGE_r1_1.3_1.5_s50_100.fasta	None	Braconidae	BLAST	family	COI-5P	656	1527	Braconidae	BGENL1105-24_r_1_s_50	Bracon obscurator	0
0	0	data/BGE00179_MGE-BGE_r1_1.3_1.5_s50_100.fasta	None	Braconidae	BLAST	family	COI-5P	657	1527	Braconidae	BGENL1105-24_r_1_s_100	Bracon obscurator	0
0	0	data/BGE00179_MGE-BGE_r1_1.3_1.5_s50_100.fasta	None	Braconidae	BLAST	family	COI-5P	657	1527	Braconidae	BGENL1105-24_r_1.3_s_50	Bracon obscurator	0
0	0	data/BGE00179_MGE-BGE_r1_1.3_1.5_s50_100.fasta	None	Braconidae	BLAST	family	COI-5P	657	1527	Braconidae	BGENL1105-24_r_1.3_s_100	Bracon obscurator	0
2	2	data/BGE00179_MGE-BGE_r1_1.3_1.5_s50_100.fasta	None	Braconidae	BLAST	family	COI-5P	657	1458	Braconidae	BGENL1105-24_r_1.5_s_50	Bracon obscurator	0
2	2	data/BGE00179_MGE-BGE_r1_1.3_1.5_s50_100.fasta	None	Braconidae	BLAST	family	COI-5P	657	1458	Braconidae	BGENL1105-24_r_1.5_s_100	Bracon obscurator	0
0	4	data/BGE00179_MGE-BGE_r1_1.3_1.5_s50_100.fasta	None	Braconidae	BLAST	family	COI-5P	143	495		BGENL1106-24_r_1_s_50	Bracon obscurator	0
0	20	data/BGE00179_MGE-BGE_r1_1.3_1.5_s50_100.fasta	None	Braconidae	BLAST	family	COI-5P	150	426		BGENL1106-24_r_1_s_100	Bracon obscurator	0
7	12	data/BGE00179_MGE-BGE_r1_1.3_1.5_s50_100.fasta	None	Braconidae	BLAST	family	COI-5P	52	129		BGENL1106-24_r_1.3_s_50	Bracon obscurator	0
12	20	data/BGE00179_MGE-BGE_r1_1.3_1.5_s50_100.fasta	None	Braconidae	BLAST	family	COI-5P	51	90		BGENL1106-24_r_1.3_s_100	Bracon obscurator	0
0	0	data/BGE00179_MGE-BGE_r1_1.3_1.5_s50_100.fasta	None	Braconidae	BLAST	family	COI-5P	44	69	Rhaphidophoridae,Grylloblattidae,Coccidae,Fulgoridae,Meloidae,Cerambycidae,Tephritidae	BGENL1106-24_r_1.5_s_50	Bracon obscurator	0
0	0	data/BGE00179_MGE-BGE_r1_1.3_1.5_s50_100.fasta	None	Braconidae	BLAST	family	COI-5P	44	69	Rhaphidophoridae,Grylloblattidae,Coccidae,Fulgoridae,Meloidae,Cerambycidae,Tephritidae	BGENL1106-24_r_1.5_s_100	Bracon obscurator	0
0	0	data/BGE00179_MGE-BGE_r1_1.3_1.5_s50_100.fasta	None	Braconidae	BLAST	family	COI-5P	657	1527	Braconidae	BGENL1107-24_r_1_s_50	Bracon obscurator	0
0	0	data/BGE00179_MGE-BGE_r1_1.3_1.5_s50_100.fasta	None	Braconidae	BLAST	family	COI-5P	657	1527	Braconidae	BGENL1107-24_r_1_s_100	Bracon obscurator	0
0	0	data/BGE00179_MGE-BGE_r1_1.3_1.5_s50_100.fasta	None	Braconidae	BLAST	family	COI-5P	657	1527	Braconidae	BGENL1107-24_r_1.3_s_50	Bracon obscurator	0
0	0	data/BGE00179_MGE-BGE_r1_1.3_1.5_s50_100.fasta	None	Braconidae	BLAST	family	COI-5P	657	1527	Braconidae	BGENL1107-24_r_1.3_s_100	Bracon obscurator	0
0	5	data/BGE00179_MGE-BGE_r1_1.3_1.5_s50_100.fasta	None	Braconidae	BLAST	family	COI-5P	657	1512	Braconidae	BGENL1107-24_r_1.5_s_50	Bracon obscurator	0
0	0	data/BGE00179_MGE-BGE_r1_1.3_1.5_s50_100.fasta	None	Braconidae	BLAST	family	COI-5P	657	1506	Braconidae	BGENL1107-24_r_1.5_s_100	Bracon obscurator	0
0	0	data/BGE00179_MGE-BGE_r1_1.3_1.5_s50_100.fasta	None	Braconidae	BLAST	family	COI-5P	655	1533	Braconidae	BGENL1108-24_r_1_s_50	Bracon osculator	0
0	0	data/BGE00179_MGE-BGE_r1_1.3_1.5_s50_100.fasta	None	Braconidae	BLAST	family	COI-5P	655	1527	Braconidae	BGENL1108-24_r_1_s_100	Bracon osculator	0
0	0	data/BGE00179_MGE-BGE_r1_1.3_1.5_s50_100.fasta	None	Braconidae	BLAST	family	COI-5P	655	1527	Braconidae	BGENL1108-24_r_1.3_s_50	Bracon osculator	0
0	0	data/BGE00179_MGE-BGE_r1_1.3_1.5_s50_100.fasta	None	Braconidae	BLAST	family	COI-5P	655	1527	Braconidae	BGENL1108-24_r_1.3_s_100	Bracon osculator	0
0	0	data/BGE00179_MGE-BGE_r1_1.3_1.5_s50_100.fasta	None	Braconidae	BLAST	family	COI-5P	655	1512	Braconidae	BGENL1108-24_r_1.5_s_50	Bracon osculator	0
0	0	data/BGE00179_MGE-BGE_r1_1.3_1.5_s50_100.fasta	None	Braconidae	BLAST	family	COI-5P	655	1494	Braconidae	BGENL1108-24_r_1.5_s_100	Bracon osculator	0
0	26	data/BGE00179_MGE-BGE_r1_1.3_1.5_s50_100.fasta	None	Braconidae	BLAST	family	COI-5P	180	1059	Formicidae	BGENL1109-24_r_1_s_50	Bracon osculator	0
0	26	data/BGE00179_MGE-BGE_r1_1.3_1.5_s50_100.fasta	None	Braconidae	BLAST	family	COI-5P	154	969	Formicidae	BGENL1109-24_r_1_s_100	Bracon osculator	0
0	28	data/BGE00179_MGE-BGE_r1_1.3_1.5_s50_100.fasta	None	Braconidae	BLAST	family	COI-5P	152	747	Formicidae	BGENL1109-24_r_1.3_s_50	Bracon osculator	0
0	28	data/BGE00179_MGE-BGE_r1_1.3_1.5_s50_100.fasta	None	Braconidae	BLAST	family	COI-5P	152	603	Formicidae	BGENL1109-24_r_1.3_s_100	Bracon osculator	0
1	6	data/BGE00179_MGE-BGE_r1_1.3_1.5_s50_100.fasta	None	Braconidae	BLAST	family	COI-5P	69	231		BGENL1109-24_r_1.5_s_50	Bracon osculator	0
1	6	data/BGE00179_MGE-BGE_r1_1.3_1.5_s50_100.fasta	None	Braconidae	BLAST	family	COI-5P	68	138		BGENL1109-24_r_1.5_s_100	Bracon osculator	0
16	32	data/BGE00179_MGE-BGE_r1_1.3_1.5_s50_100.fasta	None	Braconidae	BLAST	family	COI-5P	503	1227	Acrididae,Nitidulidae,Curculionidae,Dermestidae,Bostrichidae,Ptinidae,Tetracampidae	BGENL1110-24_r_1_s_50	Bracon osculator	0
4	15	data/BGE00179_MGE-BGE_r1_1.3_1.5_s50_100.fasta	None	Braconidae	BLAST	family	COI-5P	242	843	Braconidae	BGENL1110-24_r_1_s_100	Bracon osculator	0
7	17	data/BGE00179_MGE-BGE_r1_1.3_1.5_s50_100.fasta	None	Braconidae	BLAST	family	COI-5P	199	714	Acrididae,Dascillidae,Braconidae	BGENL1110-24_r_1.3_s_50	Bracon osculator	0
0	9	data/BGE00179_MGE-BGE_r1_1.3_1.5_s50_100.fasta	None	Braconidae	BLAST	family	COI-5P	72	408	Braconidae	BGENL1110-24_r_1.3_s_100	Bracon osculator	0
3	14	data/BGE00179_MGE-BGE_r1_1.3_1.5_s50_100.fasta	None	Braconidae	BLAST	family	COI-5P	95	330	Cryptocercidae,Acrididae,Nitidulidae,Curculionidae,Dermestidae,Bostrichidae,Ptinidae	BGENL1110-24_r_1.5_s_50	Bracon osculator	0
0	3	data/BGE00179_MGE-BGE_r1_1.3_1.5_s50_100.fasta	None	Braconidae	BLAST	family	COI-5P	72	249	Braconidae	BGENL1110-24_r_1.5_s_100	Bracon osculator	0
0	0	data/BGE00179_MGE-BGE_r1_1.3_1.5_s50_100.fasta	None	Braconidae	BLAST	family	COI-5P	657	1533	Braconidae	BGENL1111-24_r_1_s_50	Bracon otiosus	0
0	0	data/BGE00179_MGE-BGE_r1_1.3_1.5_s50_100.fasta	None	Braconidae	BLAST	family	COI-5P	657	1527	Braconidae	BGENL1111-24_r_1_s_100	Bracon otiosus	0
0	0	data/BGE00179_MGE-BGE_r1_1.3_1.5_s50_100.fasta	None	Braconidae	BLAST	family	COI-5P	657	1527	Braconidae	BGENL1111-24_r_1.3_s_50	Bracon otiosus	0
0	0	data/BGE00179_MGE-BGE_r1_1.3_1.5_s50_100.fasta	None	Braconidae	BLAST	family	COI-5P	657	1527	Braconidae	BGENL1111-24_r_1.3_s_100	Bracon otiosus	0
0	2	data/BGE00179_MGE-BGE_r1_1.3_1.5_s50_100.fasta	None	Braconidae	BLAST	family	COI-5P	654	1506	Braconidae	BGENL1111-24_r_1.5_s_50	Bracon otiosus	0
0	0	data/BGE00179_MGE-BGE_r1_1.3_1.5_s50_100.fasta	None	Braconidae	BLAST	family	COI-5P	654	1503	Braconidae	BGENL1111-24_r_1.5_s_100	Bracon otiosus	0
1	2	data/BGE00179_MGE-BGE_r1_1.3_1.5_s50_100.fasta	None	Braconidae	BLAST	family	COI-5P	655	1527	Braconidae	BGENL1112-24_r_1_s_50	Bracon otiosus	0
1	1	data/BGE00179_MGE-BGE_r1_1.3_1.5_s50_100.fasta	None	Braconidae	BLAST	family	COI-5P	655	1527	Braconidae	BGENL1112-24_r_1_s_100	Bracon otiosus	0
0	0	data/BGE00179_MGE-BGE_r1_1.3_1.5_s50_100.fasta	None	Braconidae	BLAST	family	COI-5P	655	1527	Braconidae	BGENL1112-24_r_1.3_s_50	Bracon otiosus	0
0	0	data/BGE00179_MGE-BGE_r1_1.3_1.5_s50_100.fasta	None	Braconidae	BLAST	family	COI-5P	655	1527	Braconidae	BGENL1112-24_r_1.3_s_100	Bracon otiosus	0
0	0	data/BGE00179_MGE-BGE_r1_1.3_1.5_s50_100.fasta	None	Braconidae	BLAST	family	COI-5P	655	1521	Braconidae	BGENL1112-24_r_1.5_s_50	Bracon otiosus	0
0	0	data/BGE00179_MGE-BGE_r1_1.3_1.5_s50_100.fasta	None	Braconidae	BLAST	family	COI-5P	655	1494	Braconidae	BGENL1112-24_r_1.5_s_100	Bracon otiosus	0
0	0	data/BGE00179_MGE-BGE_r1_1.3_1.5_s50_100.fasta	None	Braconidae	BLAST	family	COI-5P	655	1527	Braconidae	BGENL1113-24_r_1_s_50	Bracon otiosus	0
0	0	data/BGE00179_MGE-BGE_r1_1.3_1.5_s50_100.fasta	None	Braconidae	BLAST	family	COI-5P	655	1527	Braconidae	BGENL1113-24_r_1_s_100	Bracon otiosus	0
0	0	data/BGE00179_MGE-BGE_r1_1.3_1.5_s50_100.fasta	None	Braconidae	BLAST	family	COI-5P	655	1527	Braconidae	BGENL1113-24_r_1.3_s_50	Bracon otiosus	0
0	0	data/BGE00179_MGE-BGE_r1_1.3_1.5_s50_100.fasta	None	Braconidae	BLAST	family	COI-5P	655	1527	Braconidae	BGENL1113-24_r_1.3_s_100	Bracon otiosus	0
0	0	data/BGE00179_MGE-BGE_r1_1.3_1.5_s50_100.fasta	None	Braconidae	BLAST	family	COI-5P	655	1506	Braconidae	BGENL1113-24_r_1.5_s_50	Bracon otiosus	0
0	0	data/BGE00179_MGE-BGE_r1_1.3_1.5_s50_100.fasta	None	Braconidae	BLAST	family	COI-5P	655	1506	Braconidae	BGENL1113-24_r_1.5_s_100	Bracon otiosus	0
0	0	data/BGE00179_MGE-BGE_r1_1.3_1.5_s50_100.fasta	None	Braconidae	BLAST	family	COI-5P	655	1527	Braconidae	BGENL1114-24_r_1_s_50	Bracon parvicornis	0
0	0	data/BGE00179_MGE-BGE_r1_1.3_1.5_s50_100.fasta	None	Braconidae	BLAST	family	COI-5P	655	1527	Braconidae	BGENL1114-24_r_1_s_100	Bracon parvicornis	0
0	0	data/BGE00179_MGE-BGE_r1_1.3_1.5_s50_100.fasta	None	Braconidae	BLAST	family	COI-5P	655	1527	Braconidae	BGENL1114-24_r_1.3_s_50	Bracon parvicornis	0
0	0	data/BGE00179_MGE-BGE_r1_1.3_1.5_s50_100.fasta	None	Braconidae	BLAST	family	COI-5P	655	1527	Braconidae	BGENL1114-24_r_1.3_s_100	Bracon parvicornis	0
0	0	data/BGE00179_MGE-BGE_r1_1.3_1.5_s50_100.fasta	None	Braconidae	BLAST	family	COI-5P	655	1494	Braconidae	BGENL1114-24_r_1.5_s_50	Bracon parvicornis	0
0	0	data/BGE00179_MGE-BGE_r1_1.3_1.5_s50_100.fasta	None	Braconidae	BLAST	family	COI-5P	655	1494	Braconidae	BGENL1114-24_r_1.5_s_100	Bracon parvicornis	0
11	30	data/BGE00179_MGE-BGE_r1_1.3_1.5_s50_100.fasta	None	Braconidae	BLAST	family	COI-5P	639	1494	Braconidae	BGENL1115-24_r_1_s_50	Bracon parvicornis	0
0	37	data/BGE00179_MGE-BGE_r1_1.3_1.5_s50_100.fasta	None	Braconidae	BLAST	family	COI-5P	561	1338	Braconidae	BGENL1115-24_r_1_s_100	Bracon parvicornis	0
1	18	data/BGE00179_MGE-BGE_r1_1.3_1.5_s50_100.fasta	None	Braconidae	BLAST	family	COI-5P	594	1329	Braconidae	BGENL1115-24_r_1.3_s_50	Bracon parvicornis	0
0	16	data/BGE00179_MGE-BGE_r1_1.3_1.5_s50_100.fasta	None	Braconidae	BLAST	family	COI-5P	549	1137	Braconidae	BGENL1115-24_r_1.3_s_100	Bracon parvicornis	0
6	21	data/BGE00179_MGE-BGE_r1_1.3_1.5_s50_100.fasta	None	Braconidae	BLAST	family	COI-5P	414	1092	Culicidae,Braconidae,Ichneumonidae,Lycaenidae	BGENL1115-24_r_1.5_s_50	Bracon parvicornis	0
10	22	data/BGE00179_MGE-BGE_r1_1.3_1.5_s50_100.fasta	None	Braconidae	BLAST	family	COI-5P	333	801	Braconidae,Ichneumonidae,Lycaenidae	BGENL1115-24_r_1.5_s_100	Bracon parvicornis	0
0	3	data/BGE00179_MGE-BGE_r1_1.3_1.5_s50_100.fasta	None	Braconidae	BLAST	family	COI-5P	293	1125		BGENL1116-24_r_1_s_50	Bracon parvicornis	0
4	4	data/BGE00179_MGE-BGE_r1_1.3_1.5_s50_100.fasta	None	Braconidae	BLAST	family	COI-5P	426	1068		BGENL1116-24_r_1_s_100	Bracon parvicornis	0
0	0	data/BGE00179_MGE-BGE_r1_1.3_1.5_s50_100.fasta	None	Braconidae	BLAST	family	COI-5P	125	717		BGENL1116-24_r_1.3_s_50	Bracon parvicornis	0
0	0	data/BGE00179_MGE-BGE_r1_1.3_1.5_s50_100.fasta	None	Braconidae	BLAST	family	COI-5P	123	570		BGENL1116-24_r_1.3_s_100	Bracon parvicornis	0
0	0	data/BGE00179_MGE-BGE_r1_1.3_1.5_s50_100.fasta	None	Braconidae	BLAST	family	COI-5P	128	402	Braconidae	BGENL1116-24_r_1.5_s_50	Bracon parvicornis	0
0	0	data/BGE00179_MGE-BGE_r1_1.3_1.5_s50_100.fasta	None	Braconidae	BLAST	family	COI-5P	127	246	Braconidae	BGENL1116-24_r_1.5_s_100	Bracon parvicornis	0
0	0	data/BGE00179_MGE-BGE_r1_1.3_1.5_s50_100.fasta	None	Braconidae	BLAST	family	COI-5P	491	1185	Kalotermitidae	BGENL1117-24_r_1_s_50	Bracon parvulus	0
0	1	data/BGE00179_MGE-BGE_r1_1.3_1.5_s50_100.fasta	None	Braconidae	BLAST	family	COI-5P	216	1023	Kalotermitidae	BGENL1117-24_r_1_s_100	Bracon parvulus	0
0	17	data/BGE00179_MGE-BGE_r1_1.3_1.5_s50_100.fasta	None	Braconidae	BLAST	family	COI-5P	247	726	Kalotermitidae	BGENL1117-24_r_1.3_s_50	Bracon parvulus	0
0	25	data/BGE00179_MGE-BGE_r1_1.3_1.5_s50_100.fasta	None	Braconidae	BLAST	family	COI-5P	216	648	Kalotermitidae	BGENL1117-24_r_1.3_s_100	Bracon parvulus	0
0	6	data/BGE00179_MGE-BGE_r1_1.3_1.5_s50_100.fasta	None	Braconidae	BLAST	family	COI-5P	165	429	Miridae,Issidae,Scirtidae,Chrysomelidae,Stenopsychidae	BGENL1117-24_r_1.5_s_50	Bracon parvulus	0
0	0	data/BGE00179_MGE-BGE_r1_1.3_1.5_s50_100.fasta	None	Braconidae	BLAST	family	COI-5P	164	390	Miridae,Issidae,Scirtidae,Chrysomelidae,Stenopsychidae	BGENL1117-24_r_1.5_s_100	Bracon parvulus	0
9	15	data/BGE00179_MGE-BGE_r1_1.3_1.5_s50_100.fasta	None	Braconidae	BLAST	family	COI-5P	561	1353	Braconidae	BGENL1118-24_r_1_s_50	Bracon parvulus	0
0	17	data/BGE00179_MGE-BGE_r1_1.3_1.5_s50_100.fasta	None	Braconidae	BLAST	family	COI-5P	546	1413	Braconidae	BGENL1118-24_r_1_s_100	Bracon parvulus	0
1	1	data/BGE00179_MGE-BGE_r1_1.3_1.5_s50_100.fasta	None	Braconidae	BLAST	family	COI-5P	562	1428	Braconidae	BGENL1118-24_r_1.3_s_50	Bracon parvulus	0
0	0	data/BGE00179_MGE-BGE_r1_1.3_1.5_s50_100.fasta	None	Braconidae	BLAST	family	COI-5P	547	1413	Braconidae	BGENL1118-24_r_1.3_s_100	Bracon parvulus	0
0	0	data/BGE00179_MGE-BGE_r1_1.3_1.5_s50_100.fasta	None	Braconidae	BLAST	family	COI-5P	547	1275	Braconidae	BGENL1118-24_r_1.5_s_50	Bracon parvulus	0
0	0	data/BGE00179_MGE-BGE_r1_1.3_1.5_s50_100.fasta	None	Braconidae	BLAST	family	COI-5P	547	1275	Braconidae	BGENL1118-24_r_1.5_s_100	Bracon parvulus	0
0	0	data/BGE00179_MGE-BGE_r1_1.3_1.5_s50_100.fasta	None	Braconidae	BLAST	family	COI-5P	657	1536	Braconidae	BGENL1119-24_r_1_s_50	Bracon praecox	0
0	0	data/BGE00179_MGE-BGE_r1_1.3_1.5_s50_100.fasta	None	Braconidae	BLAST	family	COI-5P	657	1536	Braconidae	BGENL1119-24_r_1_s_100	Bracon praecox	0
0	0	data/BGE00179_MGE-BGE_r1_1.3_1.5_s50_100.fasta	None	Braconidae	BLAST	family	COI-5P	657	1518	Braconidae	BGENL1119-24_r_1.3_s_50	Bracon praecox	0
0	0	data/BGE00179_MGE-BGE_r1_1.3_1.5_s50_100.fasta	None	Braconidae	BLAST	family	COI-5P	657	1518	Braconidae	BGENL1119-24_r_1.3_s_100	Bracon praecox	0
0	0	data/BGE00179_MGE-BGE_r1_1.3_1.5_s50_100.fasta	None	Braconidae	BLAST	family	COI-5P	582	1377	Braconidae	BGENL1119-24_r_1.5_s_50	Bracon praecox	0
0	0	data/BGE00179_MGE-BGE_r1_1.3_1.5_s50_100.fasta	None	Braconidae	BLAST	family	COI-5P	525	1287	Braconidae	BGENL1119-24_r_1.5_s_100	Bracon praecox	0
0	0	data/BGE00179_MGE-BGE_r1_1.3_1.5_s50_100.fasta	None	Braconidae	BLAST	family	COI-5P	657	1536	Braconidae	BGENL1120-24_r_1_s_50	Bracon praecox	0
0	0	data/BGE00179_MGE-BGE_r1_1.3_1.5_s50_100.fasta	None	Braconidae	BLAST	family	COI-5P	657	1536	Braconidae	BGENL1120-24_r_1_s_100	Bracon praecox	0
0	0	data/BGE00179_MGE-BGE_r1_1.3_1.5_s50_100.fasta	None	Braconidae	BLAST	family	COI-5P	657	1536	Braconidae	BGENL1120-24_r_1.3_s_50	Bracon praecox	0
0	0	data/BGE00179_MGE-BGE_r1_1.3_1.5_s50_100.fasta	None	Braconidae	BLAST	family	COI-5P	657	1536	Braconidae	BGENL1120-24_r_1.3_s_100	Bracon praecox	0
0	0	data/BGE00179_MGE-BGE_r1_1.3_1.5_s50_100.fasta	None	Braconidae	BLAST	family	COI-5P	657	1500	Braconidae	BGENL1120-24_r_1.5_s_50	Bracon praecox	0
0	0	data/BGE00179_MGE-BGE_r1_1.3_1.5_s50_100.fasta	None	Braconidae	BLAST	family	COI-5P	657	1500	Braconidae	BGENL1120-24_r_1.5_s_100	Bracon praecox	0
0	2	data/BGE00179_MGE-BGE_r1_1.3_1.5_s50_100.fasta	None	Braconidae	BLAST	family	COI-5P	314	1182		BGENL1121-24_r_1_s_50	Bracon praecox	0
0	1	data/BGE00179_MGE-BGE_r1_1.3_1.5_s50_100.fasta	None	Braconidae	BLAST	family	COI-5P	314	1107		BGENL1121-24_r_1_s_100	Bracon praecox	0
0	1	data/BGE00179_MGE-BGE_r1_1.3_1.5_s50_100.fasta	None	Braconidae	BLAST	family	COI-5P	105	699		BGENL1121-24_r_1.3_s_50	Bracon praecox	0
0	0	data/BGE00179_MGE-BGE_r1_1.3_1.5_s50_100.fasta	None	Braconidae	BLAST	family	COI-5P	103	549		BGENL1121-24_r_1.3_s_100	Bracon praecox	0
0	0	data/BGE00179_MGE-BGE_r1_1.3_1.5_s50_100.fasta	None	Braconidae	BLAST	family	COI-5P	36	147		BGENL1121-24_r_1.5_s_50	Bracon praecox	0
0	0	data/BGE00179_MGE-BGE_r1_1.3_1.5_s50_100.fasta	None	Braconidae	BLAST	family	COI-5P	33	108		BGENL1121-24_r_1.5_s_100	Bracon praecox	0
24	46	data/BGE00179_MGE-BGE_r1_1.3_1.5_s50_100.fasta	None	Braconidae	BLAST	family	COI-5P	656	1527	Braconidae	BGENL1122-24_r_1_s_50	Bracon romani	0
17	18	data/BGE00179_MGE-BGE_r1_1.3_1.5_s50_100.fasta	None	Braconidae	BLAST	family	COI-5P	656	1527	Braconidae	BGENL1122-24_r_1_s_100	Bracon romani	0
0	3	data/BGE00179_MGE-BGE_r1_1.3_1.5_s50_100.fasta	None	Braconidae	BLAST	family	COI-5P	657	1527	Braconidae	BGENL1122-24_r_1.3_s_50	Bracon romani	0
0	0	data/BGE00179_MGE-BGE_r1_1.3_1.5_s50_100.fasta	None	Braconidae	BLAST	family	COI-5P	657	1527	Braconidae	BGENL1122-24_r_1.3_s_100	Bracon romani	0
0	0	data/BGE00179_MGE-BGE_r1_1.3_1.5_s50_100.fasta	None	Braconidae	BLAST	family	COI-5P	555	1374	Braconidae	BGENL1122-24_r_1.5_s_50	Bracon romani	0
0	0	data/BGE00179_MGE-BGE_r1_1.3_1.5_s50_100.fasta	None	Braconidae	BLAST	family	COI-5P	528	1347	Braconidae	BGENL1122-24_r_1.5_s_100	Bracon romani	0
0	0	data/BGE00179_MGE-BGE_r1_1.3_1.5_s50_100.fasta	None	Braconidae	BLAST	family	COI-5P	655	1527	Braconidae	BGENL1123-24_r_1_s_50	Bracon romani	0
0	0	data/BGE00179_MGE-BGE_r1_1.3_1.5_s50_100.fasta	None	Braconidae	BLAST	family	COI-5P	655	1527	Braconidae	BGENL1123-24_r_1_s_100	Bracon romani	0
0	0	data/BGE00179_MGE-BGE_r1_1.3_1.5_s50_100.fasta	None	Braconidae	BLAST	family	COI-5P	655	1527	Braconidae	BGENL1123-24_r_1.3_s_50	Bracon romani	0
0	0	data/BGE00179_MGE-BGE_r1_1.3_1.5_s50_100.fasta	None	Braconidae	BLAST	family	COI-5P	655	1527	Braconidae	BGENL1123-24_r_1.3_s_100	Bracon romani	0
0	0	data/BGE00179_MGE-BGE_r1_1.3_1.5_s50_100.fasta	None	Braconidae	BLAST	family	COI-5P	655	1521	Braconidae	BGENL1123-24_r_1.5_s_50	Bracon romani	0
0	0	data/BGE00179_MGE-BGE_r1_1.3_1.5_s50_100.fasta	None	Braconidae	BLAST	family	COI-5P	655	1521	Braconidae	BGENL1123-24_r_1.5_s_100	Bracon romani	0
0	0	data/BGE00179_MGE-BGE_r1_1.3_1.5_s50_100.fasta	None	Braconidae	BLAST	family	COI-5P	655	1527	Braconidae	BGENL1124-24_r_1_s_50	Bracon romani	0
0	0	data/BGE00179_MGE-BGE_r1_1.3_1.5_s50_100.fasta	None	Braconidae	BLAST	family	COI-5P	655	1527	Braconidae	BGENL1124-24_r_1_s_100	Bracon romani	0
0	5	data/BGE00179_MGE-BGE_r1_1.3_1.5_s50_100.fasta	None	Braconidae	BLAST	family	COI-5P	655	1527	Braconidae	BGENL1124-24_r_1.3_s_50	Bracon romani	0
0	0	data/BGE00179_MGE-BGE_r1_1.3_1.5_s50_100.fasta	None	Braconidae	BLAST	family	COI-5P	655	1527	Braconidae	BGENL1124-24_r_1.3_s_100	Bracon romani	0
0	0	data/BGE00179_MGE-BGE_r1_1.3_1.5_s50_100.fasta	None	Braconidae	BLAST	family	COI-5P	652	1518	Braconidae	BGENL1124-24_r_1.5_s_50	Bracon romani	0
0	0	data/BGE00179_MGE-BGE_r1_1.3_1.5_s50_100.fasta	None	Braconidae	BLAST	family	COI-5P	652	1509	Braconidae	BGENL1124-24_r_1.5_s_100	Bracon romani	0
0	0	data/BGE00179_MGE-BGE_r1_1.3_1.5_s50_100.fasta	None	Braconidae	BLAST	family	COI-5P	656	1527	Braconidae	BGENL1125-24_r_1_s_50	Bracon subrugosus	0
0	0	data/BGE00179_MGE-BGE_r1_1.3_1.5_s50_100.fasta	None	Braconidae	BLAST	family	COI-5P	656	1527	Braconidae	BGENL1125-24_r_1_s_100	Bracon subrugosus	0
0	0	data/BGE00179_MGE-BGE_r1_1.3_1.5_s50_100.fasta	None	Braconidae	BLAST	family	COI-5P	656	1521	Braconidae	BGENL1125-24_r_1.3_s_50	Bracon subrugosus	0
0	0	data/BGE00179_MGE-BGE_r1_1.3_1.5_s50_100.fasta	None	Braconidae	BLAST	family	COI-5P	656	1521	Braconidae	BGENL1125-24_r_1.3_s_100	Bracon subrugosus	0
0	0	data/BGE00179_MGE-BGE_r1_1.3_1.5_s50_100.fasta	None	Braconidae	BLAST	family	COI-5P	656	1446	Braconidae	BGENL1125-24_r_1.5_s_50	Bracon subrugosus	0
0	0	data/BGE00179_MGE-BGE_r1_1.3_1.5_s50_100.fasta	None	Braconidae	BLAST	family	COI-5P	656	1446	Braconidae	BGENL1125-24_r_1.5_s_100	Bracon subrugosus	0
0	5	data/BGE00179_MGE-BGE_r1_1.3_1.5_s50_100.fasta	None	Braconidae	BLAST	family	COI-5P	637	1527	Braconidae	BGENL1126-24_r_1_s_50	Bracon subrugosus	0
0	0	data/BGE00179_MGE-BGE_r1_1.3_1.5_s50_100.fasta	None	Braconidae	BLAST	family	COI-5P	656	1527	Braconidae	BGENL1126-24_r_1_s_100	Bracon subrugosus	0
0	0	data/BGE00179_MGE-BGE_r1_1.3_1.5_s50_100.fasta	None	Braconidae	BLAST	family	COI-5P	656	1488	Braconidae	BGENL1126-24_r_1.3_s_50	Bracon subrugosus	0
0	0	data/BGE00179_MGE-BGE_r1_1.3_1.5_s50_100.fasta	None	Braconidae	BLAST	family	COI-5P	656	1458	Braconidae	BGENL1126-24_r_1.3_s_100	Bracon subrugosus	0
0	0	data/BGE00179_MGE-BGE_r1_1.3_1.5_s50_100.fasta	None	Braconidae	BLAST	family	COI-5P	644	1425	Braconidae	BGENL1126-24_r_1.5_s_50	Bracon subrugosus	0
0	0	data/BGE00179_MGE-BGE_r1_1.3_1.5_s50_100.fasta	None	Braconidae	BLAST	family	COI-5P	644	1395	Braconidae	BGENL1126-24_r_1.5_s_100	Bracon subrugosus	0
0	0	data/BGE00179_MGE-BGE_r1_1.3_1.5_s50_100.fasta	None	Braconidae	BLAST	family	COI-5P	656	1527	Braconidae	BGENL1127-24_r_1_s_50	Bracon subrugosus	0
0	0	data/BGE00179_MGE-BGE_r1_1.3_1.5_s50_100.fasta	None	Braconidae	BLAST	family	COI-5P	656	1527	Braconidae	BGENL1127-24_r_1_s_100	Bracon subrugosus	0
0	0	data/BGE00179_MGE-BGE_r1_1.3_1.5_s50_100.fasta	None	Braconidae	BLAST	family	COI-5P	656	1527	Braconidae	BGENL1127-24_r_1.3_s_50	Bracon subrugosus	0
0	0	data/BGE00179_MGE-BGE_r1_1.3_1.5_s50_100.fasta	None	Braconidae	BLAST	family	COI-5P	656	1527	Braconidae	BGENL1127-24_r_1.3_s_100	Bracon subrugosus	0
0	0	data/BGE00179_MGE-BGE_r1_1.3_1.5_s50_100.fasta	None	Braconidae	BLAST	family	COI-5P	656	1434	Braconidae	BGENL1127-24_r_1.5_s_50	Bracon subrugosus	0
0	0	data/BGE00179_MGE-BGE_r1_1.3_1.5_s50_100.fasta	None	Braconidae	BLAST	family	COI-5P	656	1434	Braconidae	BGENL1127-24_r_1.5_s_100	Bracon subrugosus	0
19	20	data/BGE00179_MGE-BGE_r1_1.3_1.5_s50_100.fasta	None	Braconidae	BLAST	family	COI-5P	313	1113		BGENL1128-24_r_1_s_50	Bracon tenuicornis	0
19	22	data/BGE00179_MGE-BGE_r1_1.3_1.5_s50_100.fasta	None	Braconidae	BLAST	family	COI-5P	208	876		BGENL1128-24_r_1_s_100	Bracon tenuicornis	0
1	1	data/BGE00179_MGE-BGE_r1_1.3_1.5_s50_100.fasta	None	Braconidae	BLAST	family	COI-5P	89	486	Potamanthidae,Halimococcidae,Curculionidae	BGENL1128-24_r_1.3_s_50	Bracon tenuicornis	0
0	0	data/BGE00179_MGE-BGE_r1_1.3_1.5_s50_100.fasta	None	Braconidae	BLAST	family	COI-5P	88	408	Rhinotermitidae,Termitidae,Calliphoridae	BGENL1128-24_r_1.3_s_100	Bracon tenuicornis	0
0	0	data/BGE00179_MGE-BGE_r1_1.3_1.5_s50_100.fasta	None	Braconidae	BLAST	family	COI-5P	88	150	Calliphoridae	BGENL1128-24_r_1.5_s_50	Bracon tenuicornis	0
0	0	data/BGE00179_MGE-BGE_r1_1.3_1.5_s50_100.fasta	None	Braconidae	BLAST	family	COI-5P	88	111	Calliphoridae	BGENL1128-24_r_1.5_s_100	Bracon tenuicornis	0
0	0	data/BGE00179_MGE-BGE_r1_1.3_1.5_s50_100.fasta	None	Braconidae	BLAST	family	COI-5P	655	1530	Braconidae	BGENL1129-24_r_1_s_50	Bracon titubans	0
0	0	data/BGE00179_MGE-BGE_r1_1.3_1.5_s50_100.fasta	None	Braconidae	BLAST	family	COI-5P	655	1530	Braconidae	BGENL1129-24_r_1_s_100	Bracon titubans	0
0	0	data/BGE00179_MGE-BGE_r1_1.3_1.5_s50_100.fasta	None	Braconidae	BLAST	family	COI-5P	655	1530	Braconidae	BGENL1129-24_r_1.3_s_50	Bracon titubans	0
0	0	data/BGE00179_MGE-BGE_r1_1.3_1.5_s50_100.fasta	None	Braconidae	BLAST	family	COI-5P	655	1530	Braconidae	BGENL1129-24_r_1.3_s_100	Bracon titubans	0
0	0	data/BGE00179_MGE-BGE_r1_1.3_1.5_s50_100.fasta	None	Braconidae	BLAST	family	COI-5P	655	1521	Braconidae	BGENL1129-24_r_1.5_s_50	Bracon titubans	0
0	0	data/BGE00179_MGE-BGE_r1_1.3_1.5_s50_100.fasta	None	Braconidae	BLAST	family	COI-5P	655	1521	Braconidae	BGENL1129-24_r_1.5_s_100	Bracon titubans	0
3	3	data/BGE00179_MGE-BGE_r1_1.3_1.5_s50_100.fasta	None	Braconidae	BLAST	family	COI-5P	538	1215	Braconidae	BGENL1130-24_r_1_s_50	Bracon trucidator	7
0	0	data/BGE00179_MGE-BGE_r1_1.3_1.5_s50_100.fasta	None	Braconidae	BLAST	family	COI-5P	429	1077	Braconidae	BGENL1130-24_r_1_s_100	Bracon trucidator	0
0	0	data/BGE00179_MGE-BGE_r1_1.3_1.5_s50_100.fasta	None	Braconidae	BLAST	family	COI-5P	476	879	Braconidae	BGENL1130-24_r_1.3_s_50	Bracon trucidator	0
0	0	data/BGE00179_MGE-BGE_r1_1.3_1.5_s50_100.fasta	None	Braconidae	BLAST	family	COI-5P	430	795	Braconidae	BGENL1130-24_r_1.3_s_100	Bracon trucidator	0
0	0	data/BGE00179_MGE-BGE_r1_1.3_1.5_s50_100.fasta	None	Braconidae	BLAST	family	COI-5P	490	789	Braconidae	BGENL1130-24_r_1.5_s_50	Bracon trucidator	0
0	0	data/BGE00179_MGE-BGE_r1_1.3_1.5_s50_100.fasta	None	Braconidae	BLAST	family	COI-5P	430	738	Braconidae	BGENL1130-24_r_1.5_s_100	Bracon trucidator	0
0	0	data/BGE00179_MGE-BGE_r1_1.3_1.5_s50_100.fasta	None	Braconidae	BLAST	family	COI-5P	654	1527	Braconidae	BGENL1131-24_r_1_s_50	Bracon trucidator	0
0	0	data/BGE00179_MGE-BGE_r1_1.3_1.5_s50_100.fasta	None	Braconidae	BLAST	family	COI-5P	655	1527	Braconidae	BGENL1131-24_r_1_s_100	Bracon trucidator	0
0	0	data/BGE00179_MGE-BGE_r1_1.3_1.5_s50_100.fasta	None	Braconidae	BLAST	family	COI-5P	655	1527	Braconidae	BGENL1131-24_r_1.3_s_50	Bracon trucidator	0
0	0	data/BGE00179_MGE-BGE_r1_1.3_1.5_s50_100.fasta	None	Braconidae	BLAST	family	COI-5P	655	1527	Braconidae	BGENL1131-24_r_1.3_s_100	Bracon trucidator	0
0	0	data/BGE00179_MGE-BGE_r1_1.3_1.5_s50_100.fasta	None	Braconidae	BLAST	family	COI-5P	610	1431	Braconidae	BGENL1131-24_r_1.5_s_50	Bracon trucidator	0
0	0	data/BGE00179_MGE-BGE_r1_1.3_1.5_s50_100.fasta	None	Braconidae	BLAST	family	COI-5P	610	1431	Braconidae	BGENL1131-24_r_1.5_s_100	Bracon trucidator	0
1	2	data/BGE00179_MGE-BGE_r1_1.3_1.5_s50_100.fasta	None	Braconidae	BLAST	family	COI-5P	655	1536	Braconidae	BGENL1132-24_r_1_s_50	Bracon trucidator	0
0	1	data/BGE00179_MGE-BGE_r1_1.3_1.5_s50_100.fasta	None	Braconidae	BLAST	family	COI-5P	655	1536	Braconidae	BGENL1132-24_r_1_s_100	Bracon trucidator	0
0	3	data/BGE00179_MGE-BGE_r1_1.3_1.5_s50_100.fasta	None	Braconidae	BLAST	family	COI-5P	655	1536	Braconidae	BGENL1132-24_r_1.3_s_50	Bracon trucidator	0
0	0	data/BGE00179_MGE-BGE_r1_1.3_1.5_s50_100.fasta	None	Braconidae	BLAST	family	COI-5P	655	1536	Braconidae	BGENL1132-24_r_1.3_s_100	Bracon trucidator	0
0	0	data/BGE00179_MGE-BGE_r1_1.3_1.5_s50_100.fasta	None	Braconidae	BLAST	family	COI-5P	655	1455	Braconidae	BGENL1132-24_r_1.5_s_50	Bracon trucidator	0
0	0	data/BGE00179_MGE-BGE_r1_1.3_1.5_s50_100.fasta	None	Braconidae	BLAST	family	COI-5P	655	1455	Braconidae	BGENL1132-24_r_1.5_s_100	Bracon trucidator	0
0	2	data/BGE00179_MGE-BGE_r1_1.3_1.5_s50_100.fasta	None	Braconidae	BLAST	family	COI-5P	655	1536	Braconidae	BGENL1133-24_r_1_s_50	Bracon urinator	0
0	0	data/BGE00179_MGE-BGE_r1_1.3_1.5_s50_100.fasta	None	Braconidae	BLAST	family	COI-5P	655	1536	Braconidae	BGENL1133-24_r_1_s_100	Bracon urinator	0
0	0	data/BGE00179_MGE-BGE_r1_1.3_1.5_s50_100.fasta	None	Braconidae	BLAST	family	COI-5P	655	1536	Braconidae	BGENL1133-24_r_1.3_s_50	Bracon urinator	0
0	0	data/BGE00179_MGE-BGE_r1_1.3_1.5_s50_100.fasta	None	Braconidae	BLAST	family	COI-5P	655	1536	Braconidae	BGENL1133-24_r_1.3_s_100	Bracon urinator	0
0	0	data/BGE00179_MGE-BGE_r1_1.3_1.5_s50_100.fasta	None	Braconidae	BLAST	family	COI-5P	643	1428	Braconidae	BGENL1133-24_r_1.5_s_50	Bracon urinator	0
0	0	data/BGE00179_MGE-BGE_r1_1.3_1.5_s50_100.fasta	None	Braconidae	BLAST	family	COI-5P	643	1428	Braconidae	BGENL1133-24_r_1.5_s_100	Bracon urinator	0
1	1	data/BGE00179_MGE-BGE_r1_1.3_1.5_s50_100.fasta	None	Braconidae	BLAST	family	COI-5P	655	1536	Braconidae	BGENL1134-24_r_1_s_50	Bracon urinator	0
0	0	data/BGE00179_MGE-BGE_r1_1.3_1.5_s50_100.fasta	None	Braconidae	BLAST	family	COI-5P	655	1536	Braconidae	BGENL1134-24_r_1_s_100	Bracon urinator	0
0	0	data/BGE00179_MGE-BGE_r1_1.3_1.5_s50_100.fasta	None	Braconidae	BLAST	family	COI-5P	655	1521	Braconidae	BGENL1134-24_r_1.3_s_50	Bracon urinator	0
0	0	data/BGE00179_MGE-BGE_r1_1.3_1.5_s50_100.fasta	None	Braconidae	BLAST	family	COI-5P	655	1503	Braconidae	BGENL1134-24_r_1.3_s_100	Bracon urinator	0
0	0	data/BGE00179_MGE-BGE_r1_1.3_1.5_s50_100.fasta	None	Braconidae	BLAST	family	COI-5P	583	1380	Braconidae	BGENL1134-24_r_1.5_s_50	Bracon urinator	0
0	0	data/BGE00179_MGE-BGE_r1_1.3_1.5_s50_100.fasta	None	Braconidae	BLAST	family	COI-5P	583	1380	Braconidae	BGENL1134-24_r_1.5_s_100	Bracon urinator	0
0	0	data/BGE00179_MGE-BGE_r1_1.3_1.5_s50_100.fasta	None	Braconidae	BLAST	family	COI-5P	655	1536	Braconidae	BGENL1135-24_r_1_s_50	Bracon urinator	0
0	0	data/BGE00179_MGE-BGE_r1_1.3_1.5_s50_100.fasta	None	Braconidae	BLAST	family	COI-5P	655	1536	Braconidae	BGENL1135-24_r_1_s_100	Bracon urinator	0
0	0	data/BGE00179_MGE-BGE_r1_1.3_1.5_s50_100.fasta	None	Braconidae	BLAST	family	COI-5P	655	1536	Braconidae	BGENL1135-24_r_1.3_s_50	Bracon urinator	0
0	0	data/BGE00179_MGE-BGE_r1_1.3_1.5_s50_100.fasta	None	Braconidae	BLAST	family	COI-5P	655	1536	Braconidae	BGENL1135-24_r_1.3_s_100	Bracon urinator	0
0	0	data/BGE00179_MGE-BGE_r1_1.3_1.5_s50_100.fasta	None	Braconidae	BLAST	family	COI-5P	655	1467	Braconidae	BGENL1135-24_r_1.5_s_50	Bracon urinator	0
0	0	data/BGE00179_MGE-BGE_r1_1.3_1.5_s50_100.fasta	None	Braconidae	BLAST	family	COI-5P	655	1467	Braconidae	BGENL1135-24_r_1.5_s_100	Bracon urinator	0
None	0	data/BGE00179_MGE-BGE_r1_1.3_1.5_s50_100.fasta	Local BLAST failed for sequence ''	Braconidae	BLAST	family	COI-5P	None	0		BGENL1136-24_r_1_s_50	Bracon variator	0
None	0	data/BGE00179_MGE-BGE_r1_1.3_1.5_s50_100.fasta	Local BLAST failed for sequence ''	Braconidae	BLAST	family	COI-5P	None	0		BGENL1136-24_r_1_s_100	Bracon variator	0
None	0	data/BGE00179_MGE-BGE_r1_1.3_1.5_s50_100.fasta	Local BLAST failed for sequence ''	Braconidae	BLAST	family	COI-5P	None	0		BGENL1136-24_r_1.3_s_50	Bracon variator	0
None	0	data/BGE00179_MGE-BGE_r1_1.3_1.5_s50_100.fasta	Local BLAST failed for sequence ''	Braconidae	BLAST	family	COI-5P	None	0		BGENL1136-24_r_1.3_s_100	Bracon variator	0
None	0	data/BGE00179_MGE-BGE_r1_1.3_1.5_s50_100.fasta	Local BLAST failed for sequence ''	Braconidae	BLAST	family	COI-5P	None	0		BGENL1136-24_r_1.5_s_50	Bracon variator	0
None	0	data/BGE00179_MGE-BGE_r1_1.3_1.5_s50_100.fasta	Local BLAST failed for sequence ''	Braconidae	BLAST	family	COI-5P	None	0		BGENL1136-24_r_1.5_s_100	Bracon variator	0
0	0	data/BGE00179_MGE-BGE_r1_1.3_1.5_s50_100.fasta	None	Braconidae	BLAST	family	COI-5P	655	1527	Braconidae	BGENL1137-24_r_1_s_50	Bracon variator	0
0	0	data/BGE00179_MGE-BGE_r1_1.3_1.5_s50_100.fasta	None	Braconidae	BLAST	family	COI-5P	655	1527	Braconidae	BGENL1137-24_r_1_s_100	Bracon variator	0
0	0	data/BGE00179_MGE-BGE_r1_1.3_1.5_s50_100.fasta	None	Braconidae	BLAST	family	COI-5P	655	1527	Braconidae	BGENL1137-24_r_1.3_s_50	Bracon variator	0
0	0	data/BGE00179_MGE-BGE_r1_1.3_1.5_s50_100.fasta	None	Braconidae	BLAST	family	COI-5P	655	1527	Braconidae	BGENL1137-24_r_1.3_s_100	Bracon variator	0
0	0	data/BGE00179_MGE-BGE_r1_1.3_1.5_s50_100.fasta	None	Braconidae	BLAST	family	COI-5P	655	1521	Braconidae	BGENL1137-24_r_1.5_s_50	Bracon variator	0
0	0	data/BGE00179_MGE-BGE_r1_1.3_1.5_s50_100.fasta	None	Braconidae	BLAST	family	COI-5P	655	1512	Braconidae	BGENL1137-24_r_1.5_s_100	Bracon variator	0
7	47	data/BGE00179_MGE-BGE_r1_1.3_1.5_s50_100.fasta	None	Braconidae	BLAST	family	COI-5P	639	1488	Braconidae	BGENL1138-24_r_1_s_50	Bracon variator	0
3	33	data/BGE00179_MGE-BGE_r1_1.3_1.5_s50_100.fasta	None	Braconidae	BLAST	family	COI-5P	636	1470	Braconidae	BGENL1138-24_r_1_s_100	Bracon variator	0
2	2	data/BGE00179_MGE-BGE_r1_1.3_1.5_s50_100.fasta	None	Braconidae	BLAST	family	COI-5P	653	1488	Braconidae	BGENL1138-24_r_1.3_s_50	Bracon variator	0
2	3	data/BGE00179_MGE-BGE_r1_1.3_1.5_s50_100.fasta	None	Braconidae	BLAST	family	COI-5P	635	1470	Braconidae	BGENL1138-24_r_1.3_s_100	Bracon variator	0
0	0	data/BGE00179_MGE-BGE_r1_1.3_1.5_s50_100.fasta	None	Braconidae	BLAST	family	COI-5P	456	1278	Braconidae	BGENL1138-24_r_1.5_s_50	Bracon variator	0
0	1	data/BGE00179_MGE-BGE_r1_1.3_1.5_s50_100.fasta	None	Braconidae	BLAST	family	COI-5P	423	1245	Braconidae	BGENL1138-24_r_1.5_s_100	Bracon variator	0
0	0	data/BGE00179_MGE-BGE_r1_1.3_1.5_s50_100.fasta	None	Braconidae	BLAST	family	COI-5P	655	1515	Braconidae	BGENL1139-24_r_1_s_50	Cenocoelius aartseni	0
0	0	data/BGE00179_MGE-BGE_r1_1.3_1.5_s50_100.fasta	None	Braconidae	BLAST	family	COI-5P	655	1515	Braconidae	BGENL1139-24_r_1_s_100	Cenocoelius aartseni	0
0	0	data/BGE00179_MGE-BGE_r1_1.3_1.5_s50_100.fasta	None	Braconidae	BLAST	family	COI-5P	655	1476	Braconidae	BGENL1139-24_r_1.3_s_50	Cenocoelius aartseni	0
0	0	data/BGE00179_MGE-BGE_r1_1.3_1.5_s50_100.fasta	None	Braconidae	BLAST	family	COI-5P	655	1425	Braconidae	BGENL1139-24_r_1.3_s_100	Cenocoelius aartseni	0
0	0	data/BGE00179_MGE-BGE_r1_1.3_1.5_s50_100.fasta	None	Braconidae	BLAST	family	COI-5P	619	1377	Braconidae	BGENL1139-24_r_1.5_s_50	Cenocoelius aartseni	0
0	0	data/BGE00179_MGE-BGE_r1_1.3_1.5_s50_100.fasta	None	Braconidae	BLAST	family	COI-5P	619	1344	Braconidae	BGENL1139-24_r_1.5_s_100	Cenocoelius aartseni	0
13	55	data/BGE00179_MGE-BGE_r1_1.3_1.5_s50_100.fasta	None	Braconidae	BLAST	family	COI-5P	655	1485	Braconidae	BGENL1140-24_r_1_s_50	Chasmodon apterus	0
0	5	data/BGE00179_MGE-BGE_r1_1.3_1.5_s50_100.fasta	None	Braconidae	BLAST	family	COI-5P	656	1470	Braconidae	BGENL1140-24_r_1_s_100	Chasmodon apterus	0
0	0	data/BGE00179_MGE-BGE_r1_1.3_1.5_s50_100.fasta	None	Braconidae	BLAST	family	COI-5P	656	1470	Braconidae	BGENL1140-24_r_1.3_s_50	Chasmodon apterus	0
0	0	data/BGE00179_MGE-BGE_r1_1.3_1.5_s50_100.fasta	None	Braconidae	BLAST	family	COI-5P	656	1470	Braconidae	BGENL1140-24_r_1.3_s_100	Chasmodon apterus	0
0	2	data/BGE00179_MGE-BGE_r1_1.3_1.5_s50_100.fasta	None	Braconidae	BLAST	family	COI-5P	572	1116	Braconidae	BGENL1140-24_r_1.5_s_50	Chasmodon apterus	1
0	0	data/BGE00179_MGE-BGE_r1_1.3_1.5_s50_100.fasta	None	Braconidae	BLAST	family	COI-5P	572	1080	Braconidae	BGENL1140-24_r_1.5_s_100	Chasmodon apterus	1
